{
  "DLSVersion": "2.1.6",
  "Name": "2-COMP DIGIT DISPLAY",
  "NameLocation": 1,
  "ChipType": 0,
  "Size": {
    "x": 2.0,
    "y": 2.5
  },
  "Colour": {
    "r": 0.326023877,
    "g": 0.204661921,
    "b": 0.73864615,
    "a": 1
  },
  "InputPins":[
    {
      "Name":"RIPPLE NEG",
      "ID":133683740,
      "Position":{
        "x":-8.0,
        "y":4.0
      },
      "BitCount":1,
      "Colour":0,
      "ValueDisplayMode":0
    },
    {
      "Name":"IN",
      "ID":225517067,
      "Position":{
        "x":-8.0,
        "y":2.75
      },
      "BitCount":4,
      "Colour":0,
      "ValueDisplayMode":0
    },
    {
      "Name":"RIPPLE BLANK",
      "ID":1496521749,
      "Position":{
        "x":-8.0,
        "y":-1.3125
      },
      "BitCount":1,
      "Colour":0,
      "ValueDisplayMode":0
    }
  ],
  "OutputPins":[
    {
      "Name":"RIPPLE NEG",
      "ID":1279210257,
      "Position":{
        "x":5.75,
        "y":4.6875
      },
      "BitCount":1,
      "Colour":0,
      "ValueDisplayMode":0
    },
    {
      "Name":"RIPPLE BLANK",
      "ID":1641381266,
      "Position":{
        "x":4.375,
        "y":0.125
      },
      "BitCount":1,
      "Colour":0,
      "ValueDisplayMode":0
    }
  ],
  "SubChips":[
    {
      "Name":"7-SEGMENT DRIVER",
      "ID":1899236195,
      "Label":"",
      "Position":{
        "x":-4.09,
        "y":2.75
      },
      "OutputPinColourInfo":[{"PinColour":0,"PinID":925656136},{"PinColour":0,"PinID":587642781},{"PinColour":0,"PinID":1764122046},{"PinColour":0,"PinID":1470908019},{"PinColour":0,"PinID":1778889360},{"PinColour":0,"PinID":1943556006},{"PinColour":0,"PinID":188920461}],
      "InternalData":null
    },
    {
      "Name":"8-SEGMENT",
      "ID":651761997,
      "Label":"",
      "Position":{
        "x":3.3725,
        "y":2.875
      },
      "OutputPinColourInfo":[],
      "InternalData":null
    },
    {
      "Name":"4-1BIT",
      "ID":1168615450,
      "Label":"",
      "Position":{
        "x":-6.6775,
        "y":0.375
      },
      "OutputPinColourInfo":[{"PinColour":0,"PinID":1},{"PinColour":0,"PinID":2},{"PinColour":0,"PinID":3},{"PinColour":0,"PinID":4}],
      "InternalData":null
    },
    {
      "Name":"NOT",
      "ID":1999135256,
      "Label":"",
      "Position":{
        "x":-5.265,
        "y":1.0625
      },
      "OutputPinColourInfo":[{"PinColour":0,"PinID":722248817}],
      "InternalData":null
    },
    {
      "Name":"NOT",
      "ID":668185695,
      "Label":"",
      "Position":{
        "x":-5.265,
        "y":0.5625
      },
      "OutputPinColourInfo":[{"PinColour":0,"PinID":722248817}],
      "InternalData":null
    },
    {
      "Name":"NOT",
      "ID":661682933,
      "Label":"",
      "Position":{
        "x":-5.265,
        "y":0.0625
      },
      "OutputPinColourInfo":[{"PinColour":0,"PinID":722248817}],
      "InternalData":null
    },
    {
      "Name":"NOT",
      "ID":1299581946,
      "Label":"",
      "Position":{
        "x":-5.265,
        "y":-0.4375
      },
      "OutputPinColourInfo":[{"PinColour":0,"PinID":722248817}],
      "InternalData":null
    },
    {
      "Name":"AND",
      "ID":1443081115,
      "Label":"",
      "Position":{
        "x":-4.0775,
        "y":0.6875
      },
      "OutputPinColourInfo":[{"PinColour":0,"PinID":1934042572}],
      "InternalData":null
    },
    {
      "Name":"AND",
      "ID":1598672985,
      "Label":"",
      "Position":{
        "x":-4.0775,
        "y":-0.0625
      },
      "OutputPinColourInfo":[{"PinColour":0,"PinID":1934042572}],
      "InternalData":null
    },
    {
      "Name":"AND",
      "ID":219561788,
      "Label":"",
      "Position":{
        "x":-3.0775,
        "y":0.25
      },
      "OutputPinColourInfo":[{"PinColour":0,"PinID":1934042572}],
      "InternalData":null
    },
    {
      "Name":"AND",
      "ID":2082172408,
      "Label":"",
      "Position":{
        "x":-1.9525,
        "y":0.125
      },
      "OutputPinColourInfo":[{"PinColour":0,"PinID":1934042572}],
      "InternalData":null
    },
    {
      "Name":"NOT",
      "ID":368392594,
      "Label":"",
      "Position":{
        "x":-0.39,
        "y":0.125
      },
      "OutputPinColourInfo":[{"PinColour":0,"PinID":722248817}],
      "InternalData":null
    },
    {
      "Name":"AND",
      "ID":1607724938,
      "Label":"",
      "Position":{
        "x":0.9225,
        "y":4.5625
      },
      "OutputPinColourInfo":[{"PinColour":0,"PinID":1934042572}],
      "InternalData":null
    },
    {
      "Name":"AND",
      "ID":1907651751,
      "Label":"",
      "Position":{
        "x":0.9225,
        "y":3.9375
      },
      "OutputPinColourInfo":[{"PinColour":0,"PinID":1934042572}],
      "InternalData":null
    },
    {
      "Name":"AND",
      "ID":1066364091,
      "Label":"",
      "Position":{
        "x":0.9225,
        "y":3.3125
      },
      "OutputPinColourInfo":[{"PinColour":0,"PinID":1934042572}],
      "InternalData":null
    },
    {
      "Name":"AND",
      "ID":1099895895,
      "Label":"",
      "Position":{
        "x":0.9225,
        "y":2.6875
      },
      "OutputPinColourInfo":[{"PinColour":0,"PinID":1934042572}],
      "InternalData":null
    },
    {
      "Name":"AND",
      "ID":1341426533,
      "Label":"",
      "Position":{
        "x":0.9225,
        "y":2.0625
      },
      "OutputPinColourInfo":[{"PinColour":0,"PinID":1934042572}],
      "InternalData":null
    },
    {
      "Name":"AND",
      "ID":395266527,
      "Label":"",
      "Position":{
        "x":0.9225,
        "y":1.4375
      },
      "OutputPinColourInfo":[{"PinColour":0,"PinID":1934042572}],
      "InternalData":null
    },
    {
      "Name":"AND",
      "ID":89571064,
      "Label":"",
      "Position":{
        "x":0.9225,
        "y":0.8125
      },
      "OutputPinColourInfo":[{"PinColour":0,"PinID":1934042572}],
      "InternalData":null
    },
    {
      "Name":"AND",
      "ID":639599635,
      "Label":"",
      "Position":{
        "x":0.9225,
        "y":0.1875
      },
      "OutputPinColourInfo":[{"PinColour":0,"PinID":1934042572}],
      "InternalData":null
    },
    {
      "Name":"NOT",
      "ID":190856169,
      "Label":"",
      "Position":{
        "x":2.735,
        "y":4.5625
      },
      "OutputPinColourInfo":[{"PinColour":0,"PinID":722248817}],
      "InternalData":null
    },
    {
      "Name":"AND",
      "ID":1809054307,
      "Label":"",
      "Position":{
        "x":4.0475,
        "y":4.6875
      },
      "OutputPinColourInfo":[{"PinColour":0,"PinID":1934042572}],
      "InternalData":null
    }
  ],
  "Wires":[
    {
      "SourcePinAddress":{
        "PinID":0,
        "PinOwnerID":225517067
      },
      "TargetPinAddress":{
        "PinID":1884352247,
        "PinOwnerID":1899236195
      },
      "ConnectionType":0,
      "ConnectedWireIndex":-1,
      "ConnectedWireSegmentIndex":-1,
      "Points":[{"x":0.0,"y":0.0},{"x":0.0,"y":0.0}]
    },
    {
      "SourcePinAddress":{
        "PinID":0,
        "PinOwnerID":225517067
      },
      "TargetPinAddress":{
        "PinID":0,
        "PinOwnerID":1168615450
      },
      "ConnectionType":0,
      "ConnectedWireIndex":-1,
      "ConnectedWireSegmentIndex":-1,
      "Points":[{"x":0.0,"y":0.0},{"x":-7.25,"y":1.9375},{"x":0.0,"y":0.0}]
    },
    {
      "SourcePinAddress":{
        "PinID":1,
        "PinOwnerID":1168615450
      },
      "TargetPinAddress":{
        "PinID":71014366,
        "PinOwnerID":1999135256
      },
      "ConnectionType":0,
      "ConnectedWireIndex":-1,
      "ConnectedWireSegmentIndex":-1,
      "Points":[{"x":0.0,"y":0.0},{"x":0.0,"y":0.0}]
    },
    {
      "SourcePinAddress":{
        "PinID":2,
        "PinOwnerID":1168615450
      },
      "TargetPinAddress":{
        "PinID":71014366,
        "PinOwnerID":668185695
      },
      "ConnectionType":0,
      "ConnectedWireIndex":-1,
      "ConnectedWireSegmentIndex":-1,
      "Points":[{"x":0.0,"y":0.0},{"x":0.0,"y":0.0}]
    },
    {
      "SourcePinAddress":{
        "PinID":3,
        "PinOwnerID":1168615450
      },
      "TargetPinAddress":{
        "PinID":71014366,
        "PinOwnerID":661682933
      },
      "ConnectionType":0,
      "ConnectedWireIndex":-1,
      "ConnectedWireSegmentIndex":-1,
      "Points":[{"x":0.0,"y":0.0},{"x":0.0,"y":0.0}]
    },
    {
      "SourcePinAddress":{
        "PinID":4,
        "PinOwnerID":1168615450
      },
      "TargetPinAddress":{
        "PinID":71014366,
        "PinOwnerID":1299581946
      },
      "ConnectionType":0,
      "ConnectedWireIndex":-1,
      "ConnectedWireSegmentIndex":-1,
      "Points":[{"x":0.0,"y":0.0},{"x":0.0,"y":0.0}]
    },
    {
      "SourcePinAddress":{
        "PinID":722248817,
        "PinOwnerID":668185695
      },
      "TargetPinAddress":{
        "PinID":1522459734,
        "PinOwnerID":1443081115
      },
      "ConnectionType":0,
      "ConnectedWireIndex":-1,
      "ConnectedWireSegmentIndex":-1,
      "Points":[{"x":0.0,"y":0.0},{"x":0.0,"y":0.0}]
    },
    {
      "SourcePinAddress":{
        "PinID":722248817,
        "PinOwnerID":1999135256
      },
      "TargetPinAddress":{
        "PinID":818357688,
        "PinOwnerID":1443081115
      },
      "ConnectionType":0,
      "ConnectedWireIndex":-1,
      "ConnectedWireSegmentIndex":-1,
      "Points":[{"x":0.0,"y":0.0},{"x":-4.5625,"y":1.0625},{"x":-4.5625,"y":0.8125},{"x":0.0,"y":0.0}]
    },
    {
      "SourcePinAddress":{
        "PinID":722248817,
        "PinOwnerID":661682933
      },
      "TargetPinAddress":{
        "PinID":818357688,
        "PinOwnerID":1598672985
      },
      "ConnectionType":0,
      "ConnectedWireIndex":-1,
      "ConnectedWireSegmentIndex":-1,
      "Points":[{"x":0.0,"y":0.0},{"x":0.0,"y":0.0}]
    },
    {
      "SourcePinAddress":{
        "PinID":722248817,
        "PinOwnerID":1299581946
      },
      "TargetPinAddress":{
        "PinID":1522459734,
        "PinOwnerID":1598672985
      },
      "ConnectionType":0,
      "ConnectedWireIndex":-1,
      "ConnectedWireSegmentIndex":-1,
      "Points":[{"x":0.0,"y":0.0},{"x":-4.625,"y":-0.4375},{"x":-4.625,"y":-0.1875},{"x":0.0,"y":0.0}]
    },
    {
      "SourcePinAddress":{
        "PinID":1934042572,
        "PinOwnerID":1443081115
      },
      "TargetPinAddress":{
        "PinID":818357688,
        "PinOwnerID":219561788
      },
      "ConnectionType":0,
      "ConnectedWireIndex":-1,
      "ConnectedWireSegmentIndex":-1,
      "Points":[{"x":0.0,"y":0.0},{"x":-3.5625,"y":0.6875},{"x":-3.5625,"y":0.375},{"x":0.0,"y":0.0}]
    },
    {
      "SourcePinAddress":{
        "PinID":1934042572,
        "PinOwnerID":1598672985
      },
      "TargetPinAddress":{
        "PinID":1522459734,
        "PinOwnerID":219561788
      },
      "ConnectionType":0,
      "ConnectedWireIndex":-1,
      "ConnectedWireSegmentIndex":-1,
      "Points":[{"x":0.0,"y":0.0},{"x":-3.5625,"y":-0.0625},{"x":-3.5625,"y":0.125},{"x":0.0,"y":0.0}]
    },
    {
      "SourcePinAddress":{
        "PinID":1934042572,
        "PinOwnerID":219561788
      },
      "TargetPinAddress":{
        "PinID":818357688,
        "PinOwnerID":2082172408
      },
      "ConnectionType":0,
      "ConnectedWireIndex":-1,
      "ConnectedWireSegmentIndex":-1,
      "Points":[{"x":0.0,"y":0.0},{"x":0.0,"y":0.0}]
    },
    {
      "SourcePinAddress":{
        "PinID":0,
        "PinOwnerID":1496521749
      },
      "TargetPinAddress":{
        "PinID":1522459734,
        "PinOwnerID":2082172408
      },
      "ConnectionType":0,
      "ConnectedWireIndex":-1,
      "ConnectedWireSegmentIndex":-1,
      "Points":[{"x":0.0,"y":0.0},{"x":-2.5,"y":-1.3125},{"x":-2.5,"y":0.0},{"x":0.0,"y":0.0}]
    },
    {
      "SourcePinAddress":{
        "PinID":1934042572,
        "PinOwnerID":2082172408
      },
      "TargetPinAddress":{
        "PinID":71014366,
        "PinOwnerID":368392594
      },
      "ConnectionType":0,
      "ConnectedWireIndex":-1,
      "ConnectedWireSegmentIndex":-1,
      "Points":[{"x":0.0,"y":0.0},{"x":0.0,"y":0.0}]
    },
    {
      "SourcePinAddress":{
        "PinID":1934042572,
        "PinOwnerID":2082172408
      },
      "TargetPinAddress":{
        "PinID":0,
        "PinOwnerID":1641381266
      },
      "ConnectionType":1,
      "ConnectedWireIndex":14,
      "ConnectedWireSegmentIndex":0,
      "Points":[{"x":-1.25,"y":0.125},{"x":-1.25,"y":-0.1875},{"x":2.9375,"y":-0.1875},{"x":2.9375,"y":0.125},{"x":0.0,"y":0.0}]
    },
    {
      "SourcePinAddress":{
        "PinID":1934042572,
        "PinOwnerID":1607724938
      },
      "TargetPinAddress":{
        "PinID":346144328,
        "PinOwnerID":651761997
      },
      "ConnectionType":0,
      "ConnectedWireIndex":-1,
      "ConnectedWireSegmentIndex":-1,
      "Points":[{"x":0.0,"y":0.0},{"x":0.0,"y":0.0}]
    },
    {
      "SourcePinAddress":{
        "PinID":1934042572,
        "PinOwnerID":1907651751
      },
      "TargetPinAddress":{
        "PinID":981242915,
        "PinOwnerID":651761997
      },
      "ConnectionType":0,
      "ConnectedWireIndex":-1,
      "ConnectedWireSegmentIndex":-1,
      "Points":[{"x":0.0,"y":0.0},{"x":0.0,"y":0.0}]
    },
    {
      "SourcePinAddress":{
        "PinID":1934042572,
        "PinOwnerID":1066364091
      },
      "TargetPinAddress":{
        "PinID":762246103,
        "PinOwnerID":651761997
      },
      "ConnectionType":0,
      "ConnectedWireIndex":-1,
      "ConnectedWireSegmentIndex":-1,
      "Points":[{"x":0.0,"y":0.0},{"x":0.0,"y":0.0}]
    },
    {
      "SourcePinAddress":{
        "PinID":1934042572,
        "PinOwnerID":1099895895
      },
      "TargetPinAddress":{
        "PinID":1160559050,
        "PinOwnerID":651761997
      },
      "ConnectionType":0,
      "ConnectedWireIndex":-1,
      "ConnectedWireSegmentIndex":-1,
      "Points":[{"x":0.0,"y":0.0},{"x":0.0,"y":0.0}]
    },
    {
      "SourcePinAddress":{
        "PinID":1934042572,
        "PinOwnerID":1341426533
      },
      "TargetPinAddress":{
        "PinID":813087445,
        "PinOwnerID":651761997
      },
      "ConnectionType":0,
      "ConnectedWireIndex":-1,
      "ConnectedWireSegmentIndex":-1,
      "Points":[{"x":0.0,"y":0.0},{"x":0.0,"y":0.0}]
    },
    {
      "SourcePinAddress":{
        "PinID":1934042572,
        "PinOwnerID":395266527
      },
      "TargetPinAddress":{
        "PinID":370468663,
        "PinOwnerID":651761997
      },
      "ConnectionType":0,
      "ConnectedWireIndex":-1,
      "ConnectedWireSegmentIndex":-1,
      "Points":[{"x":0.0,"y":0.0},{"x":0.0,"y":0.0}]
    },
    {
      "SourcePinAddress":{
        "PinID":1934042572,
        "PinOwnerID":89571064
      },
      "TargetPinAddress":{
        "PinID":1900231218,
        "PinOwnerID":651761997
      },
      "ConnectionType":0,
      "ConnectedWireIndex":-1,
      "ConnectedWireSegmentIndex":-1,
      "Points":[{"x":0.0,"y":0.0},{"x":0.0,"y":0.0}]
    },
    {
      "SourcePinAddress":{
        "PinID":1934042572,
        "PinOwnerID":639599635
      },
      "TargetPinAddress":{
        "PinID":508410401,
        "PinOwnerID":651761997
      },
      "ConnectionType":0,
      "ConnectedWireIndex":-1,
      "ConnectedWireSegmentIndex":-1,
      "Points":[{"x":0.0,"y":0.0},{"x":0.0,"y":0.0}]
    },
    {
      "SourcePinAddress":{
        "PinID":925656136,
        "PinOwnerID":1899236195
      },
      "TargetPinAddress":{
        "PinID":818357688,
        "PinOwnerID":1907651751
      },
      "ConnectionType":0,
      "ConnectedWireIndex":-1,
      "ConnectedWireSegmentIndex":-1,
      "Points":[{"x":0.0,"y":0.0},{"x":0.0,"y":0.0}]
    },
    {
      "SourcePinAddress":{
        "PinID":587642781,
        "PinOwnerID":1899236195
      },
      "TargetPinAddress":{
        "PinID":818357688,
        "PinOwnerID":1066364091
      },
      "ConnectionType":0,
      "ConnectedWireIndex":-1,
      "ConnectedWireSegmentIndex":-1,
      "Points":[{"x":0.0,"y":0.0},{"x":0.0,"y":0.0}]
    },
    {
      "SourcePinAddress":{
        "PinID":1764122046,
        "PinOwnerID":1899236195
      },
      "TargetPinAddress":{
        "PinID":818357688,
        "PinOwnerID":1099895895
      },
      "ConnectionType":0,
      "ConnectedWireIndex":-1,
      "ConnectedWireSegmentIndex":-1,
      "Points":[{"x":0.0,"y":0.0},{"x":0.0,"y":0.0}]
    },
    {
      "SourcePinAddress":{
        "PinID":1470908019,
        "PinOwnerID":1899236195
      },
      "TargetPinAddress":{
        "PinID":818357688,
        "PinOwnerID":1341426533
      },
      "ConnectionType":0,
      "ConnectedWireIndex":-1,
      "ConnectedWireSegmentIndex":-1,
      "Points":[{"x":0.0,"y":0.0},{"x":0.0,"y":0.0}]
    },
    {
      "SourcePinAddress":{
        "PinID":1778889360,
        "PinOwnerID":1899236195
      },
      "TargetPinAddress":{
        "PinID":818357688,
        "PinOwnerID":395266527
      },
      "ConnectionType":0,
      "ConnectedWireIndex":-1,
      "ConnectedWireSegmentIndex":-1,
      "Points":[{"x":0.0,"y":0.0},{"x":0.0,"y":0.0}]
    },
    {
      "SourcePinAddress":{
        "PinID":1943556006,
        "PinOwnerID":1899236195
      },
      "TargetPinAddress":{
        "PinID":818357688,
        "PinOwnerID":89571064
      },
      "ConnectionType":0,
      "ConnectedWireIndex":-1,
      "ConnectedWireSegmentIndex":-1,
      "Points":[{"x":0.0,"y":0.0},{"x":0.0,"y":0.0}]
    },
    {
      "SourcePinAddress":{
        "PinID":188920461,
        "PinOwnerID":1899236195
      },
      "TargetPinAddress":{
        "PinID":818357688,
        "PinOwnerID":639599635
      },
      "ConnectionType":0,
      "ConnectedWireIndex":-1,
      "ConnectedWireSegmentIndex":-1,
      "Points":[{"x":0.0,"y":0.0},{"x":0.0,"y":0.0}]
    },
    {
      "SourcePinAddress":{
        "PinID":722248817,
        "PinOwnerID":368392594
      },
      "TargetPinAddress":{
        "PinID":1522459734,
        "PinOwnerID":639599635
      },
      "ConnectionType":0,
      "ConnectedWireIndex":-1,
      "ConnectedWireSegmentIndex":-1,
      "Points":[{"x":0.0,"y":0.0},{"x":0.3125,"y":0.125},{"x":0.3125,"y":0.0625},{"x":0.0,"y":0.0}]
    },
    {
      "SourcePinAddress":{
        "PinID":722248817,
        "PinOwnerID":368392594
      },
      "TargetPinAddress":{
        "PinID":1522459734,
        "PinOwnerID":1607724938
      },
      "ConnectionType":1,
      "ConnectedWireIndex":31,
      "ConnectedWireSegmentIndex":2,
      "Points":[{"x":0.375,"y":0.0625},{"x":0.375,"y":4.4375},{"x":0.0,"y":0.0}]
    },
    {
      "SourcePinAddress":{
        "PinID":0,
        "PinOwnerID":133683740
      },
      "TargetPinAddress":{
        "PinID":818357688,
        "PinOwnerID":1607724938
      },
      "ConnectionType":0,
      "ConnectedWireIndex":-1,
      "ConnectedWireSegmentIndex":-1,
      "Points":[{"x":0.0,"y":0.0},{"x":-5.875,"y":4.0},{"x":-5.875,"y":4.6875},{"x":0.0,"y":0.0}]
    },
    {
      "SourcePinAddress":{
        "PinID":722248817,
        "PinOwnerID":368392594
      },
      "TargetPinAddress":{
        "PinID":1522459734,
        "PinOwnerID":1907651751
      },
      "ConnectionType":1,
      "ConnectedWireIndex":32,
      "ConnectedWireSegmentIndex":0,
      "Points":[{"x":0.375,"y":3.8125},{"x":0.0,"y":0.0}]
    },
    {
      "SourcePinAddress":{
        "PinID":722248817,
        "PinOwnerID":368392594
      },
      "TargetPinAddress":{
        "PinID":1522459734,
        "PinOwnerID":1066364091
      },
      "ConnectionType":1,
      "ConnectedWireIndex":32,
      "ConnectedWireSegmentIndex":0,
      "Points":[{"x":0.375,"y":3.1875},{"x":0.0,"y":0.0}]
    },
    {
      "SourcePinAddress":{
        "PinID":722248817,
        "PinOwnerID":368392594
      },
      "TargetPinAddress":{
        "PinID":1522459734,
        "PinOwnerID":1099895895
      },
      "ConnectionType":1,
      "ConnectedWireIndex":32,
      "ConnectedWireSegmentIndex":0,
      "Points":[{"x":0.375,"y":2.5625},{"x":0.0,"y":0.0}]
    },
    {
      "SourcePinAddress":{
        "PinID":722248817,
        "PinOwnerID":368392594
      },
      "TargetPinAddress":{
        "PinID":1522459734,
        "PinOwnerID":1341426533
      },
      "ConnectionType":1,
      "ConnectedWireIndex":32,
      "ConnectedWireSegmentIndex":0,
      "Points":[{"x":0.375,"y":1.9375},{"x":0.0,"y":0.0}]
    },
    {
      "SourcePinAddress":{
        "PinID":722248817,
        "PinOwnerID":368392594
      },
      "TargetPinAddress":{
        "PinID":1522459734,
        "PinOwnerID":395266527
      },
      "ConnectionType":1,
      "ConnectedWireIndex":32,
      "ConnectedWireSegmentIndex":0,
      "Points":[{"x":0.375,"y":1.3125},{"x":0.0,"y":0.0}]
    },
    {
      "SourcePinAddress":{
        "PinID":722248817,
        "PinOwnerID":368392594
      },
      "TargetPinAddress":{
        "PinID":1522459734,
        "PinOwnerID":89571064
      },
      "ConnectionType":1,
      "ConnectedWireIndex":32,
      "ConnectedWireSegmentIndex":0,
      "Points":[{"x":0.375,"y":0.6875},{"x":0.0,"y":0.0}]
    },
    {
      "SourcePinAddress":{
        "PinID":1934042572,
        "PinOwnerID":1607724938
      },
      "TargetPinAddress":{
        "PinID":71014366,
        "PinOwnerID":190856169
      },
      "ConnectionType":0,
      "ConnectedWireIndex":-1,
      "ConnectedWireSegmentIndex":-1,
      "Points":[{"x":0.0,"y":0.0},{"x":0.0,"y":0.0}]
    },
    {
      "SourcePinAddress":{
        "PinID":722248817,
        "PinOwnerID":190856169
      },
      "TargetPinAddress":{
        "PinID":1522459734,
        "PinOwnerID":1809054307
      },
      "ConnectionType":0,
      "ConnectedWireIndex":-1,
      "ConnectedWireSegmentIndex":-1,
      "Points":[{"x":0.0,"y":0.0},{"x":0.0,"y":0.0}]
    },
    {
      "SourcePinAddress":{
        "PinID":0,
        "PinOwnerID":133683740
      },
      "TargetPinAddress":{
        "PinID":818357688,
        "PinOwnerID":1809054307
      },
      "ConnectionType":1,
      "ConnectedWireIndex":33,
      "ConnectedWireSegmentIndex":2,
      "Points":[{"x":0.25,"y":4.6875},{"x":0.25,"y":5.125},{"x":3.625,"y":5.125},{"x":3.625,"y":4.8125},{"x":0.0,"y":0.0}]
    },
    {
      "SourcePinAddress":{
        "PinID":1934042572,
        "PinOwnerID":1809054307
      },
      "TargetPinAddress":{
        "PinID":0,
        "PinOwnerID":1279210257
      },
      "ConnectionType":0,
      "ConnectedWireIndex":-1,
      "ConnectedWireSegmentIndex":-1,
      "Points":[{"x":0.0,"y":0.0},{"x":0.0,"y":0.0}]
    }
  ],
  "Displays":[
    {
      "SubChipID":651761997,
      "Position":{
        "x":-0.03125,
        "y":-0.3125
      },
      "Scale":1.0
    }
  ]
}