{
  "DLSVersion": "2.1.6",
  "Name": "4-BIT ADDER",
  "NameLocation": 0,
  "ChipType": 0,
  "Size": {
    "x": 1.025,
    "y": 1.0
  },
  "Colour": {
    "r": 0.208681837,
    "g": 0.7112804,
    "b": 0.03690687,
    "a": 1
  },
  "InputPins":[
    {
      "Name":"IN A",
      "ID":932868993,
      "Position":{
        "x":-9.875,
        "y":1.8125
      },
      "BitCount":4,
      "Colour":0,
      "ValueDisplayMode":0
    },
    {
      "Name":"IN B",
      "ID":1510848574,
      "Position":{
        "x":-9.875,
        "y":0.0625
      },
      "BitCount":4,
      "Colour":0,
      "ValueDisplayMode":0
    },
    {
      "Name":"CARRY",
      "ID":767098531,
      "Position":{
        "x":-9.75,
        "y":-3.5
      },
      "BitCount":1,
      "Colour":0,
      "ValueDisplayMode":0
    }
  ],
  "OutputPins":[
    {
      "Name":"SUM",
      "ID":921799949,
      "Position":{
        "x":4.125,
        "y":1.375
      },
      "BitCount":4,
      "Colour":0,
      "ValueDisplayMode":0
    },
    {
      "Name":"CARRY",
      "ID":1545428429,
      "Position":{
        "x":4.0,
        "y":-0.5
      },
      "BitCount":1,
      "Colour":0,
      "ValueDisplayMode":0
    }
  ],
  "SubChips":[
    {
      "Name":"ADDER",
      "ID":2069666282,
      "Label":"",
      "Position":{
        "x":-5.9275,
        "y":-3.25
      },
      "OutputPinColourInfo":[{"PinColour":0,"PinID":1988018228},{"PinColour":0,"PinID":553602940}],
      "InternalData":null
    },
    {
      "Name":"ADDER",
      "ID":563408906,
      "Label":"",
      "Position":{
        "x":-3.4275,
        "y":-2.4375
      },
      "OutputPinColourInfo":[{"PinColour":0,"PinID":1988018228},{"PinColour":0,"PinID":553602940}],
      "InternalData":null
    },
    {
      "Name":"ADDER",
      "ID":813493172,
      "Label":"",
      "Position":{
        "x":-1.3025,
        "y":-1.5
      },
      "OutputPinColourInfo":[{"PinColour":0,"PinID":1988018228},{"PinColour":0,"PinID":553602940}],
      "InternalData":null
    },
    {
      "Name":"ADDER",
      "ID":1648864734,
      "Label":"",
      "Position":{
        "x":0.4475,
        "y":-0.25
      },
      "OutputPinColourInfo":[{"PinColour":0,"PinID":1988018228},{"PinColour":0,"PinID":553602940}],
      "InternalData":null
    },
    {
      "Name":"4-1BIT",
      "ID":467314245,
      "Label":"",
      "Position":{
        "x":-8.3025,
        "y":0.0625
      },
      "OutputPinColourInfo":[{"PinColour":0,"PinID":1},{"PinColour":0,"PinID":2},{"PinColour":0,"PinID":3},{"PinColour":0,"PinID":4}],
      "InternalData":null
    },
    {
      "Name":"4-1BIT",
      "ID":1644345144,
      "Label":"",
      "Position":{
        "x":-8.3025,
        "y":1.8125
      },
      "OutputPinColourInfo":[{"PinColour":0,"PinID":1},{"PinColour":0,"PinID":2},{"PinColour":0,"PinID":3},{"PinColour":0,"PinID":4}],
      "InternalData":null
    },
    {
      "Name":"1-4BIT",
      "ID":1548156959,
      "Label":"",
      "Position":{
        "x":2.3225,
        "y":0.75
      },
      "OutputPinColourInfo":[{"PinColour":0,"PinID":4}],
      "InternalData":null
    }
  ],
  "Wires":[
    {
      "SourcePinAddress":{
        "PinID":0,
        "PinOwnerID":932868993
      },
      "TargetPinAddress":{
        "PinID":0,
        "PinOwnerID":1644345144
      },
      "ConnectionType":0,
      "ConnectedWireIndex":-1,
      "ConnectedWireSegmentIndex":-1,
      "Points":[{"x":0.0,"y":0.0},{"x":0.0,"y":0.0}]
    },
    {
      "SourcePinAddress":{
        "PinID":0,
        "PinOwnerID":1510848574
      },
      "TargetPinAddress":{
        "PinID":0,
        "PinOwnerID":467314245
      },
      "ConnectionType":0,
      "ConnectedWireIndex":-1,
      "ConnectedWireSegmentIndex":-1,
      "Points":[{"x":0.0,"y":0.0},{"x":0.0,"y":0.0}]
    },
    {
      "SourcePinAddress":{
        "PinID":0,
        "PinOwnerID":767098531
      },
      "TargetPinAddress":{
        "PinID":1212098406,
        "PinOwnerID":2069666282
      },
      "ConnectionType":0,
      "ConnectedWireIndex":-1,
      "ConnectedWireSegmentIndex":-1,
      "Points":[{"x":0.0,"y":0.0},{"x":0.0,"y":0.0}]
    },
    {
      "SourcePinAddress":{
        "PinID":4,
        "PinOwnerID":467314245
      },
      "TargetPinAddress":{
        "PinID":1684424209,
        "PinOwnerID":2069666282
      },
      "ConnectionType":0,
      "ConnectedWireIndex":-1,
      "ConnectedWireSegmentIndex":-1,
      "Points":[{"x":0.0,"y":0.0},{"x":-7.5625,"y":-0.3125},{"x":-7.5625,"y":-3.25},{"x":0.0,"y":0.0}]
    },
    {
      "SourcePinAddress":{
        "PinID":4,
        "PinOwnerID":1644345144
      },
      "TargetPinAddress":{
        "PinID":1774090392,
        "PinOwnerID":2069666282
      },
      "ConnectionType":0,
      "ConnectedWireIndex":-1,
      "ConnectedWireSegmentIndex":-1,
      "Points":[{"x":0.0,"y":0.0},{"x":-7.5,"y":1.4375},{"x":-7.5,"y":-3.0},{"x":0.0,"y":0.0}]
    },
    {
      "SourcePinAddress":{
        "PinID":3,
        "PinOwnerID":467314245
      },
      "TargetPinAddress":{
        "PinID":1684424209,
        "PinOwnerID":563408906
      },
      "ConnectionType":0,
      "ConnectedWireIndex":-1,
      "ConnectedWireSegmentIndex":-1,
      "Points":[{"x":0.0,"y":0.0},{"x":-6.9375,"y":-0.0625},{"x":-6.9375,"y":-2.5625},{"x":-4.25,"y":-2.5625},{"x":-4.25,"y":-2.4375},{"x":0.0,"y":0.0}]
    },
    {
      "SourcePinAddress":{
        "PinID":553602940,
        "PinOwnerID":2069666282
      },
      "TargetPinAddress":{
        "PinID":1212098406,
        "PinOwnerID":563408906
      },
      "ConnectionType":0,
      "ConnectedWireIndex":-1,
      "ConnectedWireSegmentIndex":-1,
      "Points":[{"x":0.0,"y":0.0},{"x":-4.375,"y":-3.5},{"x":-4.375,"y":-2.6875},{"x":0.0,"y":0.0}]
    },
    {
      "SourcePinAddress":{
        "PinID":3,
        "PinOwnerID":1644345144
      },
      "TargetPinAddress":{
        "PinID":1774090392,
        "PinOwnerID":563408906
      },
      "ConnectionType":0,
      "ConnectedWireIndex":-1,
      "ConnectedWireSegmentIndex":-1,
      "Points":[{"x":0.0,"y":0.0},{"x":-6.75,"y":1.6875},{"x":-6.75,"y":-2.1875},{"x":0.0,"y":0.0}]
    },
    {
      "SourcePinAddress":{
        "PinID":553602940,
        "PinOwnerID":563408906
      },
      "TargetPinAddress":{
        "PinID":1212098406,
        "PinOwnerID":813493172
      },
      "ConnectionType":0,
      "ConnectedWireIndex":-1,
      "ConnectedWireSegmentIndex":-1,
      "Points":[{"x":0.0,"y":0.0},{"x":-2.125,"y":-2.6875},{"x":-2.125,"y":-1.75},{"x":0.0,"y":0.0}]
    },
    {
      "SourcePinAddress":{
        "PinID":553602940,
        "PinOwnerID":813493172
      },
      "TargetPinAddress":{
        "PinID":1212098406,
        "PinOwnerID":1648864734
      },
      "ConnectionType":0,
      "ConnectedWireIndex":-1,
      "ConnectedWireSegmentIndex":-1,
      "Points":[{"x":0.0,"y":0.0},{"x":-0.1875,"y":-1.75},{"x":-0.1875,"y":-0.5},{"x":0.0,"y":0.0}]
    },
    {
      "SourcePinAddress":{
        "PinID":2,
        "PinOwnerID":467314245
      },
      "TargetPinAddress":{
        "PinID":1684424209,
        "PinOwnerID":813493172
      },
      "ConnectionType":0,
      "ConnectedWireIndex":-1,
      "ConnectedWireSegmentIndex":-1,
      "Points":[{"x":0.0,"y":0.0},{"x":-2.4375,"y":0.1875},{"x":-2.4375,"y":-1.5},{"x":0.0,"y":0.0}]
    },
    {
      "SourcePinAddress":{
        "PinID":2,
        "PinOwnerID":1644345144
      },
      "TargetPinAddress":{
        "PinID":1774090392,
        "PinOwnerID":813493172
      },
      "ConnectionType":0,
      "ConnectedWireIndex":-1,
      "ConnectedWireSegmentIndex":-1,
      "Points":[{"x":0.0,"y":0.0},{"x":-2.0,"y":1.9375},{"x":-2.0,"y":-1.25},{"x":0.0,"y":0.0}]
    },
    {
      "SourcePinAddress":{
        "PinID":1,
        "PinOwnerID":1644345144
      },
      "TargetPinAddress":{
        "PinID":1774090392,
        "PinOwnerID":1648864734
      },
      "ConnectionType":0,
      "ConnectedWireIndex":-1,
      "ConnectedWireSegmentIndex":-1,
      "Points":[{"x":0.0,"y":0.0},{"x":-0.8125,"y":2.1875},{"x":-0.8125,"y":0.0},{"x":0.0,"y":0.0}]
    },
    {
      "SourcePinAddress":{
        "PinID":1,
        "PinOwnerID":467314245
      },
      "TargetPinAddress":{
        "PinID":1684424209,
        "PinOwnerID":1648864734
      },
      "ConnectionType":0,
      "ConnectedWireIndex":-1,
      "ConnectedWireSegmentIndex":-1,
      "Points":[{"x":0.0,"y":0.0},{"x":-1.3125,"y":0.4375},{"x":-1.3125,"y":-0.25},{"x":0.0,"y":0.0}]
    },
    {
      "SourcePinAddress":{
        "PinID":553602940,
        "PinOwnerID":1648864734
      },
      "TargetPinAddress":{
        "PinID":0,
        "PinOwnerID":1545428429
      },
      "ConnectionType":0,
      "ConnectedWireIndex":-1,
      "ConnectedWireSegmentIndex":-1,
      "Points":[{"x":0.0,"y":0.0},{"x":0.0,"y":0.0}]
    },
    {
      "SourcePinAddress":{
        "PinID":4,
        "PinOwnerID":1548156959
      },
      "TargetPinAddress":{
        "PinID":0,
        "PinOwnerID":921799949
      },
      "ConnectionType":0,
      "ConnectedWireIndex":-1,
      "ConnectedWireSegmentIndex":-1,
      "Points":[{"x":0.0,"y":0.0},{"x":3.0625,"y":0.75},{"x":3.0625,"y":1.375},{"x":0.0,"y":0.0}]
    },
    {
      "SourcePinAddress":{
        "PinID":1988018228,
        "PinOwnerID":2069666282
      },
      "TargetPinAddress":{
        "PinID":3,
        "PinOwnerID":1548156959
      },
      "ConnectionType":0,
      "ConnectedWireIndex":-1,
      "ConnectedWireSegmentIndex":-1,
      "Points":[{"x":0.0,"y":0.0},{"x":1.5625,"y":-3.0},{"x":1.5625,"y":0.375},{"x":0.0,"y":0.0}]
    },
    {
      "SourcePinAddress":{
        "PinID":1988018228,
        "PinOwnerID":563408906
      },
      "TargetPinAddress":{
        "PinID":2,
        "PinOwnerID":1548156959
      },
      "ConnectionType":0,
      "ConnectedWireIndex":-1,
      "ConnectedWireSegmentIndex":-1,
      "Points":[{"x":0.0,"y":0.0},{"x":1.4375,"y":-2.1875},{"x":1.4375,"y":0.625},{"x":0.0,"y":0.0}]
    },
    {
      "SourcePinAddress":{
        "PinID":1988018228,
        "PinOwnerID":813493172
      },
      "TargetPinAddress":{
        "PinID":1,
        "PinOwnerID":1548156959
      },
      "ConnectionType":0,
      "ConnectedWireIndex":-1,
      "ConnectedWireSegmentIndex":-1,
      "Points":[{"x":0.0,"y":0.0},{"x":1.3125,"y":-1.25},{"x":1.3125,"y":0.875},{"x":0.0,"y":0.0}]
    },
    {
      "SourcePinAddress":{
        "PinID":1988018228,
        "PinOwnerID":1648864734
      },
      "TargetPinAddress":{
        "PinID":0,
        "PinOwnerID":1548156959
      },
      "ConnectionType":0,
      "ConnectedWireIndex":-1,
      "ConnectedWireSegmentIndex":-1,
      "Points":[{"x":0.0,"y":0.0},{"x":1.1875,"y":0.0},{"x":1.1875,"y":1.125},{"x":0.0,"y":0.0}]
    }
  ],
  "Displays":[]
}