{
  "DLSVersion": "2.1.6",
  "Name": "64-Train",
  "NameLocation": 0,
  "ChipType": 0,
  "Size": {
    "x": 1.325,
    "y": 1.25
  },
  "Colour": {
    "r": 0.237142384,
    "g": 0.07006085,
    "b": 0.2586041,
    "a": 1
  },
  "InputPins":[
    {
      "Name":"IN",
      "ID":1926550341,
      "Position":{
        "x":-5.625,
        "y":-1.8125
      },
      "BitCount":8,
      "Colour":0,
      "ValueDisplayMode":0
    },
    {
      "Name":"IN",
      "ID":469636132,
      "Position":{
        "x":-5.625,
        "y":-2.75
      },
      "BitCount":1,
      "Colour":0,
      "ValueDisplayMode":0
    },
    {
      "Name":"IN",
      "ID":1756750505,
      "Position":{
        "x":-5.625,
        "y":-3.25
      },
      "BitCount":1,
      "Colour":0,
      "ValueDisplayMode":0
    },
    {
      "Name":"IN",
      "ID":392800299,
      "Position":{
        "x":-5.625,
        "y":-3.75
      },
      "BitCount":1,
      "Colour":0,
      "ValueDisplayMode":0
    }
  ],
  "OutputPins":[
    {
      "Name":"OUT",
      "ID":624936714,
      "Position":{
        "x":1.25,
        "y":-3.9375
      },
      "BitCount":8,
      "Colour":0,
      "ValueDisplayMode":0
    }
  ],
  "SubChips":[
    {
      "Name":"MEMORY TRAIN",
      "ID":40240897,
      "Label":"",
      "Position":{
        "x":-2.44,
        "y":-1.375
      },
      "OutputPinColourInfo":[{"PinColour":0,"PinID":1648492696}],
      "InternalData":null
    },
    {
      "Name":"MEMORY TRAIN",
      "ID":1444289813,
      "Label":"",
      "Position":{
        "x":-2.44,
        "y":-2.75
      },
      "OutputPinColourInfo":[{"PinColour":0,"PinID":1648492696}],
      "InternalData":null
    },
    {
      "Name":"MEMORY TRAIN",
      "ID":1833802268,
      "Label":"",
      "Position":{
        "x":-2.44,
        "y":-4.125
      },
      "OutputPinColourInfo":[{"PinColour":0,"PinID":1648492696}],
      "InternalData":null
    },
    {
      "Name":"MEMORY TRAIN",
      "ID":35950071,
      "Label":"",
      "Position":{
        "x":-2.44,
        "y":-5.5
      },
      "OutputPinColourInfo":[{"PinColour":0,"PinID":1648492696}],
      "InternalData":null
    }
  ],
  "Wires":[
    {
      "SourcePinAddress":{
        "PinID":1648492696,
        "PinOwnerID":40240897
      },
      "TargetPinAddress":{
        "PinID":851090239,
        "PinOwnerID":1444289813
      },
      "ConnectionType":0,
      "ConnectedWireIndex":-1,
      "ConnectedWireSegmentIndex":-1,
      "Points":[{"x":0.0,"y":0.0},{"x":0.0,"y":0.0}]
    },
    {
      "SourcePinAddress":{
        "PinID":1648492696,
        "PinOwnerID":1444289813
      },
      "TargetPinAddress":{
        "PinID":851090239,
        "PinOwnerID":1833802268
      },
      "ConnectionType":0,
      "ConnectedWireIndex":-1,
      "ConnectedWireSegmentIndex":-1,
      "Points":[{"x":0.0,"y":0.0},{"x":0.0,"y":0.0}]
    },
    {
      "SourcePinAddress":{
        "PinID":1648492696,
        "PinOwnerID":1833802268
      },
      "TargetPinAddress":{
        "PinID":851090239,
        "PinOwnerID":35950071
      },
      "ConnectionType":0,
      "ConnectedWireIndex":-1,
      "ConnectedWireSegmentIndex":-1,
      "Points":[{"x":0.0,"y":0.0},{"x":0.0,"y":0.0}]
    },
    {
      "SourcePinAddress":{
        "PinID":1648492696,
        "PinOwnerID":35950071
      },
      "TargetPinAddress":{
        "PinID":0,
        "PinOwnerID":624936714
      },
      "ConnectionType":0,
      "ConnectedWireIndex":-1,
      "ConnectedWireSegmentIndex":-1,
      "Points":[{"x":0.0,"y":0.0},{"x":0.0,"y":0.0}]
    },
    {
      "SourcePinAddress":{
        "PinID":0,
        "PinOwnerID":392800299
      },
      "TargetPinAddress":{
        "PinID":1157200749,
        "PinOwnerID":40240897
      },
      "ConnectionType":0,
      "ConnectedWireIndex":-1,
      "ConnectedWireSegmentIndex":-1,
      "Points":[{"x":0.0,"y":0.0},{"x":0.0,"y":0.0}]
    },
    {
      "SourcePinAddress":{
        "PinID":0,
        "PinOwnerID":392800299
      },
      "TargetPinAddress":{
        "PinID":1157200749,
        "PinOwnerID":1444289813
      },
      "ConnectionType":0,
      "ConnectedWireIndex":-1,
      "ConnectedWireSegmentIndex":-1,
      "Points":[{"x":0.0,"y":0.0},{"x":0.0,"y":0.0}]
    },
    {
      "SourcePinAddress":{
        "PinID":0,
        "PinOwnerID":392800299
      },
      "TargetPinAddress":{
        "PinID":1157200749,
        "PinOwnerID":1833802268
      },
      "ConnectionType":0,
      "ConnectedWireIndex":-1,
      "ConnectedWireSegmentIndex":-1,
      "Points":[{"x":0.0,"y":0.0},{"x":0.0,"y":0.0}]
    },
    {
      "SourcePinAddress":{
        "PinID":0,
        "PinOwnerID":392800299
      },
      "TargetPinAddress":{
        "PinID":1157200749,
        "PinOwnerID":35950071
      },
      "ConnectionType":0,
      "ConnectedWireIndex":-1,
      "ConnectedWireSegmentIndex":-1,
      "Points":[{"x":0.0,"y":0.0},{"x":0.0,"y":0.0}]
    },
    {
      "SourcePinAddress":{
        "PinID":0,
        "PinOwnerID":469636132
      },
      "TargetPinAddress":{
        "PinID":1017979140,
        "PinOwnerID":40240897
      },
      "ConnectionType":0,
      "ConnectedWireIndex":-1,
      "ConnectedWireSegmentIndex":-1,
      "Points":[{"x":0.0,"y":0.0},{"x":0.0,"y":0.0}]
    },
    {
      "SourcePinAddress":{
        "PinID":0,
        "PinOwnerID":469636132
      },
      "TargetPinAddress":{
        "PinID":209625719,
        "PinOwnerID":40240897
      },
      "ConnectionType":0,
      "ConnectedWireIndex":-1,
      "ConnectedWireSegmentIndex":-1,
      "Points":[{"x":0.0,"y":0.0},{"x":0.0,"y":0.0}]
    },
    {
      "SourcePinAddress":{
        "PinID":0,
        "PinOwnerID":469636132
      },
      "TargetPinAddress":{
        "PinID":1017979140,
        "PinOwnerID":1444289813
      },
      "ConnectionType":0,
      "ConnectedWireIndex":-1,
      "ConnectedWireSegmentIndex":-1,
      "Points":[{"x":0.0,"y":0.0},{"x":0.0,"y":0.0}]
    },
    {
      "SourcePinAddress":{
        "PinID":0,
        "PinOwnerID":469636132
      },
      "TargetPinAddress":{
        "PinID":209625719,
        "PinOwnerID":1444289813
      },
      "ConnectionType":0,
      "ConnectedWireIndex":-1,
      "ConnectedWireSegmentIndex":-1,
      "Points":[{"x":0.0,"y":0.0},{"x":0.0,"y":0.0}]
    },
    {
      "SourcePinAddress":{
        "PinID":0,
        "PinOwnerID":1756750505
      },
      "TargetPinAddress":{
        "PinID":209625719,
        "PinOwnerID":35950071
      },
      "ConnectionType":0,
      "ConnectedWireIndex":-1,
      "ConnectedWireSegmentIndex":-1,
      "Points":[{"x":0.0,"y":0.0},{"x":0.0,"y":0.0}]
    },
    {
      "SourcePinAddress":{
        "PinID":0,
        "PinOwnerID":469636132
      },
      "TargetPinAddress":{
        "PinID":1017979140,
        "PinOwnerID":1833802268
      },
      "ConnectionType":0,
      "ConnectedWireIndex":-1,
      "ConnectedWireSegmentIndex":-1,
      "Points":[{"x":0.0,"y":0.0},{"x":0.0,"y":0.0}]
    },
    {
      "SourcePinAddress":{
        "PinID":0,
        "PinOwnerID":469636132
      },
      "TargetPinAddress":{
        "PinID":209625719,
        "PinOwnerID":1833802268
      },
      "ConnectionType":0,
      "ConnectedWireIndex":-1,
      "ConnectedWireSegmentIndex":-1,
      "Points":[{"x":0.0,"y":0.0},{"x":0.0,"y":0.0}]
    },
    {
      "SourcePinAddress":{
        "PinID":0,
        "PinOwnerID":469636132
      },
      "TargetPinAddress":{
        "PinID":1017979140,
        "PinOwnerID":35950071
      },
      "ConnectionType":0,
      "ConnectedWireIndex":-1,
      "ConnectedWireSegmentIndex":-1,
      "Points":[{"x":0.0,"y":0.0},{"x":0.0,"y":0.0}]
    },
    {
      "SourcePinAddress":{
        "PinID":0,
        "PinOwnerID":1926550341
      },
      "TargetPinAddress":{
        "PinID":851090239,
        "PinOwnerID":40240897
      },
      "ConnectionType":0,
      "ConnectedWireIndex":-1,
      "ConnectedWireSegmentIndex":-1,
      "Points":[{"x":0.0,"y":0.0},{"x":0.0,"y":0.0}]
    }
  ],
  "Displays": null
}