{
  "DLSVersion": "2.1.6",
  "Name": "7-SEGMENT DRIVER",
  "NameLocation": 0,
  "ChipType": 0,
  "Size": {
    "x": 1.55,
    "y": 1.75
  },
  "Colour": {
    "r": 0.9443087,
    "g": 0.117690451,
    "b": 0.0224773753,
    "a": 1
  },
  "InputPins":[
    {
      "Name":"IN",
      "ID":1884352247,
      "Position":{
        "x":-8.5,
        "y":1.0625
      },
      "BitCount":4,
      "Colour":0,
      "ValueDisplayMode":0
    }
  ],
  "OutputPins":[
    {
      "Name":"A",
      "ID":925656136,
      "Position":{
        "x":4.875,
        "y":2.6875
      },
      "BitCount":1,
      "Colour":0,
      "ValueDisplayMode":0
    },
    {
      "Name":"B",
      "ID":587642781,
      "Position":{
        "x":4.875,
        "y":2.1875
      },
      "BitCount":1,
      "Colour":0,
      "ValueDisplayMode":0
    },
    {
      "Name":"C",
      "ID":1764122046,
      "Position":{
        "x":4.875,
        "y":1.6875
      },
      "BitCount":1,
      "Colour":0,
      "ValueDisplayMode":0
    },
    {
      "Name":"D",
      "ID":1470908019,
      "Position":{
        "x":4.875,
        "y":1.1875
      },
      "BitCount":1,
      "Colour":0,
      "ValueDisplayMode":0
    },
    {
      "Name":"E",
      "ID":1778889360,
      "Position":{
        "x":4.875,
        "y":0.6875
      },
      "BitCount":1,
      "Colour":0,
      "ValueDisplayMode":0
    },
    {
      "Name":"OUT",
      "ID":1943556006,
      "Position":{
        "x":4.875,
        "y":0.1875
      },
      "BitCount":1,
      "Colour":0,
      "ValueDisplayMode":0
    },
    {
      "Name":"OUT",
      "ID":188920461,
      "Position":{
        "x":4.875,
        "y":-0.3125
      },
      "BitCount":1,
      "Colour":0,
      "ValueDisplayMode":0
    }
  ],
  "SubChips":[
    {
      "Name":"4-1BIT",
      "ID":1292594108,
      "Label":"",
      "Position":{
        "x":-5.8025,
        "y":1.0625
      },
      "OutputPinColourInfo":[{"PinColour":0,"PinID":1},{"PinColour":0,"PinID":2},{"PinColour":0,"PinID":3},{"PinColour":0,"PinID":4}],
      "InternalData":null
    },
    {
      "Name":"XOR",
      "ID":322604201,
      "Label":"",
      "Position":{
        "x":-4.0775,
        "y":1.5625
      },
      "OutputPinColourInfo":[{"PinColour":0,"PinID":41096156}],
      "InternalData":null
    },
    {
      "Name":"NOT",
      "ID":1957612745,
      "Label":"",
      "Position":{
        "x":-4.14,
        "y":0.9375
      },
      "OutputPinColourInfo":[{"PinColour":0,"PinID":722248817}],
      "InternalData":null
    },
    {
      "Name":"NAND",
      "ID":1396415775,
      "Label":"",
      "Position":{
        "x":-2.75,
        "y":1.0625
      },
      "OutputPinColourInfo":[{"PinColour":0,"PinID":2}],
      "InternalData":null
    },
    {
      "Name":"XOR",
      "ID":424362018,
      "Label":"",
      "Position":{
        "x":-0.5775,
        "y":2.4375
      },
      "OutputPinColourInfo":[{"PinColour":0,"PinID":41096156}],
      "InternalData":null
    },
    {
      "Name":"XOR",
      "ID":1916747260,
      "Label":"",
      "Position":{
        "x":-0.5775,
        "y":0.125
      },
      "OutputPinColourInfo":[{"PinColour":0,"PinID":41096156}],
      "InternalData":null
    },
    {
      "Name":"OR",
      "ID":357701037,
      "Label":"",
      "Position":{
        "x":-0.64,
        "y":-0.5
      },
      "OutputPinColourInfo":[{"PinColour":0,"PinID":41096156}],
      "InternalData":null
    },
    {
      "Name":"OR",
      "ID":1419639086,
      "Label":"",
      "Position":{
        "x":0.61,
        "y":0.5
      },
      "OutputPinColourInfo":[{"PinColour":0,"PinID":41096156}],
      "InternalData":null
    },
    {
      "Name":"OR",
      "ID":566818329,
      "Label":"",
      "Position":{
        "x":0.61,
        "y":2.0
      },
      "OutputPinColourInfo":[{"PinColour":0,"PinID":41096156}],
      "InternalData":null
    },
    {
      "Name":"OR",
      "ID":1639607233,
      "Label":"",
      "Position":{
        "x":0.61,
        "y":3.3125
      },
      "OutputPinColourInfo":[{"PinColour":0,"PinID":41096156}],
      "InternalData":null
    },
    {
      "Name":"NAND",
      "ID":1583661619,
      "Label":"",
      "Position":{
        "x":2.5,
        "y":2.6875
      },
      "OutputPinColourInfo":[{"PinColour":0,"PinID":2}],
      "InternalData":null
    },
    {
      "Name":"OR",
      "ID":1213280865,
      "Label":"",
      "Position":{
        "x":2.485,
        "y":1.9375
      },
      "OutputPinColourInfo":[{"PinColour":0,"PinID":41096156}],
      "InternalData":null
    },
    {
      "Name":"AND",
      "ID":215763938,
      "Label":"",
      "Position":{
        "x":2.5475,
        "y":1.1875
      },
      "OutputPinColourInfo":[{"PinColour":0,"PinID":1934042572}],
      "InternalData":null
    },
    {
      "Name":"AND",
      "ID":1820234484,
      "Label":"",
      "Position":{
        "x":2.5475,
        "y":0.4375
      },
      "OutputPinColourInfo":[{"PinColour":0,"PinID":1934042572}],
      "InternalData":null
    },
    {
      "Name":"AND",
      "ID":1209998390,
      "Label":"",
      "Position":{
        "x":2.5475,
        "y":-0.3125
      },
      "OutputPinColourInfo":[{"PinColour":0,"PinID":1934042572}],
      "InternalData":null
    },
    {
      "Name":"AND",
      "ID":1640037780,
      "Label":"",
      "Position":{
        "x":2.5475,
        "y":-1.0625
      },
      "OutputPinColourInfo":[{"PinColour":0,"PinID":1934042572}],
      "InternalData":null
    }
  ],
  "Wires":[
    {
      "SourcePinAddress":{
        "PinID":0,
        "PinOwnerID":1884352247
      },
      "TargetPinAddress":{
        "PinID":0,
        "PinOwnerID":1292594108
      },
      "ConnectionType":0,
      "ConnectedWireIndex":-1,
      "ConnectedWireSegmentIndex":-1,
      "Points":[{"x":0.0,"y":0.0},{"x":0.0,"y":0.0}]
    },
    {
      "SourcePinAddress":{
        "PinID":1,
        "PinOwnerID":1292594108
      },
      "TargetPinAddress":{
        "PinID":198837197,
        "PinOwnerID":322604201
      },
      "ConnectionType":0,
      "ConnectedWireIndex":-1,
      "ConnectedWireSegmentIndex":-1,
      "Points":[{"x":0.0,"y":0.0},{"x":0.0,"y":0.0}]
    },
    {
      "SourcePinAddress":{
        "PinID":3,
        "PinOwnerID":1292594108
      },
      "TargetPinAddress":{
        "PinID":1059060280,
        "PinOwnerID":322604201
      },
      "ConnectionType":0,
      "ConnectedWireIndex":-1,
      "ConnectedWireSegmentIndex":-1,
      "Points":[{"x":0.0,"y":0.0},{"x":-4.875,"y":0.9375},{"x":-4.875,"y":1.6875},{"x":0.0,"y":0.0}]
    },
    {
      "SourcePinAddress":{
        "PinID":3,
        "PinOwnerID":1292594108
      },
      "TargetPinAddress":{
        "PinID":71014366,
        "PinOwnerID":1957612745
      },
      "ConnectionType":1,
      "ConnectedWireIndex":2,
      "ConnectedWireSegmentIndex":0,
      "Points":[{"x":-4.875,"y":0.9375},{"x":0.0,"y":0.0}]
    },
    {
      "SourcePinAddress":{
        "PinID":722248817,
        "PinOwnerID":1957612745
      },
      "TargetPinAddress":{
        "PinID":1,
        "PinOwnerID":1396415775
      },
      "ConnectionType":0,
      "ConnectedWireIndex":-1,
      "ConnectedWireSegmentIndex":-1,
      "Points":[{"x":0.0,"y":0.0},{"x":0.0,"y":0.0}]
    },
    {
      "SourcePinAddress":{
        "PinID":2,
        "PinOwnerID":1292594108
      },
      "TargetPinAddress":{
        "PinID":0,
        "PinOwnerID":1396415775
      },
      "ConnectionType":0,
      "ConnectedWireIndex":-1,
      "ConnectedWireSegmentIndex":-1,
      "Points":[{"x":0.0,"y":0.0},{"x":0.0,"y":0.0}]
    },
    {
      "SourcePinAddress":{
        "PinID":41096156,
        "PinOwnerID":322604201
      },
      "TargetPinAddress":{
        "PinID":198837197,
        "PinOwnerID":357701037
      },
      "ConnectionType":0,
      "ConnectedWireIndex":-1,
      "ConnectedWireSegmentIndex":-1,
      "Points":[{"x":0.0,"y":0.0},{"x":-3.4375,"y":1.5625},{"x":-3.4375,"y":-0.625},{"x":0.0,"y":0.0}]
    },
    {
      "SourcePinAddress":{
        "PinID":41096156,
        "PinOwnerID":322604201
      },
      "TargetPinAddress":{
        "PinID":198837197,
        "PinOwnerID":1916747260
      },
      "ConnectionType":1,
      "ConnectedWireIndex":6,
      "ConnectedWireSegmentIndex":2,
      "Points":[{"x":-1.25,"y":-0.625},{"x":-1.25,"y":0.0},{"x":0.0,"y":0.0}]
    },
    {
      "SourcePinAddress":{
        "PinID":2,
        "PinOwnerID":1292594108
      },
      "TargetPinAddress":{
        "PinID":1059060280,
        "PinOwnerID":357701037
      },
      "ConnectionType":1,
      "ConnectedWireIndex":5,
      "ConnectedWireSegmentIndex":0,
      "Points":[{"x":-3.625,"y":1.1875},{"x":-3.625,"y":1.375},{"x":-1.375,"y":1.375},{"x":-1.375,"y":-0.375},{"x":0.0,"y":0.0}]
    },
    {
      "SourcePinAddress":{
        "PinID":2,
        "PinOwnerID":1292594108
      },
      "TargetPinAddress":{
        "PinID":1059060280,
        "PinOwnerID":1916747260
      },
      "ConnectionType":1,
      "ConnectedWireIndex":8,
      "ConnectedWireSegmentIndex":2,
      "Points":[{"x":-1.375,"y":0.25},{"x":0.0,"y":0.0}]
    },
    {
      "SourcePinAddress":{
        "PinID":41096156,
        "PinOwnerID":322604201
      },
      "TargetPinAddress":{
        "PinID":1059060280,
        "PinOwnerID":1639607233
      },
      "ConnectionType":1,
      "ConnectedWireIndex":6,
      "ConnectedWireSegmentIndex":0,
      "Points":[{"x":-3.5,"y":1.5625},{"x":-3.5,"y":3.4375},{"x":0.0,"y":0.0}]
    },
    {
      "SourcePinAddress":{
        "PinID":41096156,
        "PinOwnerID":424362018
      },
      "TargetPinAddress":{
        "PinID":198837197,
        "PinOwnerID":1639607233
      },
      "ConnectionType":0,
      "ConnectedWireIndex":-1,
      "ConnectedWireSegmentIndex":-1,
      "Points":[{"x":0.0,"y":0.0},{"x":-0.0625,"y":2.4375},{"x":-0.0625,"y":3.1875},{"x":0.0,"y":0.0}]
    },
    {
      "SourcePinAddress":{
        "PinID":2,
        "PinOwnerID":1396415775
      },
      "TargetPinAddress":{
        "PinID":1059060280,
        "PinOwnerID":424362018
      },
      "ConnectionType":0,
      "ConnectedWireIndex":-1,
      "ConnectedWireSegmentIndex":-1,
      "Points":[{"x":0.0,"y":0.0},{"x":-1.75,"y":1.0625},{"x":-1.75,"y":2.5625},{"x":0.0,"y":0.0}]
    },
    {
      "SourcePinAddress":{
        "PinID":4,
        "PinOwnerID":1292594108
      },
      "TargetPinAddress":{
        "PinID":198837197,
        "PinOwnerID":424362018
      },
      "ConnectionType":0,
      "ConnectedWireIndex":-1,
      "ConnectedWireSegmentIndex":-1,
      "Points":[{"x":0.0,"y":0.0},{"x":-1.5625,"y":0.6875},{"x":-1.5625,"y":2.3125},{"x":0.0,"y":0.0}]
    },
    {
      "SourcePinAddress":{
        "PinID":41096156,
        "PinOwnerID":424362018
      },
      "TargetPinAddress":{
        "PinID":1059060280,
        "PinOwnerID":1419639086
      },
      "ConnectionType":1,
      "ConnectedWireIndex":11,
      "ConnectedWireSegmentIndex":1,
      "Points":[{"x":-0.0625,"y":2.5625},{"x":0.0,"y":2.5625},{"x":0.0,"y":0.625},{"x":0.0,"y":0.0}]
    },
    {
      "SourcePinAddress":{
        "PinID":41096156,
        "PinOwnerID":1916747260
      },
      "TargetPinAddress":{
        "PinID":198837197,
        "PinOwnerID":1419639086
      },
      "ConnectionType":0,
      "ConnectedWireIndex":-1,
      "ConnectedWireSegmentIndex":-1,
      "Points":[{"x":0.0,"y":0.0},{"x":0.125,"y":0.125},{"x":0.125,"y":0.375},{"x":0.0,"y":0.0}]
    },
    {
      "SourcePinAddress":{
        "PinID":2,
        "PinOwnerID":1292594108
      },
      "TargetPinAddress":{
        "PinID":198837197,
        "PinOwnerID":566818329
      },
      "ConnectionType":1,
      "ConnectedWireIndex":8,
      "ConnectedWireSegmentIndex":2,
      "Points":[{"x":-1.375,"y":0.8125},{"x":-0.5,"y":0.8125},{"x":-0.5,"y":1.875},{"x":0.0,"y":0.0}]
    },
    {
      "SourcePinAddress":{
        "PinID":722248817,
        "PinOwnerID":1957612745
      },
      "TargetPinAddress":{
        "PinID":1059060280,
        "PinOwnerID":566818329
      },
      "ConnectionType":0,
      "ConnectedWireIndex":-1,
      "ConnectedWireSegmentIndex":-1,
      "Points":[{"x":0.0,"y":0.0},{"x":-3.655,"y":0.0},{"x":-1.5625,"y":0.0},{"x":-1.5625,"y":0.5},{"x":-0.5625,"y":0.5},{"x":-0.5625,"y":2.125},{"x":0.0,"y":0.0}]
    },
    {
      "SourcePinAddress":{
        "PinID":41096156,
        "PinOwnerID":424362018
      },
      "TargetPinAddress":{
        "PinID":0,
        "PinOwnerID":1583661619
      },
      "ConnectionType":1,
      "ConnectedWireIndex":11,
      "ConnectedWireSegmentIndex":1,
      "Points":[{"x":-0.0625,"y":2.8125},{"x":0.0,"y":0.0}]
    },
    {
      "SourcePinAddress":{
        "PinID":2,
        "PinOwnerID":1292594108
      },
      "TargetPinAddress":{
        "PinID":1,
        "PinOwnerID":1583661619
      },
      "ConnectionType":1,
      "ConnectedWireIndex":16,
      "ConnectedWireSegmentIndex":2,
      "Points":[{"x":0.25,"y":1.875},{"x":0.25,"y":1.6875},{"x":1.125,"y":1.6875},{"x":1.125,"y":2.5625},{"x":0.0,"y":0.0}]
    },
    {
      "SourcePinAddress":{
        "PinID":41096156,
        "PinOwnerID":566818329
      },
      "TargetPinAddress":{
        "PinID":1059060280,
        "PinOwnerID":1213280865
      },
      "ConnectionType":0,
      "ConnectedWireIndex":-1,
      "ConnectedWireSegmentIndex":-1,
      "Points":[{"x":0.0,"y":0.0},{"x":1.3125,"y":2.0},{"x":1.3125,"y":2.0625},{"x":0.0,"y":0.0}]
    },
    {
      "SourcePinAddress":{
        "PinID":4,
        "PinOwnerID":1292594108
      },
      "TargetPinAddress":{
        "PinID":198837197,
        "PinOwnerID":1213280865
      },
      "ConnectionType":1,
      "ConnectedWireIndex":13,
      "ConnectedWireSegmentIndex":1,
      "Points":[{"x":-1.5625,"y":1.5625},{"x":1.5625,"y":1.5625},{"x":1.5625,"y":1.8125},{"x":2.125,"y":1.8125},{"x":0.0,"y":0.0}]
    },
    {
      "SourcePinAddress":{
        "PinID":41096156,
        "PinOwnerID":1639607233
      },
      "TargetPinAddress":{
        "PinID":818357688,
        "PinOwnerID":215763938
      },
      "ConnectionType":0,
      "ConnectedWireIndex":-1,
      "ConnectedWireSegmentIndex":-1,
      "Points":[{"x":0.0,"y":0.0},{"x":1.4375,"y":3.3125},{"x":1.4375,"y":1.3125},{"x":0.0,"y":0.0}]
    },
    {
      "SourcePinAddress":{
        "PinID":41096156,
        "PinOwnerID":1419639086
      },
      "TargetPinAddress":{
        "PinID":1522459734,
        "PinOwnerID":215763938
      },
      "ConnectionType":0,
      "ConnectedWireIndex":-1,
      "ConnectedWireSegmentIndex":-1,
      "Points":[{"x":0.0,"y":0.0},{"x":1.5625,"y":0.5},{"x":1.5625,"y":1.0625},{"x":0.0,"y":0.0}]
    },
    {
      "SourcePinAddress":{
        "PinID":41096156,
        "PinOwnerID":1419639086
      },
      "TargetPinAddress":{
        "PinID":1522459734,
        "PinOwnerID":1640037780
      },
      "ConnectionType":1,
      "ConnectedWireIndex":23,
      "ConnectedWireSegmentIndex":0,
      "Points":[{"x":1.5,"y":0.5},{"x":1.5,"y":-1.1875},{"x":0.0,"y":0.0}]
    },
    {
      "SourcePinAddress":{
        "PinID":41096156,
        "PinOwnerID":1419639086
      },
      "TargetPinAddress":{
        "PinID":1522459734,
        "PinOwnerID":1209998390
      },
      "ConnectionType":1,
      "ConnectedWireIndex":24,
      "ConnectedWireSegmentIndex":0,
      "Points":[{"x":1.5,"y":-0.4375},{"x":0.0,"y":0.0}]
    },
    {
      "SourcePinAddress":{
        "PinID":41096156,
        "PinOwnerID":566818329
      },
      "TargetPinAddress":{
        "PinID":818357688,
        "PinOwnerID":1209998390
      },
      "ConnectionType":1,
      "ConnectedWireIndex":20,
      "ConnectedWireSegmentIndex":2,
      "Points":[{"x":1.75,"y":2.0625},{"x":1.75,"y":-0.1875},{"x":0.0,"y":0.0}]
    },
    {
      "SourcePinAddress":{
        "PinID":41096156,
        "PinOwnerID":424362018
      },
      "TargetPinAddress":{
        "PinID":818357688,
        "PinOwnerID":1820234484
      },
      "ConnectionType":1,
      "ConnectedWireIndex":14,
      "ConnectedWireSegmentIndex":1,
      "Points":[{"x":0.0,"y":0.8125},{"x":1.875,"y":0.8125},{"x":1.875,"y":0.5625},{"x":0.0,"y":0.0}]
    },
    {
      "SourcePinAddress":{
        "PinID":2,
        "PinOwnerID":1396415775
      },
      "TargetPinAddress":{
        "PinID":1522459734,
        "PinOwnerID":1820234484
      },
      "ConnectionType":1,
      "ConnectedWireIndex":12,
      "ConnectedWireSegmentIndex":1,
      "Points":[{"x":-1.75,"y":1.1875},{"x":0.625,"y":1.1875},{"x":1.1875,"y":1.1875},{"x":1.1875,"y":0.3125},{"x":0.0,"y":0.0}]
    },
    {
      "SourcePinAddress":{
        "PinID":41096156,
        "PinOwnerID":357701037
      },
      "TargetPinAddress":{
        "PinID":818357688,
        "PinOwnerID":1640037780
      },
      "ConnectionType":0,
      "ConnectedWireIndex":-1,
      "ConnectedWireSegmentIndex":-1,
      "Points":[{"x":0.0,"y":0.0},{"x":0.6875,"y":-0.5},{"x":0.6875,"y":-0.9375},{"x":0.0,"y":0.0}]
    },
    {
      "SourcePinAddress":{
        "PinID":1934042572,
        "PinOwnerID":1640037780
      },
      "TargetPinAddress":{
        "PinID":0,
        "PinOwnerID":188920461
      },
      "ConnectionType":0,
      "ConnectedWireIndex":-1,
      "ConnectedWireSegmentIndex":-1,
      "Points":[{"x":0.0,"y":0.0},{"x":3.5625,"y":-1.0625},{"x":3.5625,"y":-0.3125},{"x":0.0,"y":0.0}]
    },
    {
      "SourcePinAddress":{
        "PinID":1934042572,
        "PinOwnerID":1209998390
      },
      "TargetPinAddress":{
        "PinID":0,
        "PinOwnerID":1943556006
      },
      "ConnectionType":0,
      "ConnectedWireIndex":-1,
      "ConnectedWireSegmentIndex":-1,
      "Points":[{"x":0.0,"y":0.0},{"x":3.5,"y":-0.3125},{"x":3.5,"y":0.1875},{"x":0.0,"y":0.0}]
    },
    {
      "SourcePinAddress":{
        "PinID":1934042572,
        "PinOwnerID":1820234484
      },
      "TargetPinAddress":{
        "PinID":0,
        "PinOwnerID":1778889360
      },
      "ConnectionType":0,
      "ConnectedWireIndex":-1,
      "ConnectedWireSegmentIndex":-1,
      "Points":[{"x":0.0,"y":0.0},{"x":3.3125,"y":0.4375},{"x":3.3125,"y":0.6875},{"x":0.0,"y":0.0}]
    },
    {
      "SourcePinAddress":{
        "PinID":1934042572,
        "PinOwnerID":215763938
      },
      "TargetPinAddress":{
        "PinID":0,
        "PinOwnerID":1470908019
      },
      "ConnectionType":0,
      "ConnectedWireIndex":-1,
      "ConnectedWireSegmentIndex":-1,
      "Points":[{"x":0.0,"y":0.0},{"x":0.0,"y":0.0}]
    },
    {
      "SourcePinAddress":{
        "PinID":41096156,
        "PinOwnerID":1213280865
      },
      "TargetPinAddress":{
        "PinID":0,
        "PinOwnerID":1764122046
      },
      "ConnectionType":0,
      "ConnectedWireIndex":-1,
      "ConnectedWireSegmentIndex":-1,
      "Points":[{"x":0.0,"y":0.0},{"x":3.375,"y":1.9375},{"x":3.375,"y":1.6875},{"x":0.0,"y":0.0}]
    },
    {
      "SourcePinAddress":{
        "PinID":2,
        "PinOwnerID":1583661619
      },
      "TargetPinAddress":{
        "PinID":0,
        "PinOwnerID":587642781
      },
      "ConnectionType":0,
      "ConnectedWireIndex":-1,
      "ConnectedWireSegmentIndex":-1,
      "Points":[{"x":0.0,"y":0.0},{"x":3.5,"y":2.6875},{"x":3.5,"y":2.1875},{"x":0.0,"y":0.0}]
    },
    {
      "SourcePinAddress":{
        "PinID":41096156,
        "PinOwnerID":1639607233
      },
      "TargetPinAddress":{
        "PinID":0,
        "PinOwnerID":925656136
      },
      "ConnectionType":0,
      "ConnectedWireIndex":-1,
      "ConnectedWireSegmentIndex":-1,
      "Points":[{"x":0.0,"y":0.0},{"x":3.875,"y":3.3125},{"x":3.875,"y":2.6875},{"x":0.0,"y":0.0}]
    }
  ],
  "Displays":[]
}