{
  "DLSVersion": "2.1.6",
  "Name": "8-SEGMENT",
  "NameLocation": 2,
  "ChipType": 0,
  "Size": {
    "x": 1.475,
    "y": 2.0
  },
  "Colour": {
    "r": 0.0,
    "g": 0.0,
    "b": 0.0,
    "a": 1
  },
  "InputPins":[
    {
      "Name":"S",
      "ID":346144328,
      "Position":{
        "x":-5.25,
        "y":0.25
      },
      "BitCount":1,
      "Colour":0,
      "ValueDisplayMode":0
    },
    {
      "Name":"A",
      "ID":981242915,
      "Position":{
        "x":-5.25,
        "y":-0.25
      },
      "BitCount":1,
      "Colour":0,
      "ValueDisplayMode":0
    },
    {
      "Name":"B",
      "ID":762246103,
      "Position":{
        "x":-5.25,
        "y":-0.75
      },
      "BitCount":1,
      "Colour":0,
      "ValueDisplayMode":0
    },
    {
      "Name":"C",
      "ID":1160559050,
      "Position":{
        "x":-5.25,
        "y":-1.25
      },
      "BitCount":1,
      "Colour":0,
      "ValueDisplayMode":0
    },
    {
      "Name":"D",
      "ID":813087445,
      "Position":{
        "x":-5.25,
        "y":-1.75
      },
      "BitCount":1,
      "Colour":0,
      "ValueDisplayMode":0
    },
    {
      "Name":"E",
      "ID":370468663,
      "Position":{
        "x":-5.25,
        "y":-2.25
      },
      "BitCount":1,
      "Colour":0,
      "ValueDisplayMode":0
    },
    {
      "Name":"F",
      "ID":1900231218,
      "Position":{
        "x":-5.25,
        "y":-2.75
      },
      "BitCount":1,
      "Colour":0,
      "ValueDisplayMode":0
    },
    {
      "Name":"G",
      "ID":508410401,
      "Position":{
        "x":-5.25,
        "y":-3.25
      },
      "BitCount":1,
      "Colour":0,
      "ValueDisplayMode":0
    }
  ],
  "OutputPins":[],
  "SubChips":[
    {
      "Name":"LED",
      "ID":91114436,
      "Label":"",
      "Position":{
        "x":-3.32544,
        "y":0.05325
      },
      "OutputPinColourInfo":[],
      "InternalData":[0]
    },
    {
      "Name":"7-SEGMENT",
      "ID":1378695383,
      "Label":"",
      "Position":{
        "x":-2.99,
        "y":-1.25
      },
      "OutputPinColourInfo":[],
      "InternalData":null
    }
  ],
  "Wires":[
    {
      "SourcePinAddress":{
        "PinID":0,
        "PinOwnerID":346144328
      },
      "TargetPinAddress":{
        "PinID":0,
        "PinOwnerID":91114436
      },
      "ConnectionType":0,
      "ConnectedWireIndex":-1,
      "ConnectedWireSegmentIndex":-1,
      "Points":[{"x":0.0,"y":0.0},{"x":-3.8125,"y":0.25},{"x":-3.8125,"y":0.0625},{"x":0.0,"y":0.0}]
    },
    {
      "SourcePinAddress":{
        "PinID":0,
        "PinOwnerID":981242915
      },
      "TargetPinAddress":{
        "PinID":0,
        "PinOwnerID":1378695383
      },
      "ConnectionType":0,
      "ConnectedWireIndex":-1,
      "ConnectedWireSegmentIndex":-1,
      "Points":[{"x":0.0,"y":0.0},{"x":-4.1875,"y":-0.25},{"x":-4.1875,"y":-0.375},{"x":0.0,"y":0.0}]
    },
    {
      "SourcePinAddress":{
        "PinID":0,
        "PinOwnerID":762246103
      },
      "TargetPinAddress":{
        "PinID":1,
        "PinOwnerID":1378695383
      },
      "ConnectionType":0,
      "ConnectedWireIndex":-1,
      "ConnectedWireSegmentIndex":-1,
      "Points":[{"x":0.0,"y":0.0},{"x":-3.9375,"y":-0.75},{"x":-3.9375,"y":-0.625},{"x":-3.75,"y":-0.625},{"x":0.0,"y":0.0}]
    },
    {
      "SourcePinAddress":{
        "PinID":0,
        "PinOwnerID":1160559050
      },
      "TargetPinAddress":{
        "PinID":2,
        "PinOwnerID":1378695383
      },
      "ConnectionType":0,
      "ConnectedWireIndex":-1,
      "ConnectedWireSegmentIndex":-1,
      "Points":[{"x":0.0,"y":0.0},{"x":-3.875,"y":-1.25},{"x":-3.875,"y":-0.875},{"x":0.0,"y":0.0}]
    },
    {
      "SourcePinAddress":{
        "PinID":0,
        "PinOwnerID":813087445
      },
      "TargetPinAddress":{
        "PinID":3,
        "PinOwnerID":1378695383
      },
      "ConnectionType":0,
      "ConnectedWireIndex":-1,
      "ConnectedWireSegmentIndex":-1,
      "Points":[{"x":0.0,"y":0.0},{"x":-4.1875,"y":-1.75},{"x":-4.1875,"y":-1.125},{"x":0.0,"y":0.0}]
    },
    {
      "SourcePinAddress":{
        "PinID":0,
        "PinOwnerID":370468663
      },
      "TargetPinAddress":{
        "PinID":4,
        "PinOwnerID":1378695383
      },
      "ConnectionType":0,
      "ConnectedWireIndex":-1,
      "ConnectedWireSegmentIndex":-1,
      "Points":[{"x":0.0,"y":0.0},{"x":-4.0625,"y":-2.25},{"x":-4.0625,"y":-1.375},{"x":0.0,"y":0.0}]
    },
    {
      "SourcePinAddress":{
        "PinID":0,
        "PinOwnerID":1900231218
      },
      "TargetPinAddress":{
        "PinID":5,
        "PinOwnerID":1378695383
      },
      "ConnectionType":0,
      "ConnectedWireIndex":-1,
      "ConnectedWireSegmentIndex":-1,
      "Points":[{"x":0.0,"y":0.0},{"x":-4.0,"y":-2.75},{"x":-4.0,"y":-1.625},{"x":0.0,"y":0.0}]
    },
    {
      "SourcePinAddress":{
        "PinID":0,
        "PinOwnerID":508410401
      },
      "TargetPinAddress":{
        "PinID":6,
        "PinOwnerID":1378695383
      },
      "ConnectionType":0,
      "ConnectedWireIndex":-1,
      "ConnectedWireSegmentIndex":-1,
      "Points":[{"x":0.0,"y":0.0},{"x":-3.875,"y":-3.25},{"x":-3.875,"y":-1.875},{"x":0.0,"y":0.0}]
    }
  ],
  "Displays":[
    {
      "SubChipID":1378695383,
      "Position":{
        "x":0.1875,
        "y":0.0
      },
      "Scale":1.0
    },
    {
      "SubChipID":91114436,
      "Position":{
        "x":-0.5,
        "y":0.0
      },
      "Scale":1.33333337
    }
  ]
}