{
  "DLSVersion": "2.1.6",
  "Name": "8ADD",
  "NameLocation": 0,
  "ChipType": 0,
  "Size": {
    "x": 0.875,
    "y": 1.25
  },
  "Colour": {
    "r": 0.9306536,
    "g": 0.378438979,
    "b": 0.354985148,
    "a": 1
  },
  "InputPins":[
    {
      "Name":"A",
      "ID":520004634,
      "Position":{
        "x":-1.875,
        "y":1.5
      },
      "BitCount":8,
      "Colour":0,
      "ValueDisplayMode":0
    },
    {
      "Name":"B",
      "ID":2024689954,
      "Position":{
        "x":-1.875,
        "y":0.5
      },
      "BitCount":8,
      "Colour":0,
      "ValueDisplayMode":0
    },
    {
      "Name":"CRI",
      "ID":599892718,
      "Position":{
        "x":-1.875,
        "y":-0.6875
      },
      "BitCount":1,
      "Colour":0,
      "ValueDisplayMode":0
    }
  ],
  "OutputPins":[
    {
      "Name":"OUT",
      "ID":572187979,
      "Position":{
        "x":6.25,
        "y":1.4375
      },
      "BitCount":8,
      "Colour":0,
      "ValueDisplayMode":0
    },
    {
      "Name":"CRO",
      "ID":3129408,
      "Position":{
        "x":6.0,
        "y":0.3125
      },
      "BitCount":1,
      "Colour":0,
      "ValueDisplayMode":0
    }
  ],
  "SubChips":[
    {
      "Name":"4-BIT ADDER",
      "ID":731990905,
      "Label":"",
      "Position":{
        "x":2.2725,
        "y":1.875
      },
      "OutputPinColourInfo":[{"PinColour":0,"PinID":921799949},{"PinColour":0,"PinID":1545428429}],
      "InternalData":null
    },
    {
      "Name":"4-BIT ADDER",
      "ID":1551693324,
      "Label":"",
      "Position":{
        "x":2.2725,
        "y":0.6875
      },
      "OutputPinColourInfo":[{"PinColour":0,"PinID":921799949},{"PinColour":0,"PinID":1545428429}],
      "InternalData":null
    },
    {
      "Name":"8-4BIT",
      "ID":1806292714,
      "Label":"",
      "Position":{
        "x":0.0725,
        "y":1.5
      },
      "OutputPinColourInfo":[{"PinColour":0,"PinID":1},{"PinColour":0,"PinID":2}],
      "InternalData":null
    },
    {
      "Name":"8-4BIT",
      "ID":511155024,
      "Label":"",
      "Position":{
        "x":0.0725,
        "y":0.5
      },
      "OutputPinColourInfo":[{"PinColour":0,"PinID":1},{"PinColour":0,"PinID":2}],
      "InternalData":null
    },
    {
      "Name":"4-8BIT",
      "ID":1056032805,
      "Label":"",
      "Position":{
        "x":4.1975,
        "y":1.5
      },
      "OutputPinColourInfo":[{"PinColour":0,"PinID":2}],
      "InternalData":null
    }
  ],
  "Wires":[
    {
      "SourcePinAddress":{
        "PinID":0,
        "PinOwnerID":520004634
      },
      "TargetPinAddress":{
        "PinID":0,
        "PinOwnerID":1806292714
      },
      "ConnectionType":0,
      "ConnectedWireIndex":-1,
      "ConnectedWireSegmentIndex":-1,
      "Points":[{"x":0.0,"y":0.0},{"x":0.0,"y":0.0}]
    },
    {
      "SourcePinAddress":{
        "PinID":1,
        "PinOwnerID":1806292714
      },
      "TargetPinAddress":{
        "PinID":932868993,
        "PinOwnerID":731990905
      },
      "ConnectionType":0,
      "ConnectedWireIndex":-1,
      "ConnectedWireSegmentIndex":-1,
      "Points":[{"x":0.0,"y":0.0},{"x":0.645,"y":2.1875},{"x":0.0,"y":0.0}]
    },
    {
      "SourcePinAddress":{
        "PinID":2,
        "PinOwnerID":1806292714
      },
      "TargetPinAddress":{
        "PinID":932868993,
        "PinOwnerID":1551693324
      },
      "ConnectionType":0,
      "ConnectedWireIndex":-1,
      "ConnectedWireSegmentIndex":-1,
      "Points":[{"x":0.0,"y":0.0},{"x":0.645,"y":1.125},{"x":0.0,"y":0.0}]
    },
    {
      "SourcePinAddress":{
        "PinID":0,
        "PinOwnerID":2024689954
      },
      "TargetPinAddress":{
        "PinID":0,
        "PinOwnerID":511155024
      },
      "ConnectionType":0,
      "ConnectedWireIndex":-1,
      "ConnectedWireSegmentIndex":-1,
      "Points":[{"x":0.0,"y":0.0},{"x":0.0,"y":0.0}]
    },
    {
      "SourcePinAddress":{
        "PinID":1,
        "PinOwnerID":511155024
      },
      "TargetPinAddress":{
        "PinID":1510848574,
        "PinOwnerID":731990905
      },
      "ConnectionType":0,
      "ConnectedWireIndex":-1,
      "ConnectedWireSegmentIndex":-1,
      "Points":[{"x":0.0,"y":0.0},{"x":0.9375,"y":0.6875},{"x":0.9375,"y":1.75},{"x":0.0,"y":0.0}]
    },
    {
      "SourcePinAddress":{
        "PinID":2,
        "PinOwnerID":511155024
      },
      "TargetPinAddress":{
        "PinID":1510848574,
        "PinOwnerID":1551693324
      },
      "ConnectionType":0,
      "ConnectedWireIndex":-1,
      "ConnectedWireSegmentIndex":-1,
      "Points":[{"x":0.0,"y":0.0},{"x":0.0,"y":0.0}]
    },
    {
      "SourcePinAddress":{
        "PinID":2,
        "PinOwnerID":1056032805
      },
      "TargetPinAddress":{
        "PinID":0,
        "PinOwnerID":572187979
      },
      "ConnectionType":0,
      "ConnectedWireIndex":-1,
      "ConnectedWireSegmentIndex":-1,
      "Points":[{"x":0.0,"y":0.0},{"x":0.0,"y":0.0}]
    },
    {
      "SourcePinAddress":{
        "PinID":921799949,
        "PinOwnerID":731990905
      },
      "TargetPinAddress":{
        "PinID":0,
        "PinOwnerID":1056032805
      },
      "ConnectionType":0,
      "ConnectedWireIndex":-1,
      "ConnectedWireSegmentIndex":-1,
      "Points":[{"x":0.0,"y":0.0},{"x":0.0,"y":0.0}]
    },
    {
      "SourcePinAddress":{
        "PinID":921799949,
        "PinOwnerID":1551693324
      },
      "TargetPinAddress":{
        "PinID":1,
        "PinOwnerID":1056032805
      },
      "ConnectionType":0,
      "ConnectedWireIndex":-1,
      "ConnectedWireSegmentIndex":-1,
      "Points":[{"x":0.0,"y":0.0},{"x":0.0,"y":0.0}]
    },
    {
      "SourcePinAddress":{
        "PinID":1545428429,
        "PinOwnerID":1551693324
      },
      "TargetPinAddress":{
        "PinID":767098531,
        "PinOwnerID":731990905
      },
      "ConnectionType":0,
      "ConnectedWireIndex":-1,
      "ConnectedWireSegmentIndex":-1,
      "Points":[{"x":0.0,"y":0.0},{"x":0.0,"y":0.0}]
    },
    {
      "SourcePinAddress":{
        "PinID":0,
        "PinOwnerID":599892718
      },
      "TargetPinAddress":{
        "PinID":767098531,
        "PinOwnerID":1551693324
      },
      "ConnectionType":0,
      "ConnectedWireIndex":-1,
      "ConnectedWireSegmentIndex":-1,
      "Points":[{"x":0.0,"y":0.0},{"x":0.0,"y":0.0}]
    },
    {
      "SourcePinAddress":{
        "PinID":1545428429,
        "PinOwnerID":1551693324
      },
      "TargetPinAddress":{
        "PinID":0,
        "PinOwnerID":3129408
      },
      "ConnectionType":0,
      "ConnectedWireIndex":-1,
      "ConnectedWireSegmentIndex":-1,
      "Points":[{"x":0.0,"y":0.0},{"x":0.0,"y":0.0}]
    }
  ],
  "Displays": null
}