{
  "DLSVersion": "2.1.6",
  "Name": "ALU-1",
  "NameLocation": 0,
  "ChipType": 0,
  "Size": {
    "x": 0.875,
    "y": 1.25
  },
  "Colour": {
    "r": 0.233191282,
    "g": 0.08098853,
    "b": 0.4569525,
    "a": 1
  },
  "InputPins":[
    {
      "Name":"A",
      "ID":929498511,
      "Position":{
        "x":-3.375,
        "y":-4.1875
      },
      "BitCount":8,
      "Colour":0,
      "ValueDisplayMode":0
    },
    {
      "Name":"B",
      "ID":479805314,
      "Position":{
        "x":-3.375,
        "y":-4.8125
      },
      "BitCount":8,
      "Colour":0,
      "ValueDisplayMode":0
    },
    {
      "Name":"SUB",
      "ID":890197340,
      "Position":{
        "x":-3.375,
        "y":-5.5625
      },
      "BitCount":1,
      "Colour":0,
      "ValueDisplayMode":0
    }
  ],
  "OutputPins":[
    {
      "Name":"OUT",
      "ID":693219258,
      "Position":{
        "x":5.0,
        "y":-4.1875
      },
      "BitCount":8,
      "Colour":0,
      "ValueDisplayMode":0
    },
    {
      "Name":"CRY",
      "ID":957766586,
      "Position":{
        "x":4.625,
        "y":-6.0625
      },
      "BitCount":1,
      "Colour":0,
      "ValueDisplayMode":0
    },
    {
      "Name":"ZER",
      "ID":738519111,
      "Position":{
        "x":5.625,
        "y":-6.6875
      },
      "BitCount":1,
      "Colour":0,
      "ValueDisplayMode":0
    },
    {
      "Name":"NEG",
      "ID":2044926643,
      "Position":{
        "x":5.625,
        "y":-7.625
      },
      "BitCount":1,
      "Colour":0,
      "ValueDisplayMode":0
    }
  ],
  "SubChips":[
    {
      "Name":"NEGATE",
      "ID":1163046771,
      "Label":"",
      "Position":{
        "x":-1.1025,
        "y":-4.6875
      },
      "OutputPinColourInfo":[{"PinColour":0,"PinID":1552714108}],
      "InternalData":null
    },
    {
      "Name":"8ADD",
      "ID":1315635225,
      "Label":"",
      "Position":{
        "x":0.4475,
        "y":-4.5625
      },
      "OutputPinColourInfo":[{"PinColour":0,"PinID":572187979},{"PinColour":0,"PinID":3129408}],
      "InternalData":null
    },
    {
      "Name":"EQUALS-8",
      "ID":788838314,
      "Label":"",
      "Position":{
        "x":4.0475,
        "y":-5.3125
      },
      "OutputPinColourInfo":[{"PinColour":0,"PinID":2137705868}],
      "InternalData":null
    },
    {
      "Name":"8-1BIT",
      "ID":1745811383,
      "Label":"",
      "Position":{
        "x":3.9475,
        "y":-8.5
      },
      "OutputPinColourInfo":[{"PinColour":0,"PinID":1},{"PinColour":0,"PinID":2},{"PinColour":0,"PinID":3},{"PinColour":0,"PinID":4},{"PinColour":0,"PinID":5},{"PinColour":0,"PinID":6},{"PinColour":0,"PinID":7},{"PinColour":0,"PinID":8}],
      "InternalData":null
    }
  ],
  "Wires":[
    {
      "SourcePinAddress":{
        "PinID":1552714108,
        "PinOwnerID":1163046771
      },
      "TargetPinAddress":{
        "PinID":2024689954,
        "PinOwnerID":1315635225
      },
      "ConnectionType":0,
      "ConnectedWireIndex":-1,
      "ConnectedWireSegmentIndex":-1,
      "Points":[{"x":0.0,"y":0.0},{"x":0.0,"y":0.0}]
    },
    {
      "SourcePinAddress":{
        "PinID":0,
        "PinOwnerID":890197340
      },
      "TargetPinAddress":{
        "PinID":599892718,
        "PinOwnerID":1315635225
      },
      "ConnectionType":0,
      "ConnectedWireIndex":-1,
      "ConnectedWireSegmentIndex":-1,
      "Points":[{"x":0.0,"y":0.0},{"x":0.0,"y":0.0}]
    },
    {
      "SourcePinAddress":{
        "PinID":0,
        "PinOwnerID":479805314
      },
      "TargetPinAddress":{
        "PinID":1053646936,
        "PinOwnerID":1163046771
      },
      "ConnectionType":0,
      "ConnectedWireIndex":-1,
      "ConnectedWireSegmentIndex":-1,
      "Points":[{"x":0.0,"y":0.0},{"x":0.0,"y":0.0}]
    },
    {
      "SourcePinAddress":{
        "PinID":0,
        "PinOwnerID":890197340
      },
      "TargetPinAddress":{
        "PinID":958202752,
        "PinOwnerID":1163046771
      },
      "ConnectionType":1,
      "ConnectedWireIndex":1,
      "ConnectedWireSegmentIndex":0,
      "Points":[{"x":-1.91409,"y":-5.42709},{"x":-1.94006,"y":-4.4375},{"x":0.0,"y":0.0}]
    },
    {
      "SourcePinAddress":{
        "PinID":0,
        "PinOwnerID":929498511
      },
      "TargetPinAddress":{
        "PinID":520004634,
        "PinOwnerID":1315635225
      },
      "ConnectionType":0,
      "ConnectedWireIndex":-1,
      "ConnectedWireSegmentIndex":-1,
      "Points":[{"x":0.0,"y":0.0},{"x":0.0,"y":0.0}]
    },
    {
      "SourcePinAddress":{
        "PinID":572187979,
        "PinOwnerID":1315635225
      },
      "TargetPinAddress":{
        "PinID":0,
        "PinOwnerID":693219258
      },
      "ConnectionType":0,
      "ConnectedWireIndex":-1,
      "ConnectedWireSegmentIndex":-1,
      "Points":[{"x":0.0,"y":0.0},{"x":0.0,"y":0.0}]
    },
    {
      "SourcePinAddress":{
        "PinID":3129408,
        "PinOwnerID":1315635225
      },
      "TargetPinAddress":{
        "PinID":0,
        "PinOwnerID":957766586
      },
      "ConnectionType":0,
      "ConnectedWireIndex":-1,
      "ConnectedWireSegmentIndex":-1,
      "Points":[{"x":0.0,"y":0.0},{"x":0.0,"y":0.0}]
    },
    {
      "SourcePinAddress":{
        "PinID":572187979,
        "PinOwnerID":1315635225
      },
      "TargetPinAddress":{
        "PinID":1230431423,
        "PinOwnerID":788838314
      },
      "ConnectionType":1,
      "ConnectedWireIndex":5,
      "ConnectedWireSegmentIndex":0,
      "Points":[{"x":2.875,"y":-4.1875},{"x":2.875,"y":-5.0625},{"x":0.0,"y":0.0}]
    },
    {
      "SourcePinAddress":{
        "PinID":2137705868,
        "PinOwnerID":788838314
      },
      "TargetPinAddress":{
        "PinID":0,
        "PinOwnerID":738519111
      },
      "ConnectionType":0,
      "ConnectedWireIndex":-1,
      "ConnectedWireSegmentIndex":-1,
      "Points":[{"x":0.0,"y":0.0},{"x":0.0,"y":0.0}]
    },
    {
      "SourcePinAddress":{
        "PinID":572187979,
        "PinOwnerID":1315635225
      },
      "TargetPinAddress":{
        "PinID":0,
        "PinOwnerID":1745811383
      },
      "ConnectionType":1,
      "ConnectedWireIndex":7,
      "ConnectedWireSegmentIndex":0,
      "Points":[{"x":2.875,"y":-5.0625},{"x":2.875,"y":-7.4375},{"x":0.0,"y":0.0}]
    },
    {
      "SourcePinAddress":{
        "PinID":1,
        "PinOwnerID":1745811383
      },
      "TargetPinAddress":{
        "PinID":0,
        "PinOwnerID":2044926643
      },
      "ConnectionType":0,
      "ConnectedWireIndex":-1,
      "ConnectedWireSegmentIndex":-1,
      "Points":[{"x":0.0,"y":0.0},{"x":0.0,"y":0.0}]
    }
  ],
  "Displays": null
}