{
  "DLSVersion": "2.1.6",
  "Name": "AND",
  "NameLocation": 0,
  "ChipType": 0,
  "Size": {
    "x": 0.575,
    "y": 0.5
  },
  "Colour": {
    "r": 0.0837748,
    "g": 0.661449254,
    "b": 0.9405624,
    "a": 1
  },
  "InputPins":[
    {
      "Name":"IN B",
      "ID":818357688,
      "Position":{
        "x":-5.375,
        "y":-1.6875
      },
      "BitCount":1,
      "Colour":0,
      "ValueDisplayMode":0
    },
    {
      "Name":"IN A",
      "ID":1522459734,
      "Position":{
        "x":-5.375,
        "y":-2.1875
      },
      "BitCount":1,
      "Colour":0,
      "ValueDisplayMode":0
    }
  ],
  "OutputPins":[
    {
      "Name":"OUT",
      "ID":1934042572,
      "Position":{
        "x":-0.5,
        "y":-1.9375
      },
      "BitCount":1,
      "Colour":0,
      "ValueDisplayMode":0
    }
  ],
  "SubChips":[
    {
      "Name":"NAND",
      "ID":743219487,
      "Label":"",
      "Position":{
        "x":-3.5,
        "y":-1.9375
      },
      "OutputPinColourInfo":[{"PinColour":0,"PinID":2}],
      "InternalData":null
    },
    {
      "Name":"NAND",
      "ID":1149163853,
      "Label":"",
      "Position":{
        "x":-2.0,
        "y":-1.9375
      },
      "OutputPinColourInfo":[{"PinColour":0,"PinID":2}],
      "InternalData":null
    }
  ],
  "Wires":[
    {
      "SourcePinAddress":{
        "PinID":2,
        "PinOwnerID":1149163853
      },
      "TargetPinAddress":{
        "PinID":0,
        "PinOwnerID":1934042572
      },
      "ConnectionType":0,
      "ConnectedWireIndex":-1,
      "ConnectedWireSegmentIndex":-1,
      "Points":[{"x":0.0,"y":0.0},{"x":0.0,"y":0.0}]
    },
    {
      "SourcePinAddress":{
        "PinID":2,
        "PinOwnerID":743219487
      },
      "TargetPinAddress":{
        "PinID":0,
        "PinOwnerID":1149163853
      },
      "ConnectionType":0,
      "ConnectedWireIndex":-1,
      "ConnectedWireSegmentIndex":-1,
      "Points":[{"x":0.0,"y":0.0},{"x":0.0,"y":0.0}]
    },
    {
      "SourcePinAddress":{
        "PinID":2,
        "PinOwnerID":743219487
      },
      "TargetPinAddress":{
        "PinID":1,
        "PinOwnerID":1149163853
      },
      "ConnectionType":0,
      "ConnectedWireIndex":-1,
      "ConnectedWireSegmentIndex":-1,
      "Points":[{"x":0.0,"y":0.0},{"x":0.0,"y":0.0}]
    },
    {
      "SourcePinAddress":{
        "PinID":0,
        "PinOwnerID":818357688
      },
      "TargetPinAddress":{
        "PinID":0,
        "PinOwnerID":743219487
      },
      "ConnectionType":0,
      "ConnectedWireIndex":-1,
      "ConnectedWireSegmentIndex":-1,
      "Points":[{"x":0.0,"y":0.0},{"x":-4.375,"y":-1.6875},{"x":-4.375,"y":-1.8125},{"x":0.0,"y":0.0}]
    },
    {
      "SourcePinAddress":{
        "PinID":0,
        "PinOwnerID":1522459734
      },
      "TargetPinAddress":{
        "PinID":1,
        "PinOwnerID":743219487
      },
      "ConnectionType":0,
      "ConnectedWireIndex":-1,
      "ConnectedWireSegmentIndex":-1,
      "Points":[{"x":0.0,"y":0.0},{"x":-4.375,"y":-2.1875},{"x":-4.375,"y":-2.0625},{"x":0.0,"y":0.0}]
    }
  ],
  "Displays":[]
}