{
  "DLSVersion": "2.1.6",
  "Name": "CONTROL BOARD",
  "NameLocation": 0,
  "ChipType": 0,
  "Size": {
    "x": 1.25,
    "y": 2.5
  },
  "Colour": {
    "r": 0.1388487,
    "g": 0.004152189,
    "b": 0.491107821,
    "a": 1
  },
  "InputPins":[
    {
      "Name":"IN",
      "ID":100670832,
      "Position":{
        "x":-7.0,
        "y":4.1875
      },
      "BitCount":8,
      "Colour":0,
      "ValueDisplayMode":0
    },
    {
      "Name":"CLOCK",
      "ID":673045017,
      "Position":{
        "x":-7.0,
        "y":3.625
      },
      "BitCount":1,
      "Colour":2,
      "ValueDisplayMode":0
    },
    {
      "Name":"START",
      "ID":132345521,
      "Position":{
        "x":-7.0,
        "y":3.0625
      },
      "BitCount":1,
      "Colour":0,
      "ValueDisplayMode":0
    },
    {
      "Name":"SRA",
      "ID":1449848673,
      "Position":{
        "x":-7.0,
        "y":2.5
      },
      "BitCount":1,
      "Colour":0,
      "ValueDisplayMode":0
    },
    {
      "Name":"RRA",
      "ID":417589858,
      "Position":{
        "x":-7.0,
        "y":2.0
      },
      "BitCount":1,
      "Colour":0,
      "ValueDisplayMode":0
    },
    {
      "Name":"SRB",
      "ID":606360278,
      "Position":{
        "x":-7.0,
        "y":1.5
      },
      "BitCount":1,
      "Colour":0,
      "ValueDisplayMode":0
    },
    {
      "Name":"RRB",
      "ID":286437621,
      "Position":{
        "x":-7.0,
        "y":1.0
      },
      "BitCount":1,
      "Colour":0,
      "ValueDisplayMode":0
    },
    {
      "Name":"SCR",
      "ID":1207043633,
      "Position":{
        "x":-7.0,
        "y":0.5
      },
      "BitCount":1,
      "Colour":0,
      "ValueDisplayMode":0
    },
    {
      "Name":"RRC",
      "ID":1209523459,
      "Position":{
        "x":-7.0,
        "y":0.0
      },
      "BitCount":1,
      "Colour":0,
      "ValueDisplayMode":0
    }
  ],
  "OutputPins":[],
  "SubChips":[
    {
      "Name":"LED",
      "ID":1187053017,
      "Label":"START",
      "Position":{
        "x":-3.99,
        "y":4.25
      },
      "OutputPinColourInfo":[],
      "InternalData":[0]
    },
    {
      "Name":"LED",
      "ID":2041761516,
      "Label":"CLOCK",
      "Position":{
        "x":-3.115,
        "y":4.25
      },
      "OutputPinColourInfo":[],
      "InternalData":[2]
    },
    {
      "Name":"2-COMP DECIMAL-8",
      "ID":192741728,
      "Label":"",
      "Position":{
        "x":-2.14,
        "y":2.6875
      },
      "OutputPinColourInfo":[],
      "InternalData":null
    },
    {
      "Name":"ALU-1",
      "ID":2034391283,
      "Label":"",
      "Position":{
        "x":-5.1775,
        "y":3.8125
      },
      "OutputPinColourInfo":[{"PinColour":0,"PinID":693219258},{"PinColour":0,"PinID":957766586},{"PinColour":0,"PinID":738519111},{"PinColour":0,"PinID":2044926643}],
      "InternalData":null
    },
    {
      "Name":"LED",
      "ID":1810137445,
      "Label":"",
      "Position":{
        "x":-1.365,
        "y":4.625
      },
      "OutputPinColourInfo":[],
      "InternalData":[3]
    },
    {
      "Name":"LED",
      "ID":477771719,
      "Label":"REG B",
      "Position":{
        "x":-1.365,
        "y":4.25
      },
      "OutputPinColourInfo":[],
      "InternalData":[4]
    },
    {
      "Name":"LED",
      "ID":1599766279,
      "Label":"",
      "Position":{
        "x":-2.24,
        "y":4.625
      },
      "OutputPinColourInfo":[],
      "InternalData":[3]
    },
    {
      "Name":"LED",
      "ID":2141054326,
      "Label":"REG A",
      "Position":{
        "x":-2.24,
        "y":4.25
      },
      "OutputPinColourInfo":[],
      "InternalData":[4]
    },
    {
      "Name":"LED",
      "ID":1218793207,
      "Label":"",
      "Position":{
        "x":-0.49,
        "y":4.625
      },
      "OutputPinColourInfo":[],
      "InternalData":[3]
    },
    {
      "Name":"LED",
      "ID":1529240966,
      "Label":"REG C",
      "Position":{
        "x":-0.49,
        "y":4.25
      },
      "OutputPinColourInfo":[],
      "InternalData":[4]
    }
  ],
  "Wires":[
    {
      "SourcePinAddress":{
        "PinID":0,
        "PinOwnerID":100670832
      },
      "TargetPinAddress":{
        "PinID":929498511,
        "PinOwnerID":2034391283
      },
      "ConnectionType":0,
      "ConnectedWireIndex":-1,
      "ConnectedWireSegmentIndex":-1,
      "Points":[{"x":0.0,"y":0.0},{"x":0.0,"y":0.0}]
    },
    {
      "SourcePinAddress":{
        "PinID":0,
        "PinOwnerID":100670832
      },
      "TargetPinAddress":{
        "PinID":1094309522,
        "PinOwnerID":192741728
      },
      "ConnectionType":1,
      "ConnectedWireIndex":0,
      "ConnectedWireSegmentIndex":0,
      "Points":[{"x":-5.75,"y":4.1875},{"x":-5.75,"y":1.9375},{"x":0.0,"y":0.0}]
    },
    {
      "SourcePinAddress":{
        "PinID":2044926643,
        "PinOwnerID":2034391283
      },
      "TargetPinAddress":{
        "PinID":1347549501,
        "PinOwnerID":192741728
      },
      "ConnectionType":0,
      "ConnectedWireIndex":-1,
      "ConnectedWireSegmentIndex":-1,
      "Points":[{"x":0.0,"y":0.0},{"x":-4.5625,"y":3.3125},{"x":-4.5625,"y":3.5625},{"x":0.0,"y":0.0}]
    },
    {
      "SourcePinAddress":{
        "PinID":0,
        "PinOwnerID":673045017
      },
      "TargetPinAddress":{
        "PinID":0,
        "PinOwnerID":2041761516
      },
      "ConnectionType":0,
      "ConnectedWireIndex":-1,
      "ConnectedWireSegmentIndex":-1,
      "Points":[{"x":0.0,"y":0.0},{"x":-3.25,"y":3.625},{"x":0.0,"y":0.0}]
    },
    {
      "SourcePinAddress":{
        "PinID":0,
        "PinOwnerID":132345521
      },
      "TargetPinAddress":{
        "PinID":0,
        "PinOwnerID":1187053017
      },
      "ConnectionType":0,
      "ConnectedWireIndex":-1,
      "ConnectedWireSegmentIndex":-1,
      "Points":[{"x":0.0,"y":0.0},{"x":-4.125,"y":3.0625},{"x":0.0,"y":0.0}]
    },
    {
      "SourcePinAddress":{
        "PinID":0,
        "PinOwnerID":1449848673
      },
      "TargetPinAddress":{
        "PinID":0,
        "PinOwnerID":1599766279
      },
      "ConnectionType":0,
      "ConnectedWireIndex":-1,
      "ConnectedWireSegmentIndex":-1,
      "Points":[{"x":0.0,"y":0.0},{"x":-2.5625,"y":2.5},{"x":-2.5625,"y":4.625},{"x":0.0,"y":0.0}]
    },
    {
      "SourcePinAddress":{
        "PinID":0,
        "PinOwnerID":417589858
      },
      "TargetPinAddress":{
        "PinID":0,
        "PinOwnerID":2141054326
      },
      "ConnectionType":0,
      "ConnectedWireIndex":-1,
      "ConnectedWireSegmentIndex":-1,
      "Points":[{"x":0.0,"y":0.0},{"x":-2.375,"y":2.0},{"x":0.0,"y":0.0}]
    },
    {
      "SourcePinAddress":{
        "PinID":0,
        "PinOwnerID":606360278
      },
      "TargetPinAddress":{
        "PinID":0,
        "PinOwnerID":1810137445
      },
      "ConnectionType":0,
      "ConnectedWireIndex":-1,
      "ConnectedWireSegmentIndex":-1,
      "Points":[{"x":0.0,"y":0.0},{"x":-1.625,"y":1.5},{"x":-1.625,"y":4.625},{"x":0.0,"y":0.0}]
    },
    {
      "SourcePinAddress":{
        "PinID":0,
        "PinOwnerID":286437621
      },
      "TargetPinAddress":{
        "PinID":0,
        "PinOwnerID":477771719
      },
      "ConnectionType":0,
      "ConnectedWireIndex":-1,
      "ConnectedWireSegmentIndex":-1,
      "Points":[{"x":0.0,"y":0.0},{"x":-1.5,"y":1.0},{"x":0.0,"y":0.0}]
    },
    {
      "SourcePinAddress":{
        "PinID":0,
        "PinOwnerID":1209523459
      },
      "TargetPinAddress":{
        "PinID":0,
        "PinOwnerID":1529240966
      },
      "ConnectionType":0,
      "ConnectedWireIndex":-1,
      "ConnectedWireSegmentIndex":-1,
      "Points":[{"x":0.0,"y":0.0},{"x":-0.625,"y":0.0},{"x":0.0,"y":0.0}]
    },
    {
      "SourcePinAddress":{
        "PinID":0,
        "PinOwnerID":1207043633
      },
      "TargetPinAddress":{
        "PinID":0,
        "PinOwnerID":1218793207
      },
      "ConnectionType":0,
      "ConnectedWireIndex":-1,
      "ConnectedWireSegmentIndex":-1,
      "Points":[{"x":0.0,"y":0.0},{"x":-0.875,"y":0.5},{"x":-0.875,"y":4.625},{"x":0.0,"y":0.0}]
    }
  ],
  "Displays": null
}