{
  "DLSVersion": "2.1.6",
  "Name": "COUNTER",
  "NameLocation": 0,
  "ChipType": 0,
  "Size": {
    "x": 1.175,
    "y": 1.5
  },
  "Colour": {
    "r": 0.6765768,
    "g": 0.372601867,
    "b": 0.0377639681,
    "a": 1
  },
  "InputPins":[
    {
      "Name":"JMP",
      "ID":1979155043,
      "Position":{
        "x":-28.625,
        "y":26.5625
      },
      "BitCount":1,
      "Colour":0,
      "ValueDisplayMode":0
    },
    {
      "Name":"IN",
      "ID":445570175,
      "Position":{
        "x":-28.625,
        "y":25.9375
      },
      "BitCount":8,
      "Colour":0,
      "ValueDisplayMode":0
    },
    {
      "Name":"0",
      "ID":2003294751,
      "Position":{
        "x":-28.625,
        "y":25.1875
      },
      "BitCount":1,
      "Colour":0,
      "ValueDisplayMode":0
    },
    {
      "Name":"+1",
      "ID":1415770500,
      "Position":{
        "x":-28.625,
        "y":24.6875
      },
      "BitCount":1,
      "Colour":0,
      "ValueDisplayMode":0
    },
    {
      "Name":"IN",
      "ID":396608987,
      "Position":{
        "x":-28.625,
        "y":24.1875
      },
      "BitCount":1,
      "Colour":2,
      "ValueDisplayMode":0
    }
  ],
  "OutputPins":[
    {
      "Name":"OUT",
      "ID":565785416,
      "Position":{
        "x":-17.25,
        "y":25.0625
      },
      "BitCount":8,
      "Colour":0,
      "ValueDisplayMode":0
    }
  ],
  "SubChips":[
    {
      "Name":"8ADD",
      "ID":1106443994,
      "Label":"",
      "Position":{
        "x":-21.8025,
        "y":26.625
      },
      "OutputPinColourInfo":[{"PinColour":0,"PinID":572187979},{"PinColour":0,"PinID":3129408}],
      "InternalData":null
    },
    {
      "Name":"8-BIT REGISTER",
      "ID":1482026075,
      "Label":"",
      "Position":{
        "x":-21.015,
        "y":25.0625
      },
      "OutputPinColourInfo":[{"PinColour":0,"PinID":1787405944}],
      "InternalData":null
    },
    {
      "Name":"8mux",
      "ID":2108897068,
      "Label":"",
      "Position":{
        "x":-23.1275,
        "y":25.6875
      },
      "OutputPinColourInfo":[{"PinColour":0,"PinID":1651850200}],
      "InternalData":null
    },
    {
      "Name":"OR",
      "ID":148339800,
      "Label":"",
      "Position":{
        "x":-24.015,
        "y":24.8125
      },
      "OutputPinColourInfo":[{"PinColour":0,"PinID":41096156}],
      "InternalData":null
    },
    {
      "Name":"8mux",
      "ID":597073304,
      "Label":"",
      "Position":{
        "x":-25.2525,
        "y":26.0625
      },
      "OutputPinColourInfo":[{"PinColour":0,"PinID":1651850200}],
      "InternalData":null
    }
  ],
  "Wires":[
    {
      "SourcePinAddress":{
        "PinID":1651850200,
        "PinOwnerID":2108897068
      },
      "TargetPinAddress":{
        "PinID":1171991990,
        "PinOwnerID":1482026075
      },
      "ConnectionType":0,
      "ConnectedWireIndex":-1,
      "ConnectedWireSegmentIndex":-1,
      "Points":[{"x":0.0,"y":0.0},{"x":0.0,"y":0.0}]
    },
    {
      "SourcePinAddress":{
        "PinID":1787405944,
        "PinOwnerID":1482026075
      },
      "TargetPinAddress":{
        "PinID":520004634,
        "PinOwnerID":1106443994
      },
      "ConnectionType":0,
      "ConnectedWireIndex":-1,
      "ConnectedWireSegmentIndex":-1,
      "Points":[{"x":0.0,"y":0.0},{"x":-18.9375,"y":25.0625},{"x":-18.9375,"y":27.75},{"x":-22.75,"y":27.75},{"x":-22.75,"y":27.0},{"x":0.0,"y":0.0}]
    },
    {
      "SourcePinAddress":{
        "PinID":0,
        "PinOwnerID":2003294751
      },
      "TargetPinAddress":{
        "PinID":2075623743,
        "PinOwnerID":2108897068
      },
      "ConnectionType":0,
      "ConnectedWireIndex":-1,
      "ConnectedWireSegmentIndex":-1,
      "Points":[{"x":0.0,"y":0.0},{"x":0.0,"y":0.0}]
    },
    {
      "SourcePinAddress":{
        "PinID":0,
        "PinOwnerID":396608987
      },
      "TargetPinAddress":{
        "PinID":1746065636,
        "PinOwnerID":1482026075
      },
      "ConnectionType":0,
      "ConnectedWireIndex":-1,
      "ConnectedWireSegmentIndex":-1,
      "Points":[{"x":0.0,"y":0.0},{"x":0.0,"y":0.0}]
    },
    {
      "SourcePinAddress":{
        "PinID":0,
        "PinOwnerID":1415770500
      },
      "TargetPinAddress":{
        "PinID":198837197,
        "PinOwnerID":148339800
      },
      "ConnectionType":0,
      "ConnectedWireIndex":-1,
      "ConnectedWireSegmentIndex":-1,
      "Points":[{"x":0.0,"y":0.0},{"x":0.0,"y":0.0}]
    },
    {
      "SourcePinAddress":{
        "PinID":41096156,
        "PinOwnerID":148339800
      },
      "TargetPinAddress":{
        "PinID":1560685193,
        "PinOwnerID":1482026075
      },
      "ConnectionType":0,
      "ConnectedWireIndex":-1,
      "ConnectedWireSegmentIndex":-1,
      "Points":[{"x":0.0,"y":0.0},{"x":0.0,"y":0.0}]
    },
    {
      "SourcePinAddress":{
        "PinID":0,
        "PinOwnerID":1415770500
      },
      "TargetPinAddress":{
        "PinID":599892718,
        "PinOwnerID":1106443994
      },
      "ConnectionType":1,
      "ConnectedWireIndex":4,
      "ConnectedWireSegmentIndex":0,
      "Points":[{"x":-24.5,"y":24.6875},{"x":-24.5,"y":26.1875},{"x":0.0,"y":0.0}]
    },
    {
      "SourcePinAddress":{
        "PinID":1787405944,
        "PinOwnerID":1482026075
      },
      "TargetPinAddress":{
        "PinID":0,
        "PinOwnerID":565785416
      },
      "ConnectionType":1,
      "ConnectedWireIndex":1,
      "ConnectedWireSegmentIndex":0,
      "Points":[{"x":-19.0,"y":25.0625},{"x":0.0,"y":0.0}]
    },
    {
      "SourcePinAddress":{
        "PinID":1651850200,
        "PinOwnerID":597073304
      },
      "TargetPinAddress":{
        "PinID":2011728057,
        "PinOwnerID":2108897068
      },
      "ConnectionType":0,
      "ConnectedWireIndex":-1,
      "ConnectedWireSegmentIndex":-1,
      "Points":[{"x":0.0,"y":0.0},{"x":0.0,"y":0.0}]
    },
    {
      "SourcePinAddress":{
        "PinID":0,
        "PinOwnerID":2003294751
      },
      "TargetPinAddress":{
        "PinID":1059060280,
        "PinOwnerID":148339800
      },
      "ConnectionType":1,
      "ConnectedWireIndex":2,
      "ConnectedWireSegmentIndex":0,
      "Points":[{"x":-24.125,"y":25.1875},{"x":0.0,"y":0.0}]
    },
    {
      "SourcePinAddress":{
        "PinID":572187979,
        "PinOwnerID":1106443994
      },
      "TargetPinAddress":{
        "PinID":2011728057,
        "PinOwnerID":597073304
      },
      "ConnectionType":0,
      "ConnectedWireIndex":-1,
      "ConnectedWireSegmentIndex":-1,
      "Points":[{"x":0.0,"y":0.0},{"x":-26.25,"y":27.0},{"x":-26.25,"y":26.4375},{"x":0.0,"y":0.0}]
    },
    {
      "SourcePinAddress":{
        "PinID":0,
        "PinOwnerID":445570175
      },
      "TargetPinAddress":{
        "PinID":381176719,
        "PinOwnerID":597073304
      },
      "ConnectionType":0,
      "ConnectedWireIndex":-1,
      "ConnectedWireSegmentIndex":-1,
      "Points":[{"x":0.0,"y":0.0},{"x":0.0,"y":0.0}]
    },
    {
      "SourcePinAddress":{
        "PinID":0,
        "PinOwnerID":1979155043
      },
      "TargetPinAddress":{
        "PinID":2075623743,
        "PinOwnerID":597073304
      },
      "ConnectionType":0,
      "ConnectedWireIndex":-1,
      "ConnectedWireSegmentIndex":-1,
      "Points":[{"x":0.0,"y":0.0},{"x":0.0,"y":0.0}]
    }
  ],
  "Displays": null
}