{
  "DLSVersion": "2.1.6",
  "Name": "DECODE 2-4",
  "NameLocation": 0,
  "ChipType": 0,
  "Size": {
    "x": 1.475,
    "y": 1.0
  },
  "Colour": {
    "r": 0.7629205,
    "g": 0.758794,
    "b": 0.748737454,
    "a": 1
  },
  "InputPins":[
    {
      "Name":"B",
      "ID":1380188487,
      "Position":{
        "x":-6.25,
        "y":1.1875
      },
      "BitCount":1,
      "Colour":0,
      "ValueDisplayMode":0
    },
    {
      "Name":"A",
      "ID":945235042,
      "Position":{
        "x":-6.25,
        "y":-0.5625
      },
      "BitCount":1,
      "Colour":0,
      "ValueDisplayMode":0
    }
  ],
  "OutputPins":[
    {
      "Name":"3",
      "ID":65463274,
      "Position":{
        "x":2.0,
        "y":1.1875
      },
      "BitCount":1,
      "Colour":0,
      "ValueDisplayMode":0
    },
    {
      "Name":"2",
      "ID":2089928040,
      "Position":{
        "x":2.0,
        "y":0.5625
      },
      "BitCount":1,
      "Colour":0,
      "ValueDisplayMode":0
    },
    {
      "Name":"1",
      "ID":1590204806,
      "Position":{
        "x":2.0,
        "y":-0.0625
      },
      "BitCount":1,
      "Colour":0,
      "ValueDisplayMode":0
    },
    {
      "Name":"0",
      "ID":1667730768,
      "Position":{
        "x":2.0,
        "y":-0.6875
      },
      "BitCount":1,
      "Colour":0,
      "ValueDisplayMode":0
    }
  ],
  "SubChips":[
    {
      "Name":"AND",
      "ID":967631749,
      "Label":"",
      "Position":{
        "x":0.4225,
        "y":1.1875
      },
      "OutputPinColourInfo":[{"PinColour":0,"PinID":1934042572}],
      "InternalData":null
    },
    {
      "Name":"AND",
      "ID":588762666,
      "Label":"",
      "Position":{
        "x":0.4225,
        "y":0.5625
      },
      "OutputPinColourInfo":[{"PinColour":0,"PinID":1934042572}],
      "InternalData":null
    },
    {
      "Name":"AND",
      "ID":1503653882,
      "Label":"",
      "Position":{
        "x":0.4225,
        "y":-0.0625
      },
      "OutputPinColourInfo":[{"PinColour":0,"PinID":1934042572}],
      "InternalData":null
    },
    {
      "Name":"AND",
      "ID":251892839,
      "Label":"",
      "Position":{
        "x":0.4225,
        "y":-0.6875
      },
      "OutputPinColourInfo":[{"PinColour":0,"PinID":1934042572}],
      "InternalData":null
    },
    {
      "Name":"NOT",
      "ID":555195459,
      "Label":"",
      "Position":{
        "x":-3.765,
        "y":-1.5625
      },
      "OutputPinColourInfo":[{"PinColour":0,"PinID":722248817}],
      "InternalData":null
    },
    {
      "Name":"NOT",
      "ID":1004619265,
      "Label":"",
      "Position":{
        "x":-3.765,
        "y":-2.0625
      },
      "OutputPinColourInfo":[{"PinColour":0,"PinID":722248817}],
      "InternalData":null
    }
  ],
  "Wires":[
    {
      "SourcePinAddress":{
        "PinID":1934042572,
        "PinOwnerID":967631749
      },
      "TargetPinAddress":{
        "PinID":0,
        "PinOwnerID":65463274
      },
      "ConnectionType":0,
      "ConnectedWireIndex":-1,
      "ConnectedWireSegmentIndex":-1,
      "Points":[{"x":0.0,"y":0.0},{"x":0.0,"y":0.0}]
    },
    {
      "SourcePinAddress":{
        "PinID":1934042572,
        "PinOwnerID":588762666
      },
      "TargetPinAddress":{
        "PinID":0,
        "PinOwnerID":2089928040
      },
      "ConnectionType":0,
      "ConnectedWireIndex":-1,
      "ConnectedWireSegmentIndex":-1,
      "Points":[{"x":0.0,"y":0.0},{"x":0.0,"y":0.0}]
    },
    {
      "SourcePinAddress":{
        "PinID":1934042572,
        "PinOwnerID":1503653882
      },
      "TargetPinAddress":{
        "PinID":0,
        "PinOwnerID":1590204806
      },
      "ConnectionType":0,
      "ConnectedWireIndex":-1,
      "ConnectedWireSegmentIndex":-1,
      "Points":[{"x":0.0,"y":0.0},{"x":0.0,"y":0.0}]
    },
    {
      "SourcePinAddress":{
        "PinID":1934042572,
        "PinOwnerID":251892839
      },
      "TargetPinAddress":{
        "PinID":0,
        "PinOwnerID":1667730768
      },
      "ConnectionType":0,
      "ConnectedWireIndex":-1,
      "ConnectedWireSegmentIndex":-1,
      "Points":[{"x":0.0,"y":0.0},{"x":0.0,"y":0.0}]
    },
    {
      "SourcePinAddress":{
        "PinID":0,
        "PinOwnerID":1380188487
      },
      "TargetPinAddress":{
        "PinID":71014366,
        "PinOwnerID":555195459
      },
      "ConnectionType":0,
      "ConnectedWireIndex":-1,
      "ConnectedWireSegmentIndex":-1,
      "Points":[{"x":0.0,"y":0.0},{"x":-4.5625,"y":1.1875},{"x":-4.5625,"y":-1.5625},{"x":0.0,"y":0.0}]
    },
    {
      "SourcePinAddress":{
        "PinID":0,
        "PinOwnerID":945235042
      },
      "TargetPinAddress":{
        "PinID":71014366,
        "PinOwnerID":1004619265
      },
      "ConnectionType":0,
      "ConnectedWireIndex":-1,
      "ConnectedWireSegmentIndex":-1,
      "Points":[{"x":0.0,"y":0.0},{"x":-5.0,"y":-0.5625},{"x":-5.0,"y":-2.0625},{"x":0.0,"y":0.0}]
    },
    {
      "SourcePinAddress":{
        "PinID":722248817,
        "PinOwnerID":555195459
      },
      "TargetPinAddress":{
        "PinID":818357688,
        "PinOwnerID":251892839
      },
      "ConnectionType":0,
      "ConnectedWireIndex":-1,
      "ConnectedWireSegmentIndex":-1,
      "Points":[{"x":0.0,"y":0.0},{"x":-1.625,"y":-1.5625},{"x":-1.625,"y":-0.5625},{"x":0.0,"y":0.0}]
    },
    {
      "SourcePinAddress":{
        "PinID":722248817,
        "PinOwnerID":1004619265
      },
      "TargetPinAddress":{
        "PinID":1522459734,
        "PinOwnerID":251892839
      },
      "ConnectionType":0,
      "ConnectedWireIndex":-1,
      "ConnectedWireSegmentIndex":-1,
      "Points":[{"x":0.0,"y":0.0},{"x":-1.25,"y":-2.0625},{"x":-1.25,"y":-0.8125},{"x":0.0,"y":0.0}]
    },
    {
      "SourcePinAddress":{
        "PinID":0,
        "PinOwnerID":1380188487
      },
      "TargetPinAddress":{
        "PinID":818357688,
        "PinOwnerID":967631749
      },
      "ConnectionType":1,
      "ConnectedWireIndex":4,
      "ConnectedWireSegmentIndex":0,
      "Points":[{"x":-4.5625,"y":1.1875},{"x":-2.8125,"y":1.1875},{"x":-2.8125,"y":1.3125},{"x":0.0,"y":0.0}]
    },
    {
      "SourcePinAddress":{
        "PinID":0,
        "PinOwnerID":945235042
      },
      "TargetPinAddress":{
        "PinID":1522459734,
        "PinOwnerID":967631749
      },
      "ConnectionType":1,
      "ConnectedWireIndex":5,
      "ConnectedWireSegmentIndex":1,
      "Points":[{"x":-5.0,"y":-0.75},{"x":-3.4375,"y":-0.75},{"x":-3.4375,"y":1.0625},{"x":0.0,"y":0.0}]
    },
    {
      "SourcePinAddress":{
        "PinID":722248817,
        "PinOwnerID":555195459
      },
      "TargetPinAddress":{
        "PinID":1522459734,
        "PinOwnerID":1503653882
      },
      "ConnectionType":1,
      "ConnectedWireIndex":6,
      "ConnectedWireSegmentIndex":2,
      "Points":[{"x":-0.1875,"y":-0.5625},{"x":-0.1875,"y":-0.1875},{"x":0.0,"y":0.0}]
    },
    {
      "SourcePinAddress":{
        "PinID":0,
        "PinOwnerID":945235042
      },
      "TargetPinAddress":{
        "PinID":818357688,
        "PinOwnerID":1503653882
      },
      "ConnectionType":1,
      "ConnectedWireIndex":9,
      "ConnectedWireSegmentIndex":2,
      "Points":[{"x":-0.1875,"y":1.0625},{"x":-0.1875,"y":0.0625},{"x":0.0,"y":0.0}]
    },
    {
      "SourcePinAddress":{
        "PinID":0,
        "PinOwnerID":1380188487
      },
      "TargetPinAddress":{
        "PinID":818357688,
        "PinOwnerID":588762666
      },
      "ConnectionType":1,
      "ConnectedWireIndex":8,
      "ConnectedWireSegmentIndex":2,
      "Points":[{"x":-0.375,"y":1.3125},{"x":-0.375,"y":0.6875},{"x":0.0,"y":0.0}]
    },
    {
      "SourcePinAddress":{
        "PinID":722248817,
        "PinOwnerID":1004619265
      },
      "TargetPinAddress":{
        "PinID":1522459734,
        "PinOwnerID":588762666
      },
      "ConnectionType":1,
      "ConnectedWireIndex":7,
      "ConnectedWireSegmentIndex":2,
      "Points":[{"x":-0.3125,"y":-0.8125},{"x":-0.3125,"y":0.4375},{"x":0.0,"y":0.0}]
    }
  ],
  "Displays":[]
}