{
  "DLSVersion": "2.1.6",
  "Name": "EQUALS-8",
  "NameLocation": 0,
  "ChipType": 0,
  "Size": {
    "x": 1.325,
    "y": 1.0
  },
  "Colour": {
    "r": 0.08902938,
    "g": 0.678230762,
    "b": 0.08142355,
    "a": 1
  },
  "InputPins":[
    {
      "Name":"B",
      "ID":1230431423,
      "Position":{
        "x":-11.375,
        "y":1.5
      },
      "BitCount":8,
      "Colour":0,
      "ValueDisplayMode":0
    },
    {
      "Name":"A",
      "ID":1839877269,
      "Position":{
        "x":-11.375,
        "y":-0.125
      },
      "BitCount":8,
      "Colour":0,
      "ValueDisplayMode":0
    }
  ],
  "OutputPins":[
    {
      "Name":"OUT",
      "ID":2137705868,
      "Position":{
        "x":5.875,
        "y":1.875
      },
      "BitCount":1,
      "Colour":0,
      "ValueDisplayMode":0
    }
  ],
  "SubChips":[
    {
      "Name":"XNOR",
      "ID":1935012946,
      "Label":"",
      "Position":{
        "x":-4.6275,
        "y":2.73593
      },
      "OutputPinColourInfo":[{"PinColour":0,"PinID":1231659336}],
      "InternalData":null
    },
    {
      "Name":"XNOR",
      "ID":770977224,
      "Label":"",
      "Position":{
        "x":-4.6275,
        "y":2.11093
      },
      "OutputPinColourInfo":[{"PinColour":0,"PinID":1231659336}],
      "InternalData":null
    },
    {
      "Name":"XNOR",
      "ID":1087447093,
      "Label":"",
      "Position":{
        "x":-4.6275,
        "y":1.48593
      },
      "OutputPinColourInfo":[{"PinColour":0,"PinID":1231659336}],
      "InternalData":null
    },
    {
      "Name":"XNOR",
      "ID":1418909881,
      "Label":"",
      "Position":{
        "x":-4.6275,
        "y":0.86093
      },
      "OutputPinColourInfo":[{"PinColour":0,"PinID":1231659336}],
      "InternalData":null
    },
    {
      "Name":"XNOR",
      "ID":1955849999,
      "Label":"",
      "Position":{
        "x":-4.6275,
        "y":0.23593
      },
      "OutputPinColourInfo":[{"PinColour":0,"PinID":1231659336}],
      "InternalData":null
    },
    {
      "Name":"XNOR",
      "ID":132990125,
      "Label":"",
      "Position":{
        "x":-4.6275,
        "y":-0.38907
      },
      "OutputPinColourInfo":[{"PinColour":0,"PinID":1231659336}],
      "InternalData":null
    },
    {
      "Name":"XNOR",
      "ID":506164690,
      "Label":"",
      "Position":{
        "x":-4.6275,
        "y":-1.01407
      },
      "OutputPinColourInfo":[{"PinColour":0,"PinID":1231659336}],
      "InternalData":null
    },
    {
      "Name":"XNOR",
      "ID":1358428055,
      "Label":"",
      "Position":{
        "x":-4.6275,
        "y":-1.63907
      },
      "OutputPinColourInfo":[{"PinColour":0,"PinID":1231659336}],
      "InternalData":null
    },
    {
      "Name":"8-1BIT",
      "ID":189516954,
      "Label":"",
      "Position":{
        "x":-9.4275,
        "y":2.25
      },
      "OutputPinColourInfo":[{"PinColour":0,"PinID":1},{"PinColour":0,"PinID":2},{"PinColour":0,"PinID":3},{"PinColour":0,"PinID":4},{"PinColour":0,"PinID":5},{"PinColour":0,"PinID":6},{"PinColour":0,"PinID":7},{"PinColour":0,"PinID":8}],
      "InternalData":null
    },
    {
      "Name":"8-1BIT",
      "ID":1382868150,
      "Label":"",
      "Position":{
        "x":-9.3025,
        "y":-1.0
      },
      "OutputPinColourInfo":[{"PinColour":0,"PinID":1},{"PinColour":0,"PinID":2},{"PinColour":0,"PinID":3},{"PinColour":0,"PinID":4},{"PinColour":0,"PinID":5},{"PinColour":0,"PinID":6},{"PinColour":0,"PinID":7},{"PinColour":0,"PinID":8}],
      "InternalData":null
    },
    {
      "Name":"AND",
      "ID":318216150,
      "Label":"",
      "Position":{
        "x":-3.3275,
        "y":2.625
      },
      "OutputPinColourInfo":[{"PinColour":0,"PinID":1934042572}],
      "InternalData":null
    },
    {
      "Name":"AND",
      "ID":641242922,
      "Label":"",
      "Position":{
        "x":-2.0775,
        "y":2.5
      },
      "OutputPinColourInfo":[{"PinColour":0,"PinID":1934042572}],
      "InternalData":null
    },
    {
      "Name":"AND",
      "ID":1467725143,
      "Label":"",
      "Position":{
        "x":-0.8275,
        "y":2.375
      },
      "OutputPinColourInfo":[{"PinColour":0,"PinID":1934042572}],
      "InternalData":null
    },
    {
      "Name":"AND",
      "ID":150183277,
      "Label":"",
      "Position":{
        "x":0.5475,
        "y":2.25
      },
      "OutputPinColourInfo":[{"PinColour":0,"PinID":1934042572}],
      "InternalData":null
    },
    {
      "Name":"AND",
      "ID":640643636,
      "Label":"",
      "Position":{
        "x":1.7975,
        "y":2.125
      },
      "OutputPinColourInfo":[{"PinColour":0,"PinID":1934042572}],
      "InternalData":null
    },
    {
      "Name":"AND",
      "ID":1100226268,
      "Label":"",
      "Position":{
        "x":3.0475,
        "y":2.0
      },
      "OutputPinColourInfo":[{"PinColour":0,"PinID":1934042572}],
      "InternalData":null
    },
    {
      "Name":"AND",
      "ID":1434606502,
      "Label":"",
      "Position":{
        "x":4.1725,
        "y":1.875
      },
      "OutputPinColourInfo":[{"PinColour":0,"PinID":1934042572}],
      "InternalData":null
    }
  ],
  "Wires":[
    {
      "SourcePinAddress":{
        "PinID":0,
        "PinOwnerID":1839877269
      },
      "TargetPinAddress":{
        "PinID":0,
        "PinOwnerID":1382868150
      },
      "ConnectionType":0,
      "ConnectedWireIndex":-1,
      "ConnectedWireSegmentIndex":-1,
      "Points":[{"x":0.0,"y":0.0},{"x":0.0,"y":0.0}]
    },
    {
      "SourcePinAddress":{
        "PinID":0,
        "PinOwnerID":1230431423
      },
      "TargetPinAddress":{
        "PinID":0,
        "PinOwnerID":189516954
      },
      "ConnectionType":0,
      "ConnectedWireIndex":-1,
      "ConnectedWireSegmentIndex":-1,
      "Points":[{"x":0.0,"y":0.0},{"x":0.0,"y":0.0}]
    },
    {
      "SourcePinAddress":{
        "PinID":1,
        "PinOwnerID":189516954
      },
      "TargetPinAddress":{
        "PinID":943764098,
        "PinOwnerID":1935012946
      },
      "ConnectionType":0,
      "ConnectedWireIndex":-1,
      "ConnectedWireSegmentIndex":-1,
      "Points":[{"x":0.0,"y":0.0},{"x":0.0,"y":0.0}]
    },
    {
      "SourcePinAddress":{
        "PinID":1,
        "PinOwnerID":1382868150
      },
      "TargetPinAddress":{
        "PinID":2009240829,
        "PinOwnerID":1935012946
      },
      "ConnectionType":0,
      "ConnectedWireIndex":-1,
      "ConnectedWireSegmentIndex":-1,
      "Points":[{"x":0.0,"y":0.0},{"x":0.0,"y":0.0}]
    },
    {
      "SourcePinAddress":{
        "PinID":2,
        "PinOwnerID":1382868150
      },
      "TargetPinAddress":{
        "PinID":2009240829,
        "PinOwnerID":770977224
      },
      "ConnectionType":0,
      "ConnectedWireIndex":-1,
      "ConnectedWireSegmentIndex":-1,
      "Points":[{"x":0.0,"y":0.0},{"x":0.0,"y":0.0}]
    },
    {
      "SourcePinAddress":{
        "PinID":2,
        "PinOwnerID":189516954
      },
      "TargetPinAddress":{
        "PinID":943764098,
        "PinOwnerID":770977224
      },
      "ConnectionType":0,
      "ConnectedWireIndex":-1,
      "ConnectedWireSegmentIndex":-1,
      "Points":[{"x":0.0,"y":0.0},{"x":0.0,"y":0.0}]
    },
    {
      "SourcePinAddress":{
        "PinID":3,
        "PinOwnerID":189516954
      },
      "TargetPinAddress":{
        "PinID":943764098,
        "PinOwnerID":1087447093
      },
      "ConnectionType":0,
      "ConnectedWireIndex":-1,
      "ConnectedWireSegmentIndex":-1,
      "Points":[{"x":0.0,"y":0.0},{"x":0.0,"y":0.0}]
    },
    {
      "SourcePinAddress":{
        "PinID":3,
        "PinOwnerID":1382868150
      },
      "TargetPinAddress":{
        "PinID":2009240829,
        "PinOwnerID":1087447093
      },
      "ConnectionType":0,
      "ConnectedWireIndex":-1,
      "ConnectedWireSegmentIndex":-1,
      "Points":[{"x":0.0,"y":0.0},{"x":0.0,"y":0.0}]
    },
    {
      "SourcePinAddress":{
        "PinID":4,
        "PinOwnerID":1382868150
      },
      "TargetPinAddress":{
        "PinID":2009240829,
        "PinOwnerID":1418909881
      },
      "ConnectionType":0,
      "ConnectedWireIndex":-1,
      "ConnectedWireSegmentIndex":-1,
      "Points":[{"x":0.0,"y":0.0},{"x":0.0,"y":0.0}]
    },
    {
      "SourcePinAddress":{
        "PinID":4,
        "PinOwnerID":189516954
      },
      "TargetPinAddress":{
        "PinID":943764098,
        "PinOwnerID":1418909881
      },
      "ConnectionType":0,
      "ConnectedWireIndex":-1,
      "ConnectedWireSegmentIndex":-1,
      "Points":[{"x":0.0,"y":0.0},{"x":0.0,"y":0.0}]
    },
    {
      "SourcePinAddress":{
        "PinID":5,
        "PinOwnerID":189516954
      },
      "TargetPinAddress":{
        "PinID":943764098,
        "PinOwnerID":1955849999
      },
      "ConnectionType":0,
      "ConnectedWireIndex":-1,
      "ConnectedWireSegmentIndex":-1,
      "Points":[{"x":0.0,"y":0.0},{"x":0.0,"y":0.0}]
    },
    {
      "SourcePinAddress":{
        "PinID":5,
        "PinOwnerID":1382868150
      },
      "TargetPinAddress":{
        "PinID":2009240829,
        "PinOwnerID":1955849999
      },
      "ConnectionType":0,
      "ConnectedWireIndex":-1,
      "ConnectedWireSegmentIndex":-1,
      "Points":[{"x":0.0,"y":0.0},{"x":0.0,"y":0.0}]
    },
    {
      "SourcePinAddress":{
        "PinID":6,
        "PinOwnerID":1382868150
      },
      "TargetPinAddress":{
        "PinID":2009240829,
        "PinOwnerID":132990125
      },
      "ConnectionType":0,
      "ConnectedWireIndex":-1,
      "ConnectedWireSegmentIndex":-1,
      "Points":[{"x":0.0,"y":0.0},{"x":0.0,"y":0.0}]
    },
    {
      "SourcePinAddress":{
        "PinID":6,
        "PinOwnerID":189516954
      },
      "TargetPinAddress":{
        "PinID":943764098,
        "PinOwnerID":132990125
      },
      "ConnectionType":0,
      "ConnectedWireIndex":-1,
      "ConnectedWireSegmentIndex":-1,
      "Points":[{"x":0.0,"y":0.0},{"x":0.0,"y":0.0}]
    },
    {
      "SourcePinAddress":{
        "PinID":7,
        "PinOwnerID":189516954
      },
      "TargetPinAddress":{
        "PinID":943764098,
        "PinOwnerID":506164690
      },
      "ConnectionType":0,
      "ConnectedWireIndex":-1,
      "ConnectedWireSegmentIndex":-1,
      "Points":[{"x":0.0,"y":0.0},{"x":0.0,"y":0.0}]
    },
    {
      "SourcePinAddress":{
        "PinID":7,
        "PinOwnerID":1382868150
      },
      "TargetPinAddress":{
        "PinID":2009240829,
        "PinOwnerID":506164690
      },
      "ConnectionType":0,
      "ConnectedWireIndex":-1,
      "ConnectedWireSegmentIndex":-1,
      "Points":[{"x":0.0,"y":0.0},{"x":0.0,"y":0.0}]
    },
    {
      "SourcePinAddress":{
        "PinID":8,
        "PinOwnerID":1382868150
      },
      "TargetPinAddress":{
        "PinID":2009240829,
        "PinOwnerID":1358428055
      },
      "ConnectionType":0,
      "ConnectedWireIndex":-1,
      "ConnectedWireSegmentIndex":-1,
      "Points":[{"x":0.0,"y":0.0},{"x":0.0,"y":0.0}]
    },
    {
      "SourcePinAddress":{
        "PinID":8,
        "PinOwnerID":189516954
      },
      "TargetPinAddress":{
        "PinID":943764098,
        "PinOwnerID":1358428055
      },
      "ConnectionType":0,
      "ConnectedWireIndex":-1,
      "ConnectedWireSegmentIndex":-1,
      "Points":[{"x":0.0,"y":0.0},{"x":0.0,"y":0.0}]
    },
    {
      "SourcePinAddress":{
        "PinID":1934042572,
        "PinOwnerID":1100226268
      },
      "TargetPinAddress":{
        "PinID":818357688,
        "PinOwnerID":1434606502
      },
      "ConnectionType":0,
      "ConnectedWireIndex":-1,
      "ConnectedWireSegmentIndex":-1,
      "Points":[{"x":0.0,"y":0.0},{"x":0.0,"y":0.0}]
    },
    {
      "SourcePinAddress":{
        "PinID":1934042572,
        "PinOwnerID":1434606502
      },
      "TargetPinAddress":{
        "PinID":0,
        "PinOwnerID":2137705868
      },
      "ConnectionType":0,
      "ConnectedWireIndex":-1,
      "ConnectedWireSegmentIndex":-1,
      "Points":[{"x":0.0,"y":0.0},{"x":0.0,"y":0.0}]
    },
    {
      "SourcePinAddress":{
        "PinID":1231659336,
        "PinOwnerID":1935012946
      },
      "TargetPinAddress":{
        "PinID":818357688,
        "PinOwnerID":318216150
      },
      "ConnectionType":0,
      "ConnectedWireIndex":-1,
      "ConnectedWireSegmentIndex":-1,
      "Points":[{"x":0.0,"y":0.0},{"x":0.0,"y":0.0}]
    },
    {
      "SourcePinAddress":{
        "PinID":1231659336,
        "PinOwnerID":770977224
      },
      "TargetPinAddress":{
        "PinID":1522459734,
        "PinOwnerID":318216150
      },
      "ConnectionType":0,
      "ConnectedWireIndex":-1,
      "ConnectedWireSegmentIndex":-1,
      "Points":[{"x":0.0,"y":0.0},{"x":0.0,"y":0.0}]
    },
    {
      "SourcePinAddress":{
        "PinID":1934042572,
        "PinOwnerID":318216150
      },
      "TargetPinAddress":{
        "PinID":818357688,
        "PinOwnerID":641242922
      },
      "ConnectionType":0,
      "ConnectedWireIndex":-1,
      "ConnectedWireSegmentIndex":-1,
      "Points":[{"x":0.0,"y":0.0},{"x":0.0,"y":0.0}]
    },
    {
      "SourcePinAddress":{
        "PinID":1934042572,
        "PinOwnerID":641242922
      },
      "TargetPinAddress":{
        "PinID":818357688,
        "PinOwnerID":1467725143
      },
      "ConnectionType":0,
      "ConnectedWireIndex":-1,
      "ConnectedWireSegmentIndex":-1,
      "Points":[{"x":0.0,"y":0.0},{"x":0.0,"y":0.0}]
    },
    {
      "SourcePinAddress":{
        "PinID":1934042572,
        "PinOwnerID":1467725143
      },
      "TargetPinAddress":{
        "PinID":818357688,
        "PinOwnerID":150183277
      },
      "ConnectionType":0,
      "ConnectedWireIndex":-1,
      "ConnectedWireSegmentIndex":-1,
      "Points":[{"x":0.0,"y":0.0},{"x":0.0,"y":0.0}]
    },
    {
      "SourcePinAddress":{
        "PinID":1934042572,
        "PinOwnerID":150183277
      },
      "TargetPinAddress":{
        "PinID":818357688,
        "PinOwnerID":640643636
      },
      "ConnectionType":0,
      "ConnectedWireIndex":-1,
      "ConnectedWireSegmentIndex":-1,
      "Points":[{"x":0.0,"y":0.0},{"x":0.0,"y":0.0}]
    },
    {
      "SourcePinAddress":{
        "PinID":1934042572,
        "PinOwnerID":640643636
      },
      "TargetPinAddress":{
        "PinID":818357688,
        "PinOwnerID":1100226268
      },
      "ConnectionType":0,
      "ConnectedWireIndex":-1,
      "ConnectedWireSegmentIndex":-1,
      "Points":[{"x":0.0,"y":0.0},{"x":0.0,"y":0.0}]
    },
    {
      "SourcePinAddress":{
        "PinID":1231659336,
        "PinOwnerID":1087447093
      },
      "TargetPinAddress":{
        "PinID":1522459734,
        "PinOwnerID":641242922
      },
      "ConnectionType":0,
      "ConnectedWireIndex":-1,
      "ConnectedWireSegmentIndex":-1,
      "Points":[{"x":0.0,"y":0.0},{"x":0.0,"y":0.0}]
    },
    {
      "SourcePinAddress":{
        "PinID":1231659336,
        "PinOwnerID":1418909881
      },
      "TargetPinAddress":{
        "PinID":1522459734,
        "PinOwnerID":1467725143
      },
      "ConnectionType":0,
      "ConnectedWireIndex":-1,
      "ConnectedWireSegmentIndex":-1,
      "Points":[{"x":0.0,"y":0.0},{"x":0.0,"y":0.0}]
    },
    {
      "SourcePinAddress":{
        "PinID":1231659336,
        "PinOwnerID":1955849999
      },
      "TargetPinAddress":{
        "PinID":1522459734,
        "PinOwnerID":150183277
      },
      "ConnectionType":0,
      "ConnectedWireIndex":-1,
      "ConnectedWireSegmentIndex":-1,
      "Points":[{"x":0.0,"y":0.0},{"x":0.0,"y":0.0}]
    },
    {
      "SourcePinAddress":{
        "PinID":1231659336,
        "PinOwnerID":132990125
      },
      "TargetPinAddress":{
        "PinID":1522459734,
        "PinOwnerID":640643636
      },
      "ConnectionType":0,
      "ConnectedWireIndex":-1,
      "ConnectedWireSegmentIndex":-1,
      "Points":[{"x":0.0,"y":0.0},{"x":0.0,"y":0.0}]
    },
    {
      "SourcePinAddress":{
        "PinID":1231659336,
        "PinOwnerID":506164690
      },
      "TargetPinAddress":{
        "PinID":1522459734,
        "PinOwnerID":1100226268
      },
      "ConnectionType":0,
      "ConnectedWireIndex":-1,
      "ConnectedWireSegmentIndex":-1,
      "Points":[{"x":0.0,"y":0.0},{"x":0.0,"y":0.0}]
    },
    {
      "SourcePinAddress":{
        "PinID":1231659336,
        "PinOwnerID":1358428055
      },
      "TargetPinAddress":{
        "PinID":1522459734,
        "PinOwnerID":1434606502
      },
      "ConnectionType":0,
      "ConnectedWireIndex":-1,
      "ConnectedWireSegmentIndex":-1,
      "Points":[{"x":0.0,"y":0.0},{"x":0.0,"y":0.0}]
    }
  ],
  "Displays":[]
}