{
  "DLSVersion": "2.1.6",
  "Name": "FRS",
  "NameLocation": 0,
  "ChipType": 0,
  "Size": {
    "x": 0.575,
    "y": 0.5
  },
  "Colour": {
    "r": 0.346174359,
    "g": 0.372637779,
    "b": 0.527185857,
    "a": 1
  },
  "InputPins":[
    {
      "Name":"A",
      "ID":161853418,
      "Position":{
        "x":-2.625,
        "y":4.3125
      },
      "BitCount":1,
      "Colour":0,
      "ValueDisplayMode":0
    },
    {
      "Name":"B",
      "ID":814069114,
      "Position":{
        "x":-2.625,
        "y":3.8125
      },
      "BitCount":1,
      "Colour":0,
      "ValueDisplayMode":0
    }
  ],
  "OutputPins":[
    {
      "Name":"OUT",
      "ID":1315430578,
      "Position":{
        "x":4.25,
        "y":4.0625
      },
      "BitCount":1,
      "Colour":0,
      "ValueDisplayMode":0
    }
  ],
  "SubChips":[
    {
      "Name":"AND",
      "ID":1243048503,
      "Label":"",
      "Position":{
        "x":1.7975,
        "y":4.0625
      },
      "OutputPinColourInfo":[{"PinColour":0,"PinID":1934042572}],
      "InternalData":null
    },
    {
      "Name":"NOT",
      "ID":1244972564,
      "Label":"",
      "Position":{
        "x":0.735,
        "y":3.9375
      },
      "OutputPinColourInfo":[{"PinColour":0,"PinID":722248817}],
      "InternalData":null
    }
  ],
  "Wires":[
    {
      "SourcePinAddress":{
        "PinID":722248817,
        "PinOwnerID":1244972564
      },
      "TargetPinAddress":{
        "PinID":1522459734,
        "PinOwnerID":1243048503
      },
      "ConnectionType":0,
      "ConnectedWireIndex":-1,
      "ConnectedWireSegmentIndex":-1,
      "Points":[{"x":0.0,"y":0.0},{"x":0.0,"y":0.0}]
    },
    {
      "SourcePinAddress":{
        "PinID":0,
        "PinOwnerID":161853418
      },
      "TargetPinAddress":{
        "PinID":818357688,
        "PinOwnerID":1243048503
      },
      "ConnectionType":0,
      "ConnectedWireIndex":-1,
      "ConnectedWireSegmentIndex":-1,
      "Points":[{"x":0.0,"y":0.0},{"x":0.0,"y":0.0}]
    },
    {
      "SourcePinAddress":{
        "PinID":0,
        "PinOwnerID":814069114
      },
      "TargetPinAddress":{
        "PinID":71014366,
        "PinOwnerID":1244972564
      },
      "ConnectionType":0,
      "ConnectedWireIndex":-1,
      "ConnectedWireSegmentIndex":-1,
      "Points":[{"x":0.0,"y":0.0},{"x":0.0,"y":0.0}]
    },
    {
      "SourcePinAddress":{
        "PinID":1934042572,
        "PinOwnerID":1243048503
      },
      "TargetPinAddress":{
        "PinID":0,
        "PinOwnerID":1315430578
      },
      "ConnectionType":0,
      "ConnectedWireIndex":-1,
      "ConnectedWireSegmentIndex":-1,
      "Points":[{"x":0.0,"y":0.0},{"x":0.0,"y":0.0}]
    }
  ],
  "Displays": null
}