{
  "DLSVersion": "2.1.6",
  "Name": "INT 1",
  "NameLocation": 0,
  "ChipType": 0,
  "Size": {
    "x": 1.25,
    "y": 4.0
  },
  "Colour": {
    "r": 0.783776045,
    "g": 0.264646381,
    "b": 0.5853794,
    "a": 1
  },
  "InputPins":[
    {
      "Name":"IN",
      "ID":295711295,
      "Position":{
        "x":-5.25,
        "y":8.6875
      },
      "BitCount":1,
      "Colour":0,
      "ValueDisplayMode":0
    },
    {
      "Name":"IN",
      "ID":1983140090,
      "Position":{
        "x":-5.25,
        "y":8.125
      },
      "BitCount":4,
      "Colour":0,
      "ValueDisplayMode":0
    }
  ],
  "OutputPins":[
    {
      "Name":"RED",
      "ID":546971921,
      "Position":{
        "x":7.25,
        "y":11.75
      },
      "BitCount":1,
      "Colour":0,
      "ValueDisplayMode":0
    },
    {
      "Name":"SAA",
      "ID":1442045493,
      "Position":{
        "x":7.25,
        "y":10.25
      },
      "BitCount":1,
      "Colour":0,
      "ValueDisplayMode":0
    },
    {
      "Name":"SAB",
      "ID":249156160,
      "Position":{
        "x":7.25,
        "y":9.75
      },
      "BitCount":1,
      "Colour":0,
      "ValueDisplayMode":0
    },
    {
      "Name":"RAU",
      "ID":1717586500,
      "Position":{
        "x":7.25,
        "y":9.25
      },
      "BitCount":1,
      "Colour":0,
      "ValueDisplayMode":0
    },
    {
      "Name":"RDF",
      "ID":1848050076,
      "Position":{
        "x":7.25,
        "y":8.75
      },
      "BitCount":1,
      "Colour":0,
      "ValueDisplayMode":0
    },
    {
      "Name":"SAD",
      "ID":1949388619,
      "Position":{
        "x":7.25,
        "y":8.25
      },
      "BitCount":1,
      "Colour":0,
      "ValueDisplayMode":0
    },
    {
      "Name":"STR",
      "ID":2078704814,
      "Position":{
        "x":7.25,
        "y":7.75
      },
      "BitCount":1,
      "Colour":0,
      "ValueDisplayMode":0
    },
    {
      "Name":"RRM",
      "ID":253084425,
      "Position":{
        "x":7.25,
        "y":7.25
      },
      "BitCount":1,
      "Colour":0,
      "ValueDisplayMode":0
    },
    {
      "Name":"SRA",
      "ID":593572540,
      "Position":{
        "x":7.25,
        "y":6.75
      },
      "BitCount":1,
      "Colour":0,
      "ValueDisplayMode":0
    },
    {
      "Name":"RRA",
      "ID":1425775125,
      "Position":{
        "x":7.25,
        "y":6.25
      },
      "BitCount":1,
      "Colour":0,
      "ValueDisplayMode":0
    },
    {
      "Name":"SRB",
      "ID":631394723,
      "Position":{
        "x":7.25,
        "y":5.75
      },
      "BitCount":1,
      "Colour":0,
      "ValueDisplayMode":0
    },
    {
      "Name":"RRB",
      "ID":795330862,
      "Position":{
        "x":7.25,
        "y":5.25
      },
      "BitCount":1,
      "Colour":0,
      "ValueDisplayMode":0
    },
    {
      "Name":"RIN",
      "ID":523047650,
      "Position":{
        "x":7.25,
        "y":4.75
      },
      "BitCount":1,
      "Colour":0,
      "ValueDisplayMode":0
    },
    {
      "Name":"CLB",
      "ID":1451378258,
      "Position":{
        "x":7.25,
        "y":4.25
      },
      "BitCount":1,
      "Colour":0,
      "ValueDisplayMode":0
    },
    {
      "Name":"JMP",
      "ID":843193100,
      "Position":{
        "x":7.25,
        "y":3.75
      },
      "BitCount":1,
      "Colour":0,
      "ValueDisplayMode":0
    }
  ],
  "SubChips":[
    {
      "Name":"DEC-15",
      "ID":186795785,
      "Label":"",
      "Position":{
        "x":-1.7275,
        "y":8.125
      },
      "OutputPinColourInfo":[{"PinColour":0,"PinID":1194068813},{"PinColour":0,"PinID":2120347980},{"PinColour":0,"PinID":1884987406},{"PinColour":0,"PinID":734976746},{"PinColour":0,"PinID":640014842},{"PinColour":0,"PinID":197563902},{"PinColour":0,"PinID":2000291546},{"PinColour":0,"PinID":2074098886},{"PinColour":0,"PinID":1864045819},{"PinColour":0,"PinID":1064401464},{"PinColour":0,"PinID":1301049964},{"PinColour":0,"PinID":195576675},{"PinColour":0,"PinID":1534967639},{"PinColour":0,"PinID":1409356064},{"PinColour":0,"PinID":236157970}],
      "InternalData":null
    },
    {
      "Name":"OR",
      "ID":916693043,
      "Label":"",
      "Position":{
        "x":5.86,
        "y":9.25
      },
      "OutputPinColourInfo":[{"PinColour":0,"PinID":41096156}],
      "InternalData":null
    },
    {
      "Name":"SR LATCH",
      "ID":1724210668,
      "Label":"",
      "Position":{
        "x":3.7725,
        "y":8.8125
      },
      "OutputPinColourInfo":[{"PinColour":0,"PinID":2039177547}],
      "InternalData":null
    },
    {
      "Name":"SR LATCH",
      "ID":198165604,
      "Label":"",
      "Position":{
        "x":3.7725,
        "y":8.1875
      },
      "OutputPinColourInfo":[{"PinColour":0,"PinID":2039177547}],
      "InternalData":null
    },
    {
      "Name":"SR LATCH",
      "ID":872812535,
      "Label":"",
      "Position":{
        "x":3.7725,
        "y":7.5625
      },
      "OutputPinColourInfo":[{"PinColour":0,"PinID":2039177547}],
      "InternalData":null
    },
    {
      "Name":"SR LATCH",
      "ID":707601000,
      "Label":"",
      "Position":{
        "x":3.7725,
        "y":6.9375
      },
      "OutputPinColourInfo":[{"PinColour":0,"PinID":2039177547}],
      "InternalData":null
    },
    {
      "Name":"SR LATCH",
      "ID":774274820,
      "Label":"",
      "Position":{
        "x":3.7725,
        "y":6.3125
      },
      "OutputPinColourInfo":[{"PinColour":0,"PinID":2039177547}],
      "InternalData":null
    },
    {
      "Name":"SR LATCH",
      "ID":967638324,
      "Label":"",
      "Position":{
        "x":3.7725,
        "y":5.75
      },
      "OutputPinColourInfo":[{"PinColour":0,"PinID":2039177547}],
      "InternalData":null
    },
    {
      "Name":"BUS BUFFER",
      "ID":1538338253,
      "Label":"",
      "Position":{
        "x":-3.315,
        "y":8.0
      },
      "OutputPinColourInfo":[{"PinColour":0,"PinID":1946253703}],
      "InternalData":null
    },
    {
      "Name":"OR",
      "ID":162426908,
      "Label":"",
      "Position":{
        "x":1.36,
        "y":5.375
      },
      "OutputPinColourInfo":[{"PinColour":0,"PinID":41096156}],
      "InternalData":null
    }
  ],
  "Wires":[
    {
      "SourcePinAddress":{
        "PinID":1194068813,
        "PinOwnerID":186795785
      },
      "TargetPinAddress":{
        "PinID":0,
        "PinOwnerID":1442045493
      },
      "ConnectionType":0,
      "ConnectedWireIndex":-1,
      "ConnectedWireSegmentIndex":-1,
      "Points":[{"x":0.0,"y":0.0},{"x":4.9375,"y":9.875},{"x":4.9375,"y":10.25},{"x":0.0,"y":0.0}]
    },
    {
      "SourcePinAddress":{
        "PinID":236157970,
        "PinOwnerID":186795785
      },
      "TargetPinAddress":{
        "PinID":0,
        "PinOwnerID":249156160
      },
      "ConnectionType":0,
      "ConnectedWireIndex":-1,
      "ConnectedWireSegmentIndex":-1,
      "Points":[{"x":0.0,"y":0.0},{"x":4.9375,"y":6.375},{"x":4.9375,"y":9.75},{"x":0.0,"y":0.0}]
    },
    {
      "SourcePinAddress":{
        "PinID":41096156,
        "PinOwnerID":916693043
      },
      "TargetPinAddress":{
        "PinID":0,
        "PinOwnerID":1717586500
      },
      "ConnectionType":0,
      "ConnectedWireIndex":-1,
      "ConnectedWireSegmentIndex":-1,
      "Points":[{"x":0.0,"y":0.0},{"x":0.0,"y":0.0}]
    },
    {
      "SourcePinAddress":{
        "PinID":2120347980,
        "PinOwnerID":186795785
      },
      "TargetPinAddress":{
        "PinID":0,
        "PinOwnerID":1949388619
      },
      "ConnectionType":0,
      "ConnectedWireIndex":-1,
      "ConnectedWireSegmentIndex":-1,
      "Points":[{"x":0.0,"y":0.0},{"x":4.6875,"y":9.625},{"x":4.6875,"y":8.25},{"x":0.0,"y":0.0}]
    },
    {
      "SourcePinAddress":{
        "PinID":2000291546,
        "PinOwnerID":186795785
      },
      "TargetPinAddress":{
        "PinID":0,
        "PinOwnerID":631394723
      },
      "ConnectionType":0,
      "ConnectedWireIndex":-1,
      "ConnectedWireSegmentIndex":-1,
      "Points":[{"x":0.0,"y":0.0},{"x":5.0625,"y":8.375},{"x":5.0625,"y":5.75},{"x":0.0,"y":0.0}]
    },
    {
      "SourcePinAddress":{
        "PinID":1301049964,
        "PinOwnerID":186795785
      },
      "TargetPinAddress":{
        "PinID":0,
        "PinOwnerID":593572540
      },
      "ConnectionType":0,
      "ConnectedWireIndex":-1,
      "ConnectedWireSegmentIndex":-1,
      "Points":[{"x":0.0,"y":0.0},{"x":5.1875,"y":7.375},{"x":5.1875,"y":6.75},{"x":0.0,"y":0.0}]
    },
    {
      "SourcePinAddress":{
        "PinID":1409356064,
        "PinOwnerID":186795785
      },
      "TargetPinAddress":{
        "PinID":0,
        "PinOwnerID":2078704814
      },
      "ConnectionType":0,
      "ConnectedWireIndex":-1,
      "ConnectedWireSegmentIndex":-1,
      "Points":[{"x":0.0,"y":0.0},{"x":5.3125,"y":6.625},{"x":5.3125,"y":7.75},{"x":0.0,"y":0.0}]
    },
    {
      "SourcePinAddress":{
        "PinID":195576675,
        "PinOwnerID":186795785
      },
      "TargetPinAddress":{
        "PinID":465323907,
        "PinOwnerID":707601000
      },
      "ConnectionType":0,
      "ConnectedWireIndex":-1,
      "ConnectedWireSegmentIndex":-1,
      "Points":[{"x":0.0,"y":0.0},{"x":-0.6875,"y":7.125},{"x":2.75,"y":7.125},{"x":2.75,"y":7.0625},{"x":0.0,"y":0.0}]
    },
    {
      "SourcePinAddress":{
        "PinID":1884987406,
        "PinOwnerID":186795785
      },
      "TargetPinAddress":{
        "PinID":465323907,
        "PinOwnerID":1724210668
      },
      "ConnectionType":0,
      "ConnectedWireIndex":-1,
      "ConnectedWireSegmentIndex":-1,
      "Points":[{"x":0.0,"y":0.0},{"x":0.5,"y":9.375},{"x":0.5,"y":8.9375},{"x":0.0,"y":0.0}]
    },
    {
      "SourcePinAddress":{
        "PinID":2039177547,
        "PinOwnerID":1724210668
      },
      "TargetPinAddress":{
        "PinID":1059060280,
        "PinOwnerID":916693043
      },
      "ConnectionType":0,
      "ConnectedWireIndex":-1,
      "ConnectedWireSegmentIndex":-1,
      "Points":[{"x":0.0,"y":0.0},{"x":4.4375,"y":8.8125},{"x":4.4375,"y":9.375},{"x":0.0,"y":0.0}]
    },
    {
      "SourcePinAddress":{
        "PinID":2039177547,
        "PinOwnerID":707601000
      },
      "TargetPinAddress":{
        "PinID":198837197,
        "PinOwnerID":916693043
      },
      "ConnectionType":0,
      "ConnectedWireIndex":-1,
      "ConnectedWireSegmentIndex":-1,
      "Points":[{"x":0.0,"y":0.0},{"x":4.4375,"y":6.9375},{"x":4.4375,"y":9.125},{"x":0.0,"y":0.0}]
    },
    {
      "SourcePinAddress":{
        "PinID":734976746,
        "PinOwnerID":186795785
      },
      "TargetPinAddress":{
        "PinID":465323907,
        "PinOwnerID":198165604
      },
      "ConnectionType":0,
      "ConnectedWireIndex":-1,
      "ConnectedWireSegmentIndex":-1,
      "Points":[{"x":0.0,"y":0.0},{"x":0.125,"y":8.625},{"x":0.125,"y":8.3125},{"x":0.0,"y":0.0}]
    },
    {
      "SourcePinAddress":{
        "PinID":2039177547,
        "PinOwnerID":198165604
      },
      "TargetPinAddress":{
        "PinID":0,
        "PinOwnerID":795330862
      },
      "ConnectionType":0,
      "ConnectedWireIndex":-1,
      "ConnectedWireSegmentIndex":-1,
      "Points":[{"x":0.0,"y":0.0},{"x":5.375,"y":8.1875},{"x":5.375,"y":5.25},{"x":0.0,"y":0.0}]
    },
    {
      "SourcePinAddress":{
        "PinID":1534967639,
        "PinOwnerID":186795785
      },
      "TargetPinAddress":{
        "PinID":465323907,
        "PinOwnerID":774274820
      },
      "ConnectionType":0,
      "ConnectedWireIndex":-1,
      "ConnectedWireSegmentIndex":-1,
      "Points":[{"x":0.0,"y":0.0},{"x":-0.3125,"y":6.875},{"x":-0.3125,"y":6.4375},{"x":0.0,"y":0.0}]
    },
    {
      "SourcePinAddress":{
        "PinID":2039177547,
        "PinOwnerID":774274820
      },
      "TargetPinAddress":{
        "PinID":0,
        "PinOwnerID":1425775125
      },
      "ConnectionType":0,
      "ConnectedWireIndex":-1,
      "ConnectedWireSegmentIndex":-1,
      "Points":[{"x":0.0,"y":0.0},{"x":6.3125,"y":6.3125},{"x":6.3125,"y":6.25},{"x":0.0,"y":0.0}]
    },
    {
      "SourcePinAddress":{
        "PinID":2039177547,
        "PinOwnerID":872812535
      },
      "TargetPinAddress":{
        "PinID":0,
        "PinOwnerID":253084425
      },
      "ConnectionType":0,
      "ConnectedWireIndex":-1,
      "ConnectedWireSegmentIndex":-1,
      "Points":[{"x":0.0,"y":0.0},{"x":5.9375,"y":7.5625},{"x":5.9375,"y":7.25},{"x":0.0,"y":0.0}]
    },
    {
      "SourcePinAddress":{
        "PinID":197563902,
        "PinOwnerID":186795785
      },
      "TargetPinAddress":{
        "PinID":465323907,
        "PinOwnerID":872812535
      },
      "ConnectionType":0,
      "ConnectedWireIndex":-1,
      "ConnectedWireSegmentIndex":-1,
      "Points":[{"x":0.0,"y":0.0},{"x":0.3125,"y":8.875},{"x":0.3125,"y":7.6875},{"x":0.0,"y":0.0}]
    },
    {
      "SourcePinAddress":{
        "PinID":2039177547,
        "PinOwnerID":1724210668
      },
      "TargetPinAddress":{
        "PinID":0,
        "PinOwnerID":1848050076
      },
      "ConnectionType":0,
      "ConnectedWireIndex":-1,
      "ConnectedWireSegmentIndex":-1,
      "Points":[{"x":0.0,"y":0.0},{"x":5.9375,"y":8.8125},{"x":6.25,"y":8.8125},{"x":0.0,"y":0.0}]
    },
    {
      "SourcePinAddress":{
        "PinID":2039177547,
        "PinOwnerID":967638324
      },
      "TargetPinAddress":{
        "PinID":0,
        "PinOwnerID":523047650
      },
      "ConnectionType":0,
      "ConnectedWireIndex":-1,
      "ConnectedWireSegmentIndex":-1,
      "Points":[{"x":0.0,"y":0.0},{"x":4.8125,"y":5.75},{"x":4.8125,"y":4.75},{"x":0.0,"y":0.0}]
    },
    {
      "SourcePinAddress":{
        "PinID":1064401464,
        "PinOwnerID":186795785
      },
      "TargetPinAddress":{
        "PinID":465323907,
        "PinOwnerID":967638324
      },
      "ConnectionType":0,
      "ConnectedWireIndex":-1,
      "ConnectedWireSegmentIndex":-1,
      "Points":[{"x":0.0,"y":0.0},{"x":-0.875,"y":7.625},{"x":-0.875,"y":5.875},{"x":0.0,"y":0.0}]
    },
    {
      "SourcePinAddress":{
        "PinID":2074098886,
        "PinOwnerID":186795785
      },
      "TargetPinAddress":{
        "PinID":0,
        "PinOwnerID":843193100
      },
      "ConnectionType":0,
      "ConnectedWireIndex":-1,
      "ConnectedWireSegmentIndex":-1,
      "Points":[{"x":0.0,"y":0.0},{"x":0.6875,"y":8.125},{"x":0.6875,"y":3.75},{"x":0.0,"y":0.0}]
    },
    {
      "SourcePinAddress":{
        "PinID":0,
        "PinOwnerID":1983140090
      },
      "TargetPinAddress":{
        "PinID":1857830482,
        "PinOwnerID":1538338253
      },
      "ConnectionType":0,
      "ConnectedWireIndex":-1,
      "ConnectedWireSegmentIndex":-1,
      "Points":[{"x":0.0,"y":0.0},{"x":0.0,"y":0.0}]
    },
    {
      "SourcePinAddress":{
        "PinID":1946253703,
        "PinOwnerID":1538338253
      },
      "TargetPinAddress":{
        "PinID":1547211972,
        "PinOwnerID":186795785
      },
      "ConnectionType":0,
      "ConnectedWireIndex":-1,
      "ConnectedWireSegmentIndex":-1,
      "Points":[{"x":0.0,"y":0.0},{"x":0.0,"y":0.0}]
    },
    {
      "SourcePinAddress":{
        "PinID":0,
        "PinOwnerID":295711295
      },
      "TargetPinAddress":{
        "PinID":2116089510,
        "PinOwnerID":1538338253
      },
      "ConnectionType":0,
      "ConnectedWireIndex":-1,
      "ConnectedWireSegmentIndex":-1,
      "Points":[{"x":0.0,"y":0.0},{"x":0.0,"y":0.0}]
    },
    {
      "SourcePinAddress":{
        "PinID":640014842,
        "PinOwnerID":186795785
      },
      "TargetPinAddress":{
        "PinID":0,
        "PinOwnerID":546971921
      },
      "ConnectionType":0,
      "ConnectedWireIndex":-1,
      "ConnectedWireSegmentIndex":-1,
      "Points":[{"x":0.0,"y":0.0},{"x":1.625,"y":8.875},{"x":1.625,"y":11.75},{"x":0.0,"y":0.0}]
    },
    {
      "SourcePinAddress":{
        "PinID":1864045819,
        "PinOwnerID":186795785
      },
      "TargetPinAddress":{
        "PinID":1059060280,
        "PinOwnerID":162426908
      },
      "ConnectionType":0,
      "ConnectedWireIndex":-1,
      "ConnectedWireSegmentIndex":-1,
      "Points":[{"x":0.0,"y":0.0},{"x":0.875,"y":7.875},{"x":0.875,"y":5.5},{"x":0.0,"y":0.0}]
    },
    {
      "SourcePinAddress":{
        "PinID":640014842,
        "PinOwnerID":186795785
      },
      "TargetPinAddress":{
        "PinID":198837197,
        "PinOwnerID":162426908
      },
      "ConnectionType":1,
      "ConnectedWireIndex":24,
      "ConnectedWireSegmentIndex":0,
      "Points":[{"x":1.625,"y":8.875},{"x":1.625,"y":6.1875},{"x":0.4375,"y":6.1875},{"x":0.4375,"y":5.25},{"x":0.0,"y":0.0}]
    },
    {
      "SourcePinAddress":{
        "PinID":41096156,
        "PinOwnerID":162426908
      },
      "TargetPinAddress":{
        "PinID":459092067,
        "PinOwnerID":967638324
      },
      "ConnectionType":0,
      "ConnectedWireIndex":-1,
      "ConnectedWireSegmentIndex":-1,
      "Points":[{"x":0.0,"y":0.0},{"x":2.9375,"y":5.375},{"x":2.9375,"y":5.625},{"x":0.0,"y":0.0}]
    },
    {
      "SourcePinAddress":{
        "PinID":41096156,
        "PinOwnerID":162426908
      },
      "TargetPinAddress":{
        "PinID":459092067,
        "PinOwnerID":774274820
      },
      "ConnectionType":1,
      "ConnectedWireIndex":27,
      "ConnectedWireSegmentIndex":1,
      "Points":[{"x":2.9375,"y":5.625},{"x":2.9375,"y":6.1875},{"x":0.0,"y":0.0}]
    },
    {
      "SourcePinAddress":{
        "PinID":41096156,
        "PinOwnerID":162426908
      },
      "TargetPinAddress":{
        "PinID":459092067,
        "PinOwnerID":707601000
      },
      "ConnectionType":1,
      "ConnectedWireIndex":28,
      "ConnectedWireSegmentIndex":0,
      "Points":[{"x":2.9375,"y":6.1875},{"x":2.9375,"y":6.8125},{"x":0.0,"y":0.0}]
    },
    {
      "SourcePinAddress":{
        "PinID":41096156,
        "PinOwnerID":162426908
      },
      "TargetPinAddress":{
        "PinID":459092067,
        "PinOwnerID":872812535
      },
      "ConnectionType":1,
      "ConnectedWireIndex":29,
      "ConnectedWireSegmentIndex":0,
      "Points":[{"x":2.9375,"y":6.8125},{"x":2.9375,"y":7.4375},{"x":0.0,"y":0.0}]
    },
    {
      "SourcePinAddress":{
        "PinID":41096156,
        "PinOwnerID":162426908
      },
      "TargetPinAddress":{
        "PinID":459092067,
        "PinOwnerID":198165604
      },
      "ConnectionType":1,
      "ConnectedWireIndex":30,
      "ConnectedWireSegmentIndex":0,
      "Points":[{"x":2.9375,"y":7.4375},{"x":2.9375,"y":8.0625},{"x":0.0,"y":0.0}]
    },
    {
      "SourcePinAddress":{
        "PinID":41096156,
        "PinOwnerID":162426908
      },
      "TargetPinAddress":{
        "PinID":459092067,
        "PinOwnerID":1724210668
      },
      "ConnectionType":1,
      "ConnectedWireIndex":31,
      "ConnectedWireSegmentIndex":0,
      "Points":[{"x":2.9375,"y":8.0625},{"x":2.9375,"y":8.6875},{"x":0.0,"y":0.0}]
    },
    {
      "SourcePinAddress":{
        "PinID":41096156,
        "PinOwnerID":162426908
      },
      "TargetPinAddress":{
        "PinID":0,
        "PinOwnerID":1451378258
      },
      "ConnectionType":1,
      "ConnectedWireIndex":27,
      "ConnectedWireSegmentIndex":0,
      "Points":[{"x":2.9375,"y":5.375},{"x":2.9375,"y":4.25},{"x":0.0,"y":0.0}]
    }
  ],
  "Displays": null
}