{
  "DLSVersion": "2.1.6",
  "Name": "INT 2",
  "NameLocation": 0,
  "ChipType": 0,
  "Size": {
    "x": 0.875,
    "y": 4.25
  },
  "Colour": {
    "r": 0.7327987,
    "g": 0.9085969,
    "b": 0.9257933,
    "a": 1
  },
  "InputPins":[
    {
      "Name":"5TH BIT",
      "ID":1115678901,
      "Position":{
        "x":-3.75,
        "y":3.375
      },
      "BitCount":1,
      "Colour":0,
      "ValueDisplayMode":0
    },
    {
      "Name":"IN",
      "ID":886100008,
      "Position":{
        "x":-3.75,
        "y":1.875
      },
      "BitCount":4,
      "Colour":0,
      "ValueDisplayMode":0
    },
    {
      "Name":"CLEAR",
      "ID":946554348,
      "Position":{
        "x":-3.75,
        "y":0.125
      },
      "BitCount":1,
      "Colour":0,
      "ValueDisplayMode":0
    }
  ],
  "OutputPins":[
    {
      "Name":"GREN",
      "ID":1049769025,
      "Position":{
        "x":8.25,
        "y":4.875
      },
      "BitCount":1,
      "Colour":0,
      "ValueDisplayMode":0
    },
    {
      "Name":"OUT",
      "ID":484518540,
      "Position":{
        "x":8.25,
        "y":4.1875
      },
      "BitCount":1,
      "Colour":0,
      "ValueDisplayMode":0
    },
    {
      "Name":"RBM",
      "ID":1401099455,
      "Position":{
        "x":8.25,
        "y":3.5
      },
      "BitCount":1,
      "Colour":0,
      "ValueDisplayMode":0
    },
    {
      "Name":"BMP",
      "ID":490718732,
      "Position":{
        "x":8.25,
        "y":3.0
      },
      "BitCount":1,
      "Colour":0,
      "ValueDisplayMode":0
    },
    {
      "Name":"BMM",
      "ID":316868227,
      "Position":{
        "x":8.25,
        "y":2.5
      },
      "BitCount":1,
      "Colour":0,
      "ValueDisplayMode":0
    },
    {
      "Name":"SBM",
      "ID":30021391,
      "Position":{
        "x":8.25,
        "y":2.0
      },
      "BitCount":1,
      "Colour":0,
      "ValueDisplayMode":0
    },
    {
      "Name":"CRZ",
      "ID":1349848624,
      "Position":{
        "x":8.25,
        "y":1.5
      },
      "BitCount":1,
      "Colour":0,
      "ValueDisplayMode":0
    },
    {
      "Name":"CPS",
      "ID":979647464,
      "Position":{
        "x":8.25,
        "y":1.0
      },
      "BitCount":1,
      "Colour":0,
      "ValueDisplayMode":0
    },
    {
      "Name":"CNG",
      "ID":1520707060,
      "Position":{
        "x":8.25,
        "y":0.5
      },
      "BitCount":1,
      "Colour":0,
      "ValueDisplayMode":0
    },
    {
      "Name":"COT",
      "ID":1403275240,
      "Position":{
        "x":8.25,
        "y":0.0
      },
      "BitCount":1,
      "Colour":0,
      "ValueDisplayMode":0
    },
    {
      "Name":"NIL",
      "ID":437950523,
      "Position":{
        "x":8.25,
        "y":-0.5
      },
      "BitCount":1,
      "Colour":0,
      "ValueDisplayMode":0
    },
    {
      "Name":"OUT",
      "ID":1285696832,
      "Position":{
        "x":8.25,
        "y":-1.0
      },
      "BitCount":1,
      "Colour":0,
      "ValueDisplayMode":0
    },
    {
      "Name":"CPU",
      "ID":1371368200,
      "Position":{
        "x":8.25,
        "y":-1.5
      },
      "BitCount":1,
      "Colour":0,
      "ValueDisplayMode":0
    },
    {
      "Name":"SCR",
      "ID":2110514525,
      "Position":{
        "x":8.25,
        "y":-1.9375
      },
      "BitCount":1,
      "Colour":0,
      "ValueDisplayMode":0
    },
    {
      "Name":"RRC",
      "ID":626002,
      "Position":{
        "x":8.25,
        "y":-2.4375
      },
      "BitCount":1,
      "Colour":0,
      "ValueDisplayMode":0
    },
    {
      "Name":"CLC",
      "ID":732270453,
      "Position":{
        "x":8.25,
        "y":-2.9375
      },
      "BitCount":1,
      "Colour":0,
      "ValueDisplayMode":0
    },
    {
      "Name":"RCP",
      "ID":1636049516,
      "Position":{
        "x":8.25,
        "y":-3.4375
      },
      "BitCount":1,
      "Colour":0,
      "ValueDisplayMode":0
    }
  ],
  "SubChips":[
    {
      "Name":"DEC-16",
      "ID":1633994219,
      "Label":"",
      "Position":{
        "x":-0.8275,
        "y":1.625
      },
      "OutputPinColourInfo":[{"PinColour":0,"PinID":1194068813},{"PinColour":0,"PinID":2120347980},{"PinColour":0,"PinID":1884987406},{"PinColour":0,"PinID":734976746},{"PinColour":0,"PinID":640014842},{"PinColour":0,"PinID":197563902},{"PinColour":0,"PinID":2000291546},{"PinColour":0,"PinID":2074098886},{"PinColour":0,"PinID":1864045819},{"PinColour":0,"PinID":1064401464},{"PinColour":0,"PinID":1301049964},{"PinColour":0,"PinID":195576675},{"PinColour":0,"PinID":1534967639},{"PinColour":0,"PinID":1409356064},{"PinColour":0,"PinID":236157970},{"PinColour":0,"PinID":1613947385}],
      "InternalData":null
    },
    {
      "Name":"SR LATCH",
      "ID":1822378818,
      "Label":"",
      "Position":{
        "x":3.5225,
        "y":-0.375
      },
      "OutputPinColourInfo":[{"PinColour":0,"PinID":2039177547}],
      "InternalData":null
    },
    {
      "Name":"SR LATCH",
      "ID":976816179,
      "Label":"",
      "Position":{
        "x":3.5225,
        "y":-1.0
      },
      "OutputPinColourInfo":[{"PinColour":0,"PinID":2039177547}],
      "InternalData":null
    },
    {
      "Name":"SR LATCH",
      "ID":1344956105,
      "Label":"",
      "Position":{
        "x":3.5225,
        "y":-1.625
      },
      "OutputPinColourInfo":[{"PinColour":0,"PinID":2039177547}],
      "InternalData":null
    },
    {
      "Name":"SR LATCH",
      "ID":1831100778,
      "Label":"",
      "Position":{
        "x":3.5225,
        "y":-2.25
      },
      "OutputPinColourInfo":[{"PinColour":0,"PinID":2039177547}],
      "InternalData":null
    },
    {
      "Name":"SR LATCH",
      "ID":1642995562,
      "Label":"",
      "Position":{
        "x":3.5225,
        "y":-2.9375
      },
      "OutputPinColourInfo":[{"PinColour":0,"PinID":2039177547}],
      "InternalData":null
    },
    {
      "Name":"3-STATE BUFFER",
      "ID":2092578867,
      "Label":"",
      "Position":{
        "x":1.5,
        "y":-2.8125
      },
      "OutputPinColourInfo":[{"PinColour":0,"PinID":2}],
      "InternalData":null
    },
    {
      "Name":"OR",
      "ID":1241923180,
      "Label":"",
      "Position":{
        "x":4.985,
        "y":1.4375
      },
      "OutputPinColourInfo":[{"PinColour":0,"PinID":41096156}],
      "InternalData":null
    }
  ],
  "Wires":[
    {
      "SourcePinAddress":{
        "PinID":236157970,
        "PinOwnerID":1633994219
      },
      "TargetPinAddress":{
        "PinID":0,
        "PinOwnerID":979647464
      },
      "ConnectionType":0,
      "ConnectedWireIndex":-1,
      "ConnectedWireSegmentIndex":-1,
      "Points":[{"x":0.0,"y":0.0},{"x":6.0,"y":0.0},{"x":6.0,"y":1.0},{"x":0.0,"y":0.0}]
    },
    {
      "SourcePinAddress":{
        "PinID":1409356064,
        "PinOwnerID":1633994219
      },
      "TargetPinAddress":{
        "PinID":0,
        "PinOwnerID":1371368200
      },
      "ConnectionType":0,
      "ConnectedWireIndex":-1,
      "ConnectedWireSegmentIndex":-1,
      "Points":[{"x":0.0,"y":0.0},{"x":6.125,"y":0.25},{"x":6.125,"y":-1.5},{"x":0.0,"y":0.0}]
    },
    {
      "SourcePinAddress":{
        "PinID":1534967639,
        "PinOwnerID":1633994219
      },
      "TargetPinAddress":{
        "PinID":0,
        "PinOwnerID":2110514525
      },
      "ConnectionType":0,
      "ConnectedWireIndex":-1,
      "ConnectedWireSegmentIndex":-1,
      "Points":[{"x":0.0,"y":0.0},{"x":6.25,"y":0.5},{"x":6.25,"y":-1.9375},{"x":0.0,"y":0.0}]
    },
    {
      "SourcePinAddress":{
        "PinID":195576675,
        "PinOwnerID":1633994219
      },
      "TargetPinAddress":{
        "PinID":0,
        "PinOwnerID":1349848624
      },
      "ConnectionType":0,
      "ConnectedWireIndex":-1,
      "ConnectedWireSegmentIndex":-1,
      "Points":[{"x":0.0,"y":0.0},{"x":6.375,"y":0.75},{"x":6.375,"y":1.5},{"x":0.0,"y":0.0}]
    },
    {
      "SourcePinAddress":{
        "PinID":2000291546,
        "PinOwnerID":1633994219
      },
      "TargetPinAddress":{
        "PinID":0,
        "PinOwnerID":30021391
      },
      "ConnectionType":0,
      "ConnectedWireIndex":-1,
      "ConnectedWireSegmentIndex":-1,
      "Points":[{"x":0.0,"y":0.0},{"x":0.0,"y":0.0}]
    },
    {
      "SourcePinAddress":{
        "PinID":640014842,
        "PinOwnerID":1633994219
      },
      "TargetPinAddress":{
        "PinID":0,
        "PinOwnerID":1049769025
      },
      "ConnectionType":0,
      "ConnectedWireIndex":-1,
      "ConnectedWireSegmentIndex":-1,
      "Points":[{"x":0.0,"y":0.0},{"x":6.0,"y":2.5},{"x":6.0,"y":4.875},{"x":0.0,"y":0.0}]
    },
    {
      "SourcePinAddress":{
        "PinID":1884987406,
        "PinOwnerID":1633994219
      },
      "TargetPinAddress":{
        "PinID":0,
        "PinOwnerID":732270453
      },
      "ConnectionType":0,
      "ConnectedWireIndex":-1,
      "ConnectedWireSegmentIndex":-1,
      "Points":[{"x":0.0,"y":0.0},{"x":6.125,"y":3.0},{"x":6.125,"y":-2.9375},{"x":0.0,"y":0.0}]
    },
    {
      "SourcePinAddress":{
        "PinID":1194068813,
        "PinOwnerID":1633994219
      },
      "TargetPinAddress":{
        "PinID":0,
        "PinOwnerID":1520707060
      },
      "ConnectionType":0,
      "ConnectedWireIndex":-1,
      "ConnectedWireSegmentIndex":-1,
      "Points":[{"x":0.0,"y":0.0},{"x":6.375,"y":3.5},{"x":6.375,"y":0.5},{"x":0.0,"y":0.0}]
    },
    {
      "SourcePinAddress":{
        "PinID":2120347980,
        "PinOwnerID":1633994219
      },
      "TargetPinAddress":{
        "PinID":0,
        "PinOwnerID":1285696832
      },
      "ConnectionType":0,
      "ConnectedWireIndex":-1,
      "ConnectedWireSegmentIndex":-1,
      "Points":[{"x":0.0,"y":0.0},{"x":6.5,"y":3.25},{"x":6.5,"y":-1.0},{"x":0.0,"y":0.0}]
    },
    {
      "SourcePinAddress":{
        "PinID":0,
        "PinOwnerID":886100008
      },
      "TargetPinAddress":{
        "PinID":1547211972,
        "PinOwnerID":1633994219
      },
      "ConnectionType":0,
      "ConnectedWireIndex":-1,
      "ConnectedWireSegmentIndex":-1,
      "Points":[{"x":0.0,"y":0.0},{"x":-2.1875,"y":1.875},{"x":-2.1875,"y":3.4375},{"x":0.0,"y":0.0}]
    },
    {
      "SourcePinAddress":{
        "PinID":0,
        "PinOwnerID":1115678901
      },
      "TargetPinAddress":{
        "PinID":1118433863,
        "PinOwnerID":1633994219
      },
      "ConnectionType":0,
      "ConnectedWireIndex":-1,
      "ConnectedWireSegmentIndex":-1,
      "Points":[{"x":0.0,"y":0.0},{"x":-2.625,"y":3.375},{"x":-2.625,"y":-0.25},{"x":0.0,"y":0.0}]
    },
    {
      "SourcePinAddress":{
        "PinID":1301049964,
        "PinOwnerID":1633994219
      },
      "TargetPinAddress":{
        "PinID":465323907,
        "PinOwnerID":1831100778
      },
      "ConnectionType":0,
      "ConnectedWireIndex":-1,
      "ConnectedWireSegmentIndex":-1,
      "Points":[{"x":0.0,"y":0.0},{"x":1.6875,"y":1.0},{"x":1.6875,"y":-2.125},{"x":0.0,"y":0.0}]
    },
    {
      "SourcePinAddress":{
        "PinID":1064401464,
        "PinOwnerID":1633994219
      },
      "TargetPinAddress":{
        "PinID":465323907,
        "PinOwnerID":1344956105
      },
      "ConnectionType":0,
      "ConnectedWireIndex":-1,
      "ConnectedWireSegmentIndex":-1,
      "Points":[{"x":0.0,"y":0.0},{"x":1.8125,"y":1.25},{"x":1.8125,"y":-1.5},{"x":0.0,"y":0.0}]
    },
    {
      "SourcePinAddress":{
        "PinID":197563902,
        "PinOwnerID":1633994219
      },
      "TargetPinAddress":{
        "PinID":465323907,
        "PinOwnerID":976816179
      },
      "ConnectionType":0,
      "ConnectedWireIndex":-1,
      "ConnectedWireSegmentIndex":-1,
      "Points":[{"x":0.0,"y":0.0},{"x":1.9375,"y":2.25},{"x":1.9375,"y":-0.875},{"x":0.0,"y":0.0}]
    },
    {
      "SourcePinAddress":{
        "PinID":734976746,
        "PinOwnerID":1633994219
      },
      "TargetPinAddress":{
        "PinID":465323907,
        "PinOwnerID":1822378818
      },
      "ConnectionType":0,
      "ConnectedWireIndex":-1,
      "ConnectedWireSegmentIndex":-1,
      "Points":[{"x":0.0,"y":0.0},{"x":2.0625,"y":2.75},{"x":2.0625,"y":-0.25},{"x":0.0,"y":0.0}]
    },
    {
      "SourcePinAddress":{
        "PinID":0,
        "PinOwnerID":946554348
      },
      "TargetPinAddress":{
        "PinID":459092067,
        "PinOwnerID":1642995562
      },
      "ConnectionType":0,
      "ConnectedWireIndex":-1,
      "ConnectedWireSegmentIndex":-1,
      "Points":[{"x":0.0,"y":0.0},{"x":-3.0,"y":-3.0},{"x":0.0,"y":0.0}]
    },
    {
      "SourcePinAddress":{
        "PinID":0,
        "PinOwnerID":946554348
      },
      "TargetPinAddress":{
        "PinID":459092067,
        "PinOwnerID":1831100778
      },
      "ConnectionType":1,
      "ConnectedWireIndex":15,
      "ConnectedWireSegmentIndex":0,
      "Points":[{"x":-3.0,"y":-2.375},{"x":0.0,"y":0.0}]
    },
    {
      "SourcePinAddress":{
        "PinID":0,
        "PinOwnerID":946554348
      },
      "TargetPinAddress":{
        "PinID":459092067,
        "PinOwnerID":1344956105
      },
      "ConnectionType":1,
      "ConnectedWireIndex":15,
      "ConnectedWireSegmentIndex":0,
      "Points":[{"x":-3.0,"y":-1.75},{"x":0.0,"y":0.0}]
    },
    {
      "SourcePinAddress":{
        "PinID":0,
        "PinOwnerID":946554348
      },
      "TargetPinAddress":{
        "PinID":459092067,
        "PinOwnerID":976816179
      },
      "ConnectionType":1,
      "ConnectedWireIndex":15,
      "ConnectedWireSegmentIndex":0,
      "Points":[{"x":-3.0,"y":-1.125},{"x":0.0,"y":0.0}]
    },
    {
      "SourcePinAddress":{
        "PinID":0,
        "PinOwnerID":946554348
      },
      "TargetPinAddress":{
        "PinID":459092067,
        "PinOwnerID":1822378818
      },
      "ConnectionType":1,
      "ConnectedWireIndex":15,
      "ConnectedWireSegmentIndex":0,
      "Points":[{"x":-3.0,"y":-0.5},{"x":0.0,"y":0.0}]
    },
    {
      "SourcePinAddress":{
        "PinID":2039177547,
        "PinOwnerID":1822378818
      },
      "TargetPinAddress":{
        "PinID":0,
        "PinOwnerID":626002
      },
      "ConnectionType":0,
      "ConnectedWireIndex":-1,
      "ConnectedWireSegmentIndex":-1,
      "Points":[{"x":0.0,"y":0.0},{"x":4.375,"y":-0.375},{"x":6.0,"y":-0.375},{"x":6.0,"y":-2.4375},{"x":0.0,"y":0.0}]
    },
    {
      "SourcePinAddress":{
        "PinID":2039177547,
        "PinOwnerID":976816179
      },
      "TargetPinAddress":{
        "PinID":0,
        "PinOwnerID":437950523
      },
      "ConnectionType":0,
      "ConnectedWireIndex":-1,
      "ConnectedWireSegmentIndex":-1,
      "Points":[{"x":0.0,"y":0.0},{"x":5.875,"y":-1.0},{"x":5.875,"y":-0.5},{"x":0.0,"y":0.0}]
    },
    {
      "SourcePinAddress":{
        "PinID":2039177547,
        "PinOwnerID":1344956105
      },
      "TargetPinAddress":{
        "PinID":0,
        "PinOwnerID":1636049516
      },
      "ConnectionType":0,
      "ConnectedWireIndex":-1,
      "ConnectedWireSegmentIndex":-1,
      "Points":[{"x":0.0,"y":0.0},{"x":5.875,"y":-1.625},{"x":5.875,"y":-3.4375},{"x":0.0,"y":0.0}]
    },
    {
      "SourcePinAddress":{
        "PinID":2039177547,
        "PinOwnerID":1831100778
      },
      "TargetPinAddress":{
        "PinID":0,
        "PinOwnerID":316868227
      },
      "ConnectionType":0,
      "ConnectedWireIndex":-1,
      "ConnectedWireSegmentIndex":-1,
      "Points":[{"x":0.0,"y":0.0},{"x":5.75,"y":-2.25},{"x":5.75,"y":2.5},{"x":0.0,"y":0.0}]
    },
    {
      "SourcePinAddress":{
        "PinID":2039177547,
        "PinOwnerID":1642995562
      },
      "TargetPinAddress":{
        "PinID":0,
        "PinOwnerID":490718732
      },
      "ConnectionType":0,
      "ConnectedWireIndex":-1,
      "ConnectedWireSegmentIndex":-1,
      "Points":[{"x":0.0,"y":0.0},{"x":6.375,"y":-2.875},{"x":6.375,"y":3.0},{"x":0.0,"y":0.0}]
    },
    {
      "SourcePinAddress":{
        "PinID":2,
        "PinOwnerID":2092578867
      },
      "TargetPinAddress":{
        "PinID":465323907,
        "PinOwnerID":1642995562
      },
      "ConnectionType":0,
      "ConnectedWireIndex":-1,
      "ConnectedWireSegmentIndex":-1,
      "Points":[{"x":0.0,"y":0.0},{"x":0.0,"y":0.0}]
    },
    {
      "SourcePinAddress":{
        "PinID":0,
        "PinOwnerID":1115678901
      },
      "TargetPinAddress":{
        "PinID":1,
        "PinOwnerID":2092578867
      },
      "ConnectionType":1,
      "ConnectedWireIndex":10,
      "ConnectedWireSegmentIndex":2,
      "Points":[{"x":-2.25,"y":-0.25},{"x":-2.25,"y":-3.0},{"x":0.0,"y":0.0}]
    },
    {
      "SourcePinAddress":{
        "PinID":1613947385,
        "PinOwnerID":1633994219
      },
      "TargetPinAddress":{
        "PinID":0,
        "PinOwnerID":2092578867
      },
      "ConnectionType":0,
      "ConnectedWireIndex":-1,
      "ConnectedWireSegmentIndex":-1,
      "Points":[{"x":0.0,"y":0.0},{"x":0.125,"y":-0.25},{"x":0.125,"y":-2.625},{"x":0.0,"y":0.0}]
    },
    {
      "SourcePinAddress":{
        "PinID":2039177547,
        "PinOwnerID":1642995562
      },
      "TargetPinAddress":{
        "PinID":198837197,
        "PinOwnerID":1241923180
      },
      "ConnectionType":1,
      "ConnectedWireIndex":24,
      "ConnectedWireSegmentIndex":0,
      "Points":[{"x":4.37476,"y":-2.92865},{"x":4.37476,"y":1.25},{"x":0.0,"y":0.0}]
    },
    {
      "SourcePinAddress":{
        "PinID":2039177547,
        "PinOwnerID":1831100778
      },
      "TargetPinAddress":{
        "PinID":1059060280,
        "PinOwnerID":1241923180
      },
      "ConnectionType":1,
      "ConnectedWireIndex":23,
      "ConnectedWireSegmentIndex":0,
      "Points":[{"x":4.6875,"y":-2.25},{"x":4.6875,"y":1.0},{"x":4.5,"y":1.0},{"x":4.5,"y":1.5625},{"x":0.0,"y":0.0}]
    },
    {
      "SourcePinAddress":{
        "PinID":41096156,
        "PinOwnerID":1241923180
      },
      "TargetPinAddress":{
        "PinID":0,
        "PinOwnerID":1401099455
      },
      "ConnectionType":0,
      "ConnectedWireIndex":-1,
      "ConnectedWireSegmentIndex":-1,
      "Points":[{"x":0.0,"y":0.0},{"x":0.0,"y":0.0}]
    }
  ],
  "Displays": null
}