{
  "DLSVersion": "2.1.6",
  "Name": "KCS-MANUAL",
  "NameLocation": 0,
  "ChipType": 0,
  "Size": {
    "x": 1.625,
    "y": 1.5
  },
  "Colour": {
    "r": 0.0861479,
    "g": 0.125144869,
    "b": 0.296132416,
    "a": 1
  },
  "InputPins":[
    {
      "Name":"IN",
      "ID":1133186647,
      "Position":{
        "x":-11.75,
        "y":8.0625
      },
      "BitCount":8,
      "Colour":0,
      "ValueDisplayMode":0
    },
    {
      "Name":"IN",
      "ID":412738079,
      "Position":{
        "x":-11.75,
        "y":7.5
      },
      "BitCount":8,
      "Colour":6,
      "ValueDisplayMode":0
    },
    {
      "Name":"IN",
      "ID":968933600,
      "Position":{
        "x":-11.75,
        "y":7.0
      },
      "BitCount":1,
      "Colour":3,
      "ValueDisplayMode":0
    },
    {
      "Name":"IN",
      "ID":447805542,
      "Position":{
        "x":-11.75,
        "y":6.5
      },
      "BitCount":1,
      "Colour":4,
      "ValueDisplayMode":0
    }
  ],
  "OutputPins":[],
  "SubChips":[
    {
      "Name":"ALU-3",
      "ID":2115567979,
      "Label":"",
      "Position":{
        "x":6.9475,
        "y":1.5625
      },
      "OutputPinColourInfo":[{"PinColour":0,"PinID":1520549759}],
      "InternalData":null
    },
    {
      "Name":"ALU-0",
      "ID":1396896760,
      "Label":"",
      "Position":{
        "x":4.0225,
        "y":5.125
      },
      "OutputPinColourInfo":[{"PinColour":0,"PinID":693219258}],
      "InternalData":null
    },
    {
      "Name":"RAM",
      "ID":2024669578,
      "Label":"",
      "Position":{
        "x":0.5475,
        "y":5.1875
      },
      "OutputPinColourInfo":[{"PinColour":0,"PinID":1867862492}],
      "InternalData":null
    },
    {
      "Name":"REGISTER",
      "ID":1852589780,
      "Label":"",
      "Position":{
        "x":4.0475,
        "y":0.4375
      },
      "OutputPinColourInfo":[{"PinColour":0,"PinID":426770977}],
      "InternalData":null
    },
    {
      "Name":"REGISTER",
      "ID":2102161261,
      "Label":"",
      "Position":{
        "x":0.7975,
        "y":0.4375
      },
      "OutputPinColourInfo":[{"PinColour":0,"PinID":426770977}],
      "InternalData":null
    },
    {
      "Name":"INT 2",
      "ID":1825453064,
      "Label":"",
      "Position":{
        "x":-3.1775,
        "y":6.375
      },
      "OutputPinColourInfo":[{"PinColour":0,"PinID":1049769025},{"PinColour":6,"PinID":484518540},{"PinColour":4,"PinID":1401099455},{"PinColour":5,"PinID":490718732},{"PinColour":5,"PinID":316868227},{"PinColour":3,"PinID":30021391},{"PinColour":6,"PinID":1349848624},{"PinColour":6,"PinID":979647464},{"PinColour":6,"PinID":1520707060},{"PinColour":4,"PinID":1403275240},{"PinColour":4,"PinID":437950523},{"PinColour":3,"PinID":1285696832},{"PinColour":3,"PinID":1371368200},{"PinColour":3,"PinID":2110514525},{"PinColour":4,"PinID":626002},{"PinColour":6,"PinID":732270453},{"PinColour":4,"PinID":1636049516}],
      "InternalData":null
    },
    {
      "Name":"INT 1",
      "ID":1961676607,
      "Label":"",
      "Position":{
        "x":-5.865,
        "y":6.3125
      },
      "OutputPinColourInfo":[{"PinColour":0,"PinID":546971921},{"PinColour":3,"PinID":1442045493},{"PinColour":3,"PinID":249156160},{"PinColour":4,"PinID":1717586500},{"PinColour":5,"PinID":1848050076},{"PinColour":3,"PinID":1949388619},{"PinColour":3,"PinID":2078704814},{"PinColour":4,"PinID":253084425},{"PinColour":3,"PinID":593572540},{"PinColour":4,"PinID":1425775125},{"PinColour":3,"PinID":631394723},{"PinColour":4,"PinID":795330862},{"PinColour":4,"PinID":523047650},{"PinColour":3,"PinID":1451378258},{"PinColour":6,"PinID":843193100}],
      "InternalData":null
    },
    {
      "Name":"OR",
      "ID":337847770,
      "Label":"",
      "Position":{
        "x":-1.89,
        "y":8.25
      },
      "OutputPinColourInfo":[{"PinColour":6,"PinID":41096156}],
      "InternalData":null
    },
    {
      "Name":"BUS-8",
      "ID":582709621,
      "Label":"",
      "Position":{
        "x":-11.49,
        "y":3.3125
      },
      "OutputPinColourInfo":null,
      "InternalData":[589340773,0]
    },
    {
      "Name":"BUS-TERMINUS-8",
      "ID":589340773,
      "Label":"",
      "Position":{
        "x":9.385,
        "y":3.25
      },
      "OutputPinColourInfo":null,
      "InternalData":[582709621,0]
    },
    {
      "Name":"BUS-1",
      "ID":1756920156,
      "Label":"",
      "Position":{
        "x":-11.49,
        "y":2.875
      },
      "OutputPinColourInfo":null,
      "InternalData":[1130357868,0]
    },
    {
      "Name":"BUS-TERMINUS-1",
      "ID":1130357868,
      "Label":"",
      "Position":{
        "x":9.385,
        "y":2.8125
      },
      "OutputPinColourInfo":null,
      "InternalData":[1756920156,0]
    },
    {
      "Name":"CLK",
      "ID":1172272482,
      "Label":"",
      "Position":{
        "x":-11.2975,
        "y":2.4375
      },
      "OutputPinColourInfo":[{"PinColour":2,"PinID":1390412322}],
      "InternalData":null
    },
    {
      "Name":"NIL",
      "ID":2112358233,
      "Label":"",
      "Position":{
        "x":-6.0775,
        "y":3.875
      },
      "OutputPinColourInfo":[{"PinColour":0,"PinID":503157428}],
      "InternalData":null
    },
    {
      "Name":"KEY",
      "ID":716001691,
      "Label":"",
      "Position":{
        "x":-9.9475,
        "y":6.0
      },
      "OutputPinColourInfo":[{"PinColour":6,"PinID":0}],
      "InternalData":[76]
    },
    {
      "Name":"KEY",
      "ID":474758733,
      "Label":"",
      "Position":{
        "x":-9.9475,
        "y":5.5
      },
      "OutputPinColourInfo":[{"PinColour":6,"PinID":0}],
      "InternalData":[77]
    },
    {
      "Name":"REGISTER",
      "ID":939861329,
      "Label":"",
      "Position":{
        "x":7.1725,
        "y":5.0625
      },
      "OutputPinColourInfo":[{"PinColour":0,"PinID":426770977}],
      "InternalData":null
    },
    {
      "Name":"INPUT",
      "ID":138864867,
      "Label":"",
      "Position":{
        "x":-2.5525,
        "y":0.875
      },
      "OutputPinColourInfo":[{"PinColour":0,"PinID":1139209742}],
      "InternalData":null
    },
    {
      "Name":"OUTPUT",
      "ID":1142705658,
      "Label":"",
      "Position":{
        "x":-5.9775,
        "y":1.875
      },
      "OutputPinColourInfo":[],
      "InternalData":null
    },
    {
      "Name":"LED",
      "ID":1661192418,
      "Label":"START",
      "Position":{
        "x":-9.365,
        "y":9.4375
      },
      "OutputPinColourInfo":[],
      "InternalData":[0]
    },
    {
      "Name":"LED",
      "ID":227061097,
      "Label":"RUN",
      "Position":{
        "x":-8.74,
        "y":9.4375
      },
      "OutputPinColourInfo":[],
      "InternalData":[1]
    },
    {
      "Name":"LED",
      "ID":392364507,
      "Label":"CLOCK",
      "Position":{
        "x":-10.49,
        "y":9.4375
      },
      "OutputPinColourInfo":[],
      "InternalData":[2]
    },
    {
      "Name":"LED",
      "ID":650664900,
      "Label":"END",
      "Position":{
        "x":-8.115,
        "y":9.4375
      },
      "OutputPinColourInfo":[],
      "InternalData":[3]
    },
    {
      "Name":"LED",
      "ID":1176197377,
      "Label":"",
      "Position":{
        "x":-7.115,
        "y":9.8125
      },
      "OutputPinColourInfo":[],
      "InternalData":[3]
    },
    {
      "Name":"LED",
      "ID":1780879378,
      "Label":"REG A",
      "Position":{
        "x":-7.115,
        "y":9.4375
      },
      "OutputPinColourInfo":[],
      "InternalData":[4]
    },
    {
      "Name":"LED",
      "ID":718719063,
      "Label":"",
      "Position":{
        "x":-6.24,
        "y":9.8125
      },
      "OutputPinColourInfo":[],
      "InternalData":[3]
    },
    {
      "Name":"LED",
      "ID":1350083883,
      "Label":"REG B",
      "Position":{
        "x":-6.24,
        "y":9.4375
      },
      "OutputPinColourInfo":[],
      "InternalData":[4]
    },
    {
      "Name":"LED",
      "ID":610093989,
      "Label":"",
      "Position":{
        "x":-5.365,
        "y":9.8125
      },
      "OutputPinColourInfo":[],
      "InternalData":[3]
    },
    {
      "Name":"LED",
      "ID":1066433796,
      "Label":"REG C",
      "Position":{
        "x":-5.365,
        "y":9.4375
      },
      "OutputPinColourInfo":[],
      "InternalData":[4]
    },
    {
      "Name":"LED",
      "ID":1198928533,
      "Label":"",
      "Position":{
        "x":-4.365,
        "y":10.5625
      },
      "OutputPinColourInfo":[],
      "InternalData":[3]
    },
    {
      "Name":"LED",
      "ID":1679189327,
      "Label":"",
      "Position":{
        "x":-4.365,
        "y":10.1875
      },
      "OutputPinColourInfo":[],
      "InternalData":[3]
    },
    {
      "Name":"LED",
      "ID":842359175,
      "Label":"",
      "Position":{
        "x":-4.365,
        "y":9.8125
      },
      "OutputPinColourInfo":[],
      "InternalData":[4]
    },
    {
      "Name":"LED",
      "ID":940397566,
      "Label":"ALU",
      "Position":{
        "x":-4.365,
        "y":9.4375
      },
      "OutputPinColourInfo":[],
      "InternalData":[5]
    },
    {
      "Name":"LED",
      "ID":904120582,
      "Label":"",
      "Position":{
        "x":-3.365,
        "y":10.5625
      },
      "OutputPinColourInfo":[],
      "InternalData":[3]
    },
    {
      "Name":"LED",
      "ID":41619252,
      "Label":"",
      "Position":{
        "x":-3.365,
        "y":9.8125
      },
      "OutputPinColourInfo":[],
      "InternalData":[5]
    },
    {
      "Name":"LED",
      "ID":127183631,
      "Label":"BMP",
      "Position":{
        "x":-3.365,
        "y":9.4375
      },
      "OutputPinColourInfo":[],
      "InternalData":[5]
    },
    {
      "Name":"LED",
      "ID":798187040,
      "Label":"",
      "Position":{
        "x":-3.365,
        "y":10.1875
      },
      "OutputPinColourInfo":[],
      "InternalData":[4]
    },
    {
      "Name":"LED",
      "ID":1832178359,
      "Label":"NIL",
      "Position":{
        "x":-2.615,
        "y":9.4375
      },
      "OutputPinColourInfo":[],
      "InternalData":[4]
    },
    {
      "Name":"LED",
      "ID":1663478360,
      "Label":"COND",
      "Position":{
        "x":-10.49,
        "y":10.5625
      },
      "OutputPinColourInfo":[],
      "InternalData":[6]
    },
    {
      "Name":"ALU-1",
      "ID":1406661507,
      "Label":"",
      "Position":{
        "x":-9.8025,
        "y":4.1875
      },
      "OutputPinColourInfo":[{"PinColour":0,"PinID":693219258},{"PinColour":0,"PinID":957766586},{"PinColour":0,"PinID":738519111},{"PinColour":0,"PinID":2044926643}],
      "InternalData":null
    },
    {
      "Name":"NOR",
      "ID":637030946,
      "Label":"",
      "Position":{
        "x":-8.3275,
        "y":3.875
      },
      "OutputPinColourInfo":[{"PinColour":0,"PinID":424647267}],
      "InternalData":null
    },
    {
      "Name":"LED",
      "ID":1182500480,
      "Label":"-",
      "Position":{
        "x":-9.615,
        "y":10.5625
      },
      "OutputPinColourInfo":[],
      "InternalData":[0]
    },
    {
      "Name":"LED",
      "ID":152937868,
      "Label":"0",
      "Position":{
        "x":-9.115,
        "y":10.5625
      },
      "OutputPinColourInfo":[],
      "InternalData":[2]
    },
    {
      "Name":"LED",
      "ID":190981716,
      "Label":"+",
      "Position":{
        "x":-8.615,
        "y":10.5625
      },
      "OutputPinColourInfo":[],
      "InternalData":[4]
    },
    {
      "Name":"2-COMP DECIMAL-8",
      "ID":956868407,
      "Label":"",
      "Position":{
        "x":-5.39,
        "y":11.9375
      },
      "OutputPinColourInfo":[],
      "InternalData":null
    },
    {
      "Name":"NOT",
      "ID":906519239,
      "Label":"",
      "Position":{
        "x":-7.39,
        "y":8.0625
      },
      "OutputPinColourInfo":[{"PinColour":6,"PinID":722248817}],
      "InternalData":null
    },
    {
      "Name":"MEMORY TRAIN",
      "ID":300713958,
      "Label":"",
      "Position":{
        "x":-8.815,
        "y":7.1875
      },
      "OutputPinColourInfo":[{"PinColour":0,"PinID":1648492696}],
      "InternalData":null
    },
    {
      "Name":"8-4BIT",
      "ID":698506550,
      "Label":"",
      "Position":{
        "x":-8.8025,
        "y":6.0625
      },
      "OutputPinColourInfo":[{"PinColour":0,"PinID":1},{"PinColour":0,"PinID":2}],
      "InternalData":null
    },
    {
      "Name":"8-1BIT",
      "ID":1526170182,
      "Label":"",
      "Position":{
        "x":-7.3025,
        "y":6.6875
      },
      "OutputPinColourInfo":[{"PinColour":0,"PinID":1},{"PinColour":0,"PinID":2},{"PinColour":0,"PinID":3},{"PinColour":0,"PinID":4},{"PinColour":0,"PinID":5},{"PinColour":0,"PinID":6},{"PinColour":0,"PinID":7},{"PinColour":0,"PinID":8}],
      "InternalData":null
    },
    {
      "Name":"8BUF",
      "ID":418793874,
      "Label":"",
      "Position":{
        "x":-8.2525,
        "y":4.8125
      },
      "OutputPinColourInfo":[{"PinColour":0,"PinID":1321101400}],
      "InternalData":null
    }
  ],
  "Wires":[
    {
      "SourcePinAddress":{
        "PinID":484518540,
        "PinOwnerID":1825453064
      },
      "TargetPinAddress":{
        "PinID":198837197,
        "PinOwnerID":337847770
      },
      "ConnectionType":0,
      "ConnectedWireIndex":-1,
      "ConnectedWireSegmentIndex":-1,
      "Points":[{"x":0.0,"y":0.0},{"x":0.0,"y":0.0}]
    },
    {
      "SourcePinAddress":{
        "PinID":1,
        "PinOwnerID":582709621
      },
      "TargetPinAddress":{
        "PinID":0,
        "PinOwnerID":589340773
      },
      "ConnectionType":0,
      "ConnectedWireIndex":-1,
      "ConnectedWireSegmentIndex":-1,
      "Points":[{"x":0.0,"y":0.0},{"x":0.0,"y":0.0}]
    },
    {
      "SourcePinAddress":{
        "PinID":1,
        "PinOwnerID":1756920156
      },
      "TargetPinAddress":{
        "PinID":0,
        "PinOwnerID":1130357868
      },
      "ConnectionType":0,
      "ConnectedWireIndex":-1,
      "ConnectedWireSegmentIndex":-1,
      "Points":[{"x":0.0,"y":0.0},{"x":0.0,"y":0.0}]
    },
    {
      "SourcePinAddress":{
        "PinID":1390412322,
        "PinOwnerID":1172272482
      },
      "TargetPinAddress":{
        "PinID":0,
        "PinOwnerID":1756920156
      },
      "ConnectionType":2,
      "ConnectedWireIndex":2,
      "ConnectedWireSegmentIndex":0,
      "Points":[{"x":0.0,"y":0.0},{"x":-11.00001,"y":2.87392}]
    },
    {
      "SourcePinAddress":{
        "PinID":1520549759,
        "PinOwnerID":2115567979
      },
      "TargetPinAddress":{
        "PinID":0,
        "PinOwnerID":582709621
      },
      "ConnectionType":2,
      "ConnectedWireIndex":1,
      "ConnectedWireSegmentIndex":0,
      "Points":[{"x":0.0,"y":0.0},{"x":8.0,"y":1.5625},{"x":7.99963,"y":3.25379}]
    },
    {
      "SourcePinAddress":{
        "PinID":1867862492,
        "PinOwnerID":2024669578
      },
      "TargetPinAddress":{
        "PinID":0,
        "PinOwnerID":582709621
      },
      "ConnectionType":2,
      "ConnectedWireIndex":1,
      "ConnectedWireSegmentIndex":0,
      "Points":[{"x":0.0,"y":0.0},{"x":1.25,"y":5.1875},{"x":1.24976,"y":3.27427}]
    },
    {
      "SourcePinAddress":{
        "PinID":1,
        "PinOwnerID":582709621
      },
      "TargetPinAddress":{
        "PinID":713068401,
        "PinOwnerID":2024669578
      },
      "ConnectionType":1,
      "ConnectedWireIndex":1,
      "ConnectedWireSegmentIndex":0,
      "Points":[{"x":-0.31271,"y":3.27901},{"x":-0.3125,"y":5.6875},{"x":0.0,"y":0.0}]
    },
    {
      "SourcePinAddress":{
        "PinID":1,
        "PinOwnerID":582709621
      },
      "TargetPinAddress":{
        "PinID":929498511,
        "PinOwnerID":1396896760
      },
      "ConnectionType":1,
      "ConnectedWireIndex":1,
      "ConnectedWireSegmentIndex":0,
      "Points":[{"x":2.81223,"y":3.26953},{"x":2.8125,"y":5.75},{"x":0.0,"y":0.0}]
    },
    {
      "SourcePinAddress":{
        "PinID":693219258,
        "PinOwnerID":1396896760
      },
      "TargetPinAddress":{
        "PinID":0,
        "PinOwnerID":582709621
      },
      "ConnectionType":2,
      "ConnectedWireIndex":1,
      "ConnectedWireSegmentIndex":0,
      "Points":[{"x":0.0,"y":0.0},{"x":5.125,"y":5.125},{"x":5.12469,"y":3.26251}]
    },
    {
      "SourcePinAddress":{
        "PinID":1,
        "PinOwnerID":1756920156
      },
      "TargetPinAddress":{
        "PinID":189254798,
        "PinOwnerID":2115567979
      },
      "ConnectionType":1,
      "ConnectedWireIndex":2,
      "ConnectedWireSegmentIndex":0,
      "Points":[{"x":6.06217,"y":2.82217},{"x":6.0625,"y":1.0625},{"x":0.0,"y":0.0}]
    },
    {
      "SourcePinAddress":{
        "PinID":1,
        "PinOwnerID":1756920156
      },
      "TargetPinAddress":{
        "PinID":1465078024,
        "PinOwnerID":1396896760
      },
      "ConnectionType":1,
      "ConnectedWireIndex":2,
      "ConnectedWireSegmentIndex":0,
      "Points":[{"x":3.18722,"y":2.83089},{"x":3.1875,"y":4.375},{"x":0.0,"y":0.0}]
    },
    {
      "SourcePinAddress":{
        "PinID":1,
        "PinOwnerID":1756920156
      },
      "TargetPinAddress":{
        "PinID":1655274447,
        "PinOwnerID":2024669578
      },
      "ConnectionType":1,
      "ConnectedWireIndex":2,
      "ConnectedWireSegmentIndex":0,
      "Points":[{"x":-0.7502,"y":2.84283},{"x":-0.75,"y":4.5625},{"x":0.0,"y":0.0}]
    },
    {
      "SourcePinAddress":{
        "PinID":1442045493,
        "PinOwnerID":1961676607
      },
      "TargetPinAddress":{
        "PinID":567052407,
        "PinOwnerID":2115567979
      },
      "ConnectionType":0,
      "ConnectedWireIndex":-1,
      "ConnectedWireSegmentIndex":-1,
      "Points":[{"x":0.0,"y":0.0},{"x":-3.875,"y":7.875},{"x":-3.875,"y":1.8125},{"x":0.0,"y":0.0}]
    },
    {
      "SourcePinAddress":{
        "PinID":249156160,
        "PinOwnerID":1961676607
      },
      "TargetPinAddress":{
        "PinID":982175997,
        "PinOwnerID":2115567979
      },
      "ConnectionType":0,
      "ConnectedWireIndex":-1,
      "ConnectedWireSegmentIndex":-1,
      "Points":[{"x":0.0,"y":0.0},{"x":-4.0,"y":7.625},{"x":-4.0,"y":1.5625},{"x":0.0,"y":0.0}]
    },
    {
      "SourcePinAddress":{
        "PinID":1717586500,
        "PinOwnerID":1961676607
      },
      "TargetPinAddress":{
        "PinID":1932706713,
        "PinOwnerID":2115567979
      },
      "ConnectionType":0,
      "ConnectedWireIndex":-1,
      "ConnectedWireSegmentIndex":-1,
      "Points":[{"x":0.0,"y":0.0},{"x":-4.125,"y":7.375},{"x":-4.125,"y":1.3125},{"x":0.0,"y":0.0}]
    },
    {
      "SourcePinAddress":{
        "PinID":1,
        "PinOwnerID":582709621
      },
      "TargetPinAddress":{
        "PinID":848771840,
        "PinOwnerID":2102161261
      },
      "ConnectionType":1,
      "ConnectedWireIndex":1,
      "ConnectedWireSegmentIndex":0,
      "Points":[{"x":-0.25021,"y":3.27882},{"x":-0.25,"y":0.8125},{"x":0.0,"y":0.0}]
    },
    {
      "SourcePinAddress":{
        "PinID":426770977,
        "PinOwnerID":2102161261
      },
      "TargetPinAddress":{
        "PinID":0,
        "PinOwnerID":582709621
      },
      "ConnectionType":2,
      "ConnectedWireIndex":1,
      "ConnectedWireSegmentIndex":0,
      "Points":[{"x":0.0,"y":0.0},{"x":2.0,"y":0.4375},{"x":1.99974,"y":3.27199}]
    },
    {
      "SourcePinAddress":{
        "PinID":1,
        "PinOwnerID":1756920156
      },
      "TargetPinAddress":{
        "PinID":1666291978,
        "PinOwnerID":2102161261
      },
      "ConnectionType":1,
      "ConnectedWireIndex":2,
      "ConnectedWireSegmentIndex":0,
      "Points":[{"x":-1.1252,"y":2.84397},{"x":-1.125,"y":-0.0625},{"x":0.0,"y":0.0}]
    },
    {
      "SourcePinAddress":{
        "PinID":1848050076,
        "PinOwnerID":1961676607
      },
      "TargetPinAddress":{
        "PinID":2089556834,
        "PinOwnerID":2115567979
      },
      "ConnectionType":0,
      "ConnectedWireIndex":-1,
      "ConnectedWireSegmentIndex":-1,
      "Points":[{"x":0.0,"y":0.0},{"x":-4.25,"y":7.125},{"x":-4.25,"y":2.0625},{"x":-3.75,"y":2.0625},{"x":5.9375,"y":2.0625},{"x":5.9375,"y":0.8125},{"x":0.0,"y":0.0}]
    },
    {
      "SourcePinAddress":{
        "PinID":1,
        "PinOwnerID":582709621
      },
      "TargetPinAddress":{
        "PinID":848771840,
        "PinOwnerID":1852589780
      },
      "ConnectionType":1,
      "ConnectedWireIndex":1,
      "ConnectedWireSegmentIndex":0,
      "Points":[{"x":2.81223,"y":3.26953},{"x":2.8125,"y":0.8125},{"x":0.0,"y":0.0}]
    },
    {
      "SourcePinAddress":{
        "PinID":426770977,
        "PinOwnerID":1852589780
      },
      "TargetPinAddress":{
        "PinID":0,
        "PinOwnerID":582709621
      },
      "ConnectionType":2,
      "ConnectedWireIndex":1,
      "ConnectedWireSegmentIndex":0,
      "Points":[{"x":0.0,"y":0.0},{"x":5.1875,"y":0.4375},{"x":5.18718,"y":3.26232}]
    },
    {
      "SourcePinAddress":{
        "PinID":1,
        "PinOwnerID":1756920156
      },
      "TargetPinAddress":{
        "PinID":1666291978,
        "PinOwnerID":1852589780
      },
      "ConnectionType":1,
      "ConnectedWireIndex":2,
      "ConnectedWireSegmentIndex":0,
      "Points":[{"x":2.49973,"y":2.83298},{"x":2.5,"y":-0.0625},{"x":0.0,"y":0.0}]
    },
    {
      "SourcePinAddress":{
        "PinID":1949388619,
        "PinOwnerID":1961676607
      },
      "TargetPinAddress":{
        "PinID":1766520197,
        "PinOwnerID":2024669578
      },
      "ConnectionType":0,
      "ConnectedWireIndex":-1,
      "ConnectedWireSegmentIndex":-1,
      "Points":[{"x":0.0,"y":0.0},{"x":-4.375,"y":6.875},{"x":-4.375,"y":5.0625},{"x":-0.6875,"y":5.0625},{"x":-0.6875,"y":5.3125},{"x":0.0,"y":0.0}]
    },
    {
      "SourcePinAddress":{
        "PinID":2078704814,
        "PinOwnerID":1961676607
      },
      "TargetPinAddress":{
        "PinID":485915740,
        "PinOwnerID":2024669578
      },
      "ConnectionType":0,
      "ConnectedWireIndex":-1,
      "ConnectedWireSegmentIndex":-1,
      "Points":[{"x":0.0,"y":0.0},{"x":-4.5,"y":6.625},{"x":-4.5,"y":4.9375},{"x":-0.5625,"y":4.9375},{"x":-0.5625,"y":5.0625},{"x":0.0,"y":0.0}]
    },
    {
      "SourcePinAddress":{
        "PinID":253084425,
        "PinOwnerID":1961676607
      },
      "TargetPinAddress":{
        "PinID":671494485,
        "PinOwnerID":2024669578
      },
      "ConnectionType":0,
      "ConnectedWireIndex":-1,
      "ConnectedWireSegmentIndex":-1,
      "Points":[{"x":0.0,"y":0.0},{"x":-4.625,"y":6.375},{"x":-4.625,"y":4.8125},{"x":0.0,"y":0.0}]
    },
    {
      "SourcePinAddress":{
        "PinID":593572540,
        "PinOwnerID":1961676607
      },
      "TargetPinAddress":{
        "PinID":567916681,
        "PinOwnerID":2102161261
      },
      "ConnectionType":0,
      "ConnectedWireIndex":-1,
      "ConnectedWireSegmentIndex":-1,
      "Points":[{"x":0.0,"y":0.0},{"x":-4.75,"y":6.125},{"x":-4.75,"y":0.4375},{"x":0.0,"y":0.0}]
    },
    {
      "SourcePinAddress":{
        "PinID":1425775125,
        "PinOwnerID":1961676607
      },
      "TargetPinAddress":{
        "PinID":665363863,
        "PinOwnerID":2102161261
      },
      "ConnectionType":0,
      "ConnectedWireIndex":-1,
      "ConnectedWireSegmentIndex":-1,
      "Points":[{"x":0.0,"y":0.0},{"x":-4.875,"y":5.875},{"x":-4.875,"y":0.1875},{"x":0.0,"y":0.0}]
    },
    {
      "SourcePinAddress":{
        "PinID":631394723,
        "PinOwnerID":1961676607
      },
      "TargetPinAddress":{
        "PinID":567916681,
        "PinOwnerID":1852589780
      },
      "ConnectionType":0,
      "ConnectedWireIndex":-1,
      "ConnectedWireSegmentIndex":-1,
      "Points":[{"x":0.0,"y":0.0},{"x":-5.0,"y":5.625},{"x":-5.0,"y":-0.3125},{"x":2.3125,"y":-0.3125},{"x":2.3125,"y":0.4375},{"x":0.0,"y":0.0}]
    },
    {
      "SourcePinAddress":{
        "PinID":795330862,
        "PinOwnerID":1961676607
      },
      "TargetPinAddress":{
        "PinID":665363863,
        "PinOwnerID":1852589780
      },
      "ConnectionType":0,
      "ConnectedWireIndex":-1,
      "ConnectedWireSegmentIndex":-1,
      "Points":[{"x":0.0,"y":0.0},{"x":-3.75,"y":5.375},{"x":-3.75,"y":-0.4375},{"x":2.4375,"y":-0.4375},{"x":2.4375,"y":0.1875},{"x":0.0,"y":0.0}]
    },
    {
      "SourcePinAddress":{
        "PinID":1401099455,
        "PinOwnerID":1825453064
      },
      "TargetPinAddress":{
        "PinID":1976807579,
        "PinOwnerID":1396896760
      },
      "ConnectionType":0,
      "ConnectedWireIndex":-1,
      "ConnectedWireSegmentIndex":-1,
      "Points":[{"x":0.0,"y":0.0},{"x":-1.5,"y":7.875},{"x":-1.5,"y":4.625},{"x":0.0,"y":0.0}]
    },
    {
      "SourcePinAddress":{
        "PinID":490718732,
        "PinOwnerID":1825453064
      },
      "TargetPinAddress":{
        "PinID":1607120408,
        "PinOwnerID":1396896760
      },
      "ConnectionType":0,
      "ConnectedWireIndex":-1,
      "ConnectedWireSegmentIndex":-1,
      "Points":[{"x":0.0,"y":0.0},{"x":1.625,"y":7.625},{"x":1.625,"y":5.125},{"x":0.0,"y":0.0}]
    },
    {
      "SourcePinAddress":{
        "PinID":316868227,
        "PinOwnerID":1825453064
      },
      "TargetPinAddress":{
        "PinID":890197340,
        "PinOwnerID":1396896760
      },
      "ConnectionType":0,
      "ConnectedWireIndex":-1,
      "ConnectedWireSegmentIndex":-1,
      "Points":[{"x":0.0,"y":0.0},{"x":1.75,"y":7.375},{"x":1.75,"y":5.375},{"x":0.0,"y":0.0}]
    },
    {
      "SourcePinAddress":{
        "PinID":30021391,
        "PinOwnerID":1825453064
      },
      "TargetPinAddress":{
        "PinID":1330365567,
        "PinOwnerID":1396896760
      },
      "ConnectionType":0,
      "ConnectedWireIndex":-1,
      "ConnectedWireSegmentIndex":-1,
      "Points":[{"x":0.0,"y":0.0},{"x":1.5,"y":7.125},{"x":1.5,"y":4.875},{"x":0.0,"y":0.0}]
    },
    {
      "SourcePinAddress":{
        "PinID":503157428,
        "PinOwnerID":2112358233
      },
      "TargetPinAddress":{
        "PinID":0,
        "PinOwnerID":582709621
      },
      "ConnectionType":2,
      "ConnectedWireIndex":1,
      "ConnectedWireSegmentIndex":0,
      "Points":[{"x":0.0,"y":0.0},{"x":-5.3125,"y":3.875},{"x":-5.31261,"y":3.29417}]
    },
    {
      "SourcePinAddress":{
        "PinID":437950523,
        "PinOwnerID":1825453064
      },
      "TargetPinAddress":{
        "PinID":4708383,
        "PinOwnerID":2112358233
      },
      "ConnectionType":0,
      "ConnectedWireIndex":-1,
      "ConnectedWireSegmentIndex":-1,
      "Points":[{"x":0.0,"y":0.0},{"x":-1.8125,"y":5.875},{"x":-1.8125,"y":4.3125},{"x":-6.5625,"y":4.3125},{"x":-6.5625,"y":3.875},{"x":0.0,"y":0.0}]
    },
    {
      "SourcePinAddress":{
        "PinID":722248817,
        "PinOwnerID":906519239
      },
      "TargetPinAddress":{
        "PinID":295711295,
        "PinOwnerID":1961676607
      },
      "ConnectionType":0,
      "ConnectedWireIndex":-1,
      "ConnectedWireSegmentIndex":-1,
      "Points":[{"x":0.0,"y":0.0},{"x":0.0,"y":0.0}]
    },
    {
      "SourcePinAddress":{
        "PinID":1,
        "PinOwnerID":582709621
      },
      "TargetPinAddress":{
        "PinID":848771840,
        "PinOwnerID":939861329
      },
      "ConnectionType":1,
      "ConnectedWireIndex":1,
      "ConnectedWireSegmentIndex":0,
      "Points":[{"x":5.74984,"y":3.26062},{"x":5.75,"y":5.4375},{"x":0.0,"y":0.0}]
    },
    {
      "SourcePinAddress":{
        "PinID":426770977,
        "PinOwnerID":939861329
      },
      "TargetPinAddress":{
        "PinID":0,
        "PinOwnerID":582709621
      },
      "ConnectionType":2,
      "ConnectedWireIndex":1,
      "ConnectedWireSegmentIndex":0,
      "Points":[{"x":0.0,"y":0.0},{"x":8.4375,"y":5.0625},{"x":8.43732,"y":3.25247}]
    },
    {
      "SourcePinAddress":{
        "PinID":2110514525,
        "PinOwnerID":1825453064
      },
      "TargetPinAddress":{
        "PinID":567916681,
        "PinOwnerID":939861329
      },
      "ConnectionType":0,
      "ConnectedWireIndex":-1,
      "ConnectedWireSegmentIndex":-1,
      "Points":[{"x":0.0,"y":0.0},{"x":0.0,"y":0.0}]
    },
    {
      "SourcePinAddress":{
        "PinID":626002,
        "PinOwnerID":1825453064
      },
      "TargetPinAddress":{
        "PinID":665363863,
        "PinOwnerID":939861329
      },
      "ConnectionType":0,
      "ConnectedWireIndex":-1,
      "ConnectedWireSegmentIndex":-1,
      "Points":[{"x":0.0,"y":0.0},{"x":0.0,"y":0.0}]
    },
    {
      "SourcePinAddress":{
        "PinID":1,
        "PinOwnerID":1756920156
      },
      "TargetPinAddress":{
        "PinID":1666291978,
        "PinOwnerID":939861329
      },
      "ConnectionType":1,
      "ConnectedWireIndex":2,
      "ConnectedWireSegmentIndex":0,
      "Points":[{"x":6.49983,"y":2.82084},{"x":0.0,"y":0.0}]
    },
    {
      "SourcePinAddress":{
        "PinID":1,
        "PinOwnerID":582709621
      },
      "TargetPinAddress":{
        "PinID":777538892,
        "PinOwnerID":2115567979
      },
      "ConnectionType":1,
      "ConnectedWireIndex":1,
      "ConnectedWireSegmentIndex":0,
      "Points":[{"x":6.18734,"y":3.25929},{"x":6.1875,"y":2.1875},{"x":0.0,"y":0.0}]
    },
    {
      "SourcePinAddress":{
        "PinID":41096156,
        "PinOwnerID":337847770
      },
      "TargetPinAddress":{
        "PinID":946554348,
        "PinOwnerID":1825453064
      },
      "ConnectionType":0,
      "ConnectedWireIndex":-1,
      "ConnectedWireSegmentIndex":-1,
      "Points":[{"x":0.0,"y":0.0},{"x":-1.655,"y":5.375},{"x":-1.655,"y":4.625},{"x":-3.625,"y":4.625},{"x":0.0,"y":0.0}]
    },
    {
      "SourcePinAddress":{
        "PinID":1139209742,
        "PinOwnerID":138864867
      },
      "TargetPinAddress":{
        "PinID":0,
        "PinOwnerID":582709621
      },
      "ConnectionType":2,
      "ConnectedWireIndex":1,
      "ConnectedWireSegmentIndex":0,
      "Points":[{"x":0.0,"y":0.0},{"x":-1.5625,"y":0.875},{"x":-1.5624,"y":3.2828}]
    },
    {
      "SourcePinAddress":{
        "PinID":1,
        "PinOwnerID":1756920156
      },
      "TargetPinAddress":{
        "PinID":1299801362,
        "PinOwnerID":138864867
      },
      "ConnectionType":1,
      "ConnectedWireIndex":2,
      "ConnectedWireSegmentIndex":0,
      "Points":[{"x":-3.43757,"y":2.85098},{"x":-3.4375,"y":1.0},{"x":0.0,"y":0.0}]
    },
    {
      "SourcePinAddress":{
        "PinID":523047650,
        "PinOwnerID":1961676607
      },
      "TargetPinAddress":{
        "PinID":1851253782,
        "PinOwnerID":138864867
      },
      "ConnectionType":0,
      "ConnectedWireIndex":-1,
      "ConnectedWireSegmentIndex":-1,
      "Points":[{"x":0.0,"y":0.0},{"x":-4.375,"y":5.125},{"x":-4.375,"y":0.75},{"x":0.0,"y":0.0}]
    },
    {
      "SourcePinAddress":{
        "PinID":1,
        "PinOwnerID":582709621
      },
      "TargetPinAddress":{
        "PinID":914340954,
        "PinOwnerID":1142705658
      },
      "ConnectionType":1,
      "ConnectedWireIndex":1,
      "ConnectedWireSegmentIndex":0,
      "Points":[{"x":-7.62485,"y":3.30119},{"x":-7.62485,"y":2.125},{"x":0.0,"y":0.0}]
    },
    {
      "SourcePinAddress":{
        "PinID":1,
        "PinOwnerID":1756920156
      },
      "TargetPinAddress":{
        "PinID":1930304378,
        "PinOwnerID":1142705658
      },
      "ConnectionType":1,
      "ConnectedWireIndex":2,
      "ConnectedWireSegmentIndex":0,
      "Points":[{"x":-7.25004,"y":2.86255},{"x":-7.25,"y":2.8125},{"x":-7.25,"y":1.5},{"x":0.0,"y":0.0}]
    },
    {
      "SourcePinAddress":{
        "PinID":1285696832,
        "PinOwnerID":1825453064
      },
      "TargetPinAddress":{
        "PinID":362440426,
        "PinOwnerID":1142705658
      },
      "ConnectionType":0,
      "ConnectedWireIndex":-1,
      "ConnectedWireSegmentIndex":-1,
      "Points":[{"x":0.0,"y":0.0},{"x":-2.1875,"y":5.625},{"x":-2.1875,"y":2.625},{"x":-7.0,"y":2.625},{"x":-7.0,"y":1.75},{"x":0.0,"y":0.0}]
    },
    {
      "SourcePinAddress":{
        "PinID":546971921,
        "PinOwnerID":1961676607
      },
      "TargetPinAddress":{
        "PinID":0,
        "PinOwnerID":1661192418
      },
      "ConnectionType":0,
      "ConnectedWireIndex":-1,
      "ConnectedWireSegmentIndex":-1,
      "Points":[{"x":0.0,"y":0.0},{"x":-9.5,"y":8.375},{"x":0.0,"y":0.0}]
    },
    {
      "SourcePinAddress":{
        "PinID":0,
        "PinOwnerID":474758733
      },
      "TargetPinAddress":{
        "PinID":0,
        "PinOwnerID":227061097
      },
      "ConnectionType":0,
      "ConnectedWireIndex":-1,
      "ConnectedWireSegmentIndex":-1,
      "Points":[{"x":0.0,"y":0.0},{"x":-8.875,"y":5.5},{"x":-8.875,"y":6.125},{"x":0.0,"y":0.0}]
    },
    {
      "SourcePinAddress":{
        "PinID":1,
        "PinOwnerID":1756920156
      },
      "TargetPinAddress":{
        "PinID":0,
        "PinOwnerID":392364507
      },
      "ConnectionType":1,
      "ConnectedWireIndex":2,
      "ConnectedWireSegmentIndex":0,
      "Points":[{"x":-10.62501,"y":2.87279},{"x":0.0,"y":0.0}]
    },
    {
      "SourcePinAddress":{
        "PinID":1049769025,
        "PinOwnerID":1825453064
      },
      "TargetPinAddress":{
        "PinID":0,
        "PinOwnerID":650664900
      },
      "ConnectionType":0,
      "ConnectedWireIndex":-1,
      "ConnectedWireSegmentIndex":-1,
      "Points":[{"x":0.0,"y":0.0},{"x":-2.4375,"y":8.25},{"x":-2.4375,"y":7.6875},{"x":-8.25,"y":7.6875},{"x":0.0,"y":0.0}]
    },
    {
      "SourcePinAddress":{
        "PinID":593572540,
        "PinOwnerID":1961676607
      },
      "TargetPinAddress":{
        "PinID":0,
        "PinOwnerID":1176197377
      },
      "ConnectionType":1,
      "ConnectedWireIndex":25,
      "ConnectedWireSegmentIndex":0,
      "Points":[{"x":-4.75,"y":6.125},{"x":-4.75,"y":8.625},{"x":-7.75,"y":8.625},{"x":-7.75,"y":9.8125},{"x":0.0,"y":0.0}]
    },
    {
      "SourcePinAddress":{
        "PinID":1425775125,
        "PinOwnerID":1961676607
      },
      "TargetPinAddress":{
        "PinID":0,
        "PinOwnerID":1780879378
      },
      "ConnectionType":1,
      "ConnectedWireIndex":26,
      "ConnectedWireSegmentIndex":0,
      "Points":[{"x":-4.875,"y":5.875},{"x":-4.875,"y":8.625},{"x":-7.625,"y":8.625},{"x":-7.625,"y":9.4375},{"x":0.0,"y":0.0}]
    },
    {
      "SourcePinAddress":{
        "PinID":631394723,
        "PinOwnerID":1961676607
      },
      "TargetPinAddress":{
        "PinID":0,
        "PinOwnerID":718719063
      },
      "ConnectionType":1,
      "ConnectedWireIndex":27,
      "ConnectedWireSegmentIndex":0,
      "Points":[{"x":-5.0,"y":5.625},{"x":-5.0,"y":8.5625},{"x":-6.75,"y":8.5625},{"x":-6.75,"y":9.8125},{"x":0.0,"y":0.0}]
    },
    {
      "SourcePinAddress":{
        "PinID":795330862,
        "PinOwnerID":1961676607
      },
      "TargetPinAddress":{
        "PinID":0,
        "PinOwnerID":1350083883
      },
      "ConnectionType":1,
      "ConnectedWireIndex":28,
      "ConnectedWireSegmentIndex":1,
      "Points":[{"x":-3.75,"y":5.3125},{"x":-3.75,"y":8.6875},{"x":-6.5625,"y":8.6875},{"x":-6.5625,"y":9.4375},{"x":0.0,"y":0.0}]
    },
    {
      "SourcePinAddress":{
        "PinID":2110514525,
        "PinOwnerID":1825453064
      },
      "TargetPinAddress":{
        "PinID":0,
        "PinOwnerID":610093989
      },
      "ConnectionType":0,
      "ConnectedWireIndex":-1,
      "ConnectedWireSegmentIndex":-1,
      "Points":[{"x":0.0,"y":0.0},{"x":-1.375,"y":5.125},{"x":-1.375,"y":8.8125},{"x":-5.875,"y":8.8125},{"x":-5.875,"y":9.8125},{"x":0.0,"y":0.0}]
    },
    {
      "SourcePinAddress":{
        "PinID":626002,
        "PinOwnerID":1825453064
      },
      "TargetPinAddress":{
        "PinID":0,
        "PinOwnerID":1066433796
      },
      "ConnectionType":0,
      "ConnectedWireIndex":-1,
      "ConnectedWireSegmentIndex":-1,
      "Points":[{"x":0.0,"y":0.0},{"x":-1.25,"y":4.875},{"x":-1.25,"y":8.9375},{"x":-5.75,"y":8.9375},{"x":-5.75,"y":9.4375},{"x":0.0,"y":0.0}]
    },
    {
      "SourcePinAddress":{
        "PinID":1442045493,
        "PinOwnerID":1961676607
      },
      "TargetPinAddress":{
        "PinID":0,
        "PinOwnerID":1198928533
      },
      "ConnectionType":1,
      "ConnectedWireIndex":12,
      "ConnectedWireSegmentIndex":0,
      "Points":[{"x":-5.05128,"y":7.91375},{"x":-5.0625,"y":10.5625},{"x":0.0,"y":0.0}]
    },
    {
      "SourcePinAddress":{
        "PinID":249156160,
        "PinOwnerID":1961676607
      },
      "TargetPinAddress":{
        "PinID":0,
        "PinOwnerID":1679189327
      },
      "ConnectionType":1,
      "ConnectedWireIndex":13,
      "ConnectedWireSegmentIndex":0,
      "Points":[{"x":-4.92753,"y":7.6452},{"x":-4.9375,"y":10.1875},{"x":0.0,"y":0.0}]
    },
    {
      "SourcePinAddress":{
        "PinID":1717586500,
        "PinOwnerID":1961676607
      },
      "TargetPinAddress":{
        "PinID":0,
        "PinOwnerID":842359175
      },
      "ConnectionType":1,
      "ConnectedWireIndex":14,
      "ConnectedWireSegmentIndex":0,
      "Points":[{"x":-4.68037,"y":7.37949},{"x":-4.6875,"y":9.8125},{"x":0.0,"y":0.0}]
    },
    {
      "SourcePinAddress":{
        "PinID":1848050076,
        "PinOwnerID":1961676607
      },
      "TargetPinAddress":{
        "PinID":0,
        "PinOwnerID":940397566
      },
      "ConnectionType":1,
      "ConnectedWireIndex":18,
      "ConnectedWireSegmentIndex":0,
      "Points":[{"x":-4.80343,"y":7.11996},{"x":-4.8125,"y":9.4375},{"x":0.0,"y":0.0}]
    },
    {
      "SourcePinAddress":{
        "PinID":30021391,
        "PinOwnerID":1825453064
      },
      "TargetPinAddress":{
        "PinID":0,
        "PinOwnerID":904120582
      },
      "ConnectionType":1,
      "ConnectedWireIndex":32,
      "ConnectedWireSegmentIndex":0,
      "Points":[{"x":-1.1875,"y":7.125},{"x":-1.1875,"y":8.6875},{"x":-4.0,"y":8.6875},{"x":-4.0,"y":10.5625},{"x":0.0,"y":0.0}]
    },
    {
      "SourcePinAddress":{
        "PinID":1401099455,
        "PinOwnerID":1825453064
      },
      "TargetPinAddress":{
        "PinID":0,
        "PinOwnerID":798187040
      },
      "ConnectionType":1,
      "ConnectedWireIndex":29,
      "ConnectedWireSegmentIndex":0,
      "Points":[{"x":-1.5,"y":7.875},{"x":-1.5,"y":8.625},{"x":-3.875,"y":8.625},{"x":-3.875,"y":10.1875},{"x":0.0,"y":0.0}]
    },
    {
      "SourcePinAddress":{
        "PinID":490718732,
        "PinOwnerID":1825453064
      },
      "TargetPinAddress":{
        "PinID":0,
        "PinOwnerID":41619252
      },
      "ConnectionType":1,
      "ConnectedWireIndex":30,
      "ConnectedWireSegmentIndex":0,
      "Points":[{"x":-1.125,"y":7.625},{"x":-1.125,"y":9.0625},{"x":-3.75,"y":9.0625},{"x":-3.75,"y":9.8125},{"x":0.0,"y":0.0}]
    },
    {
      "SourcePinAddress":{
        "PinID":316868227,
        "PinOwnerID":1825453064
      },
      "TargetPinAddress":{
        "PinID":0,
        "PinOwnerID":127183631
      },
      "ConnectionType":1,
      "ConnectedWireIndex":31,
      "ConnectedWireSegmentIndex":0,
      "Points":[{"x":-0.9375,"y":7.375},{"x":-0.9375,"y":9.125},{"x":-3.625,"y":9.125},{"x":-3.625,"y":9.4375},{"x":0.0,"y":0.0}]
    },
    {
      "SourcePinAddress":{
        "PinID":437950523,
        "PinOwnerID":1825453064
      },
      "TargetPinAddress":{
        "PinID":0,
        "PinOwnerID":1832178359
      },
      "ConnectionType":1,
      "ConnectedWireIndex":34,
      "ConnectedWireSegmentIndex":2,
      "Points":[{"x":-2.75,"y":4.3125},{"x":0.0,"y":0.0}]
    },
    {
      "SourcePinAddress":{
        "PinID":1,
        "PinOwnerID":582709621
      },
      "TargetPinAddress":{
        "PinID":929498511,
        "PinOwnerID":1406661507
      },
      "ConnectionType":1,
      "ConnectedWireIndex":1,
      "ConnectedWireSegmentIndex":0,
      "Points":[{"x":-10.75001,"y":3.31066},{"x":-10.75001,"y":4.5625},{"x":0.0,"y":0.0}]
    },
    {
      "SourcePinAddress":{
        "PinID":2044926643,
        "PinOwnerID":1406661507
      },
      "TargetPinAddress":{
        "PinID":0,
        "PinOwnerID":1182500480
      },
      "ConnectionType":0,
      "ConnectedWireIndex":-1,
      "ConnectedWireSegmentIndex":-1,
      "Points":[{"x":0.0,"y":0.0},{"x":-9.0625,"y":3.6875},{"x":-9.0625,"y":5.0},{"x":-9.75,"y":5.0},{"x":0.0,"y":0.0}]
    },
    {
      "SourcePinAddress":{
        "PinID":738519111,
        "PinOwnerID":1406661507
      },
      "TargetPinAddress":{
        "PinID":0,
        "PinOwnerID":152937868
      },
      "ConnectionType":0,
      "ConnectedWireIndex":-1,
      "ConnectedWireSegmentIndex":-1,
      "Points":[{"x":0.0,"y":0.0},{"x":-8.875,"y":3.9375},{"x":-8.875,"y":5.1875},{"x":-9.25,"y":5.1875},{"x":0.0,"y":0.0}]
    },
    {
      "SourcePinAddress":{
        "PinID":738519111,
        "PinOwnerID":1406661507
      },
      "TargetPinAddress":{
        "PinID":1274376417,
        "PinOwnerID":637030946
      },
      "ConnectionType":1,
      "ConnectedWireIndex":70,
      "ConnectedWireSegmentIndex":1,
      "Points":[{"x":-8.875,"y":4.0},{"x":0.0,"y":0.0}]
    },
    {
      "SourcePinAddress":{
        "PinID":2044926643,
        "PinOwnerID":1406661507
      },
      "TargetPinAddress":{
        "PinID":119103719,
        "PinOwnerID":637030946
      },
      "ConnectionType":1,
      "ConnectedWireIndex":69,
      "ConnectedWireSegmentIndex":1,
      "Points":[{"x":-9.0625,"y":3.75},{"x":0.0,"y":0.0}]
    },
    {
      "SourcePinAddress":{
        "PinID":424647267,
        "PinOwnerID":637030946
      },
      "TargetPinAddress":{
        "PinID":0,
        "PinOwnerID":190981716
      },
      "ConnectionType":0,
      "ConnectedWireIndex":-1,
      "ConnectedWireSegmentIndex":-1,
      "Points":[{"x":0.0,"y":0.0},{"x":-7.875,"y":3.875},{"x":-7.875,"y":4.25},{"x":-8.75,"y":4.25},{"x":0.0,"y":0.0}]
    },
    {
      "SourcePinAddress":{
        "PinID":2044926643,
        "PinOwnerID":1406661507
      },
      "TargetPinAddress":{
        "PinID":1347549501,
        "PinOwnerID":956868407
      },
      "ConnectionType":1,
      "ConnectedWireIndex":69,
      "ConnectedWireSegmentIndex":3,
      "Points":[{"x":-9.75,"y":10.0},{"x":-9.375,"y":10.0},{"x":-9.375,"y":12.8125},{"x":0.0,"y":0.0}]
    },
    {
      "SourcePinAddress":{
        "PinID":1,
        "PinOwnerID":582709621
      },
      "TargetPinAddress":{
        "PinID":1094309522,
        "PinOwnerID":956868407
      },
      "ConnectionType":1,
      "ConnectedWireIndex":1,
      "ConnectedWireSegmentIndex":0,
      "Points":[{"x":-10.75001,"y":3.31066},{"x":-10.75,"y":5.5625},{"x":-12.0,"y":5.5625},{"x":-12.0,"y":11.1875},{"x":0.0,"y":0.0}]
    },
    {
      "SourcePinAddress":{
        "PinID":1451378258,
        "PinOwnerID":1961676607
      },
      "TargetPinAddress":{
        "PinID":946554348,
        "PinOwnerID":1825453064
      },
      "ConnectionType":0,
      "ConnectedWireIndex":-1,
      "ConnectedWireSegmentIndex":-1,
      "Points":[{"x":0.0,"y":0.0},{"x":-4.5625,"y":4.70536},{"x":0.0,"y":0.0}]
    },
    {
      "SourcePinAddress":{
        "PinID":0,
        "PinOwnerID":968933600
      },
      "TargetPinAddress":{
        "PinID":1017979140,
        "PinOwnerID":300713958
      },
      "ConnectionType":0,
      "ConnectedWireIndex":-1,
      "ConnectedWireSegmentIndex":-1,
      "Points":[{"x":0.0,"y":0.0},{"x":0.0,"y":0.0}]
    },
    {
      "SourcePinAddress":{
        "PinID":1,
        "PinOwnerID":1756920156
      },
      "TargetPinAddress":{
        "PinID":1157200749,
        "PinOwnerID":300713958
      },
      "ConnectionType":1,
      "ConnectedWireIndex":51,
      "ConnectedWireSegmentIndex":0,
      "Points":[{"x":-10.625,"y":6.75},{"x":0.0,"y":0.0}]
    },
    {
      "SourcePinAddress":{
        "PinID":0,
        "PinOwnerID":447805542
      },
      "TargetPinAddress":{
        "PinID":209625719,
        "PinOwnerID":300713958
      },
      "ConnectionType":0,
      "ConnectedWireIndex":-1,
      "ConnectedWireSegmentIndex":-1,
      "Points":[{"x":0.0,"y":0.0},{"x":0.0,"y":0.0}]
    },
    {
      "SourcePinAddress":{
        "PinID":4,
        "PinOwnerID":1526170182
      },
      "TargetPinAddress":{
        "PinID":71014366,
        "PinOwnerID":906519239
      },
      "ConnectionType":0,
      "ConnectedWireIndex":-1,
      "ConnectedWireSegmentIndex":-1,
      "Points":[{"x":0.0,"y":0.0},{"x":0.0,"y":0.0}]
    },
    {
      "SourcePinAddress":{
        "PinID":4,
        "PinOwnerID":1526170182
      },
      "TargetPinAddress":{
        "PinID":1115678901,
        "PinOwnerID":1825453064
      },
      "ConnectionType":0,
      "ConnectedWireIndex":-1,
      "ConnectedWireSegmentIndex":-1,
      "Points":[{"x":0.0,"y":0.0},{"x":0.0,"y":0.0}]
    },
    {
      "SourcePinAddress":{
        "PinID":1648492696,
        "PinOwnerID":300713958
      },
      "TargetPinAddress":{
        "PinID":0,
        "PinOwnerID":698506550
      },
      "ConnectionType":0,
      "ConnectedWireIndex":-1,
      "ConnectedWireSegmentIndex":-1,
      "Points":[{"x":0.0,"y":0.0},{"x":0.0,"y":0.0}]
    },
    {
      "SourcePinAddress":{
        "PinID":1648492696,
        "PinOwnerID":300713958
      },
      "TargetPinAddress":{
        "PinID":0,
        "PinOwnerID":1526170182
      },
      "ConnectionType":0,
      "ConnectedWireIndex":-1,
      "ConnectedWireSegmentIndex":-1,
      "Points":[{"x":0.0,"y":0.0},{"x":0.0,"y":0.0}]
    },
    {
      "SourcePinAddress":{
        "PinID":2,
        "PinOwnerID":698506550
      },
      "TargetPinAddress":{
        "PinID":1983140090,
        "PinOwnerID":1961676607
      },
      "ConnectionType":0,
      "ConnectedWireIndex":-1,
      "ConnectedWireSegmentIndex":-1,
      "Points":[{"x":0.0,"y":0.0},{"x":0.0,"y":0.0}]
    },
    {
      "SourcePinAddress":{
        "PinID":2,
        "PinOwnerID":698506550
      },
      "TargetPinAddress":{
        "PinID":886100008,
        "PinOwnerID":1825453064
      },
      "ConnectionType":0,
      "ConnectedWireIndex":-1,
      "ConnectedWireSegmentIndex":-1,
      "Points":[{"x":0.0,"y":0.0},{"x":0.0,"y":0.0}]
    },
    {
      "SourcePinAddress":{
        "PinID":1321101400,
        "PinOwnerID":418793874
      },
      "TargetPinAddress":{
        "PinID":0,
        "PinOwnerID":582709621
      },
      "ConnectionType":2,
      "ConnectedWireIndex":1,
      "ConnectedWireSegmentIndex":0,
      "Points":[{"x":0.0,"y":0.0},{"x":-7.125,"y":4.8125},{"x":-7.12542,"y":3.29967}]
    },
    {
      "SourcePinAddress":{
        "PinID":1371368200,
        "PinOwnerID":1825453064
      },
      "TargetPinAddress":{
        "PinID":1497816961,
        "PinOwnerID":418793874
      },
      "ConnectionType":0,
      "ConnectedWireIndex":-1,
      "ConnectedWireSegmentIndex":-1,
      "Points":[{"x":0.0,"y":0.0},{"x":0.0,"y":0.0}]
    },
    {
      "SourcePinAddress":{
        "PinID":0,
        "PinOwnerID":1133186647
      },
      "TargetPinAddress":{
        "PinID":514723583,
        "PinOwnerID":418793874
      },
      "ConnectionType":0,
      "ConnectedWireIndex":-1,
      "ConnectedWireSegmentIndex":-1,
      "Points":[{"x":0.0,"y":0.0},{"x":0.0,"y":0.0}]
    },
    {
      "SourcePinAddress":{
        "PinID":0,
        "PinOwnerID":412738079
      },
      "TargetPinAddress":{
        "PinID":851090239,
        "PinOwnerID":300713958
      },
      "ConnectionType":0,
      "ConnectedWireIndex":-1,
      "ConnectedWireSegmentIndex":-1,
      "Points":[{"x":0.0,"y":0.0},{"x":0.0,"y":0.0}]
    }
  ],
  "Displays": null
}