{
  "DLSVersion": "2.1.6",
  "Name": "MEM-256",
  "NameLocation": 0,
  "ChipType": 0,
  "Size": {
    "x": 1.175,
    "y": 1.0
  },
  "Colour": {
    "r": 0.820757449,
    "g": 0.5987848,
    "b": 0.0849714,
    "a": 1
  },
  "InputPins":[
    {
      "Name":"DATA",
      "ID":736100965,
      "Position":{
        "x":-10.5,
        "y":6.0
      },
      "BitCount":1,
      "Colour":0,
      "ValueDisplayMode":0
    },
    {
      "Name":"STORE",
      "ID":2050946894,
      "Position":{
        "x":-10.5,
        "y":5.25
      },
      "BitCount":1,
      "Colour":2,
      "ValueDisplayMode":0
    },
    {
      "Name":"ADDR",
      "ID":2103925557,
      "Position":{
        "x":-10.75,
        "y":3.0
      },
      "BitCount":8,
      "Colour":6,
      "ValueDisplayMode":0
    }
  ],
  "OutputPins":[
    {
      "Name":"OUT",
      "ID":1557935287,
      "Position":{
        "x":12.25,
        "y":-0.4375
      },
      "BitCount":1,
      "Colour":0,
      "ValueDisplayMode":0
    }
  ],
  "SubChips":[
    {
      "Name":"8-4BIT",
      "ID":1055541132,
      "Label":"",
      "Position":{
        "x":-8.8025,
        "y":3.0
      },
      "OutputPinColourInfo":[{"PinColour":6,"PinID":1},{"PinColour":7,"PinID":2}],
      "InternalData":null
    },
    {
      "Name":"4-1BIT",
      "ID":428771857,
      "Label":"",
      "Position":{
        "x":-7.1775,
        "y":3.625
      },
      "OutputPinColourInfo":[{"PinColour":4,"PinID":1},{"PinColour":4,"PinID":2},{"PinColour":3,"PinID":3},{"PinColour":3,"PinID":4}],
      "InternalData":null
    },
    {
      "Name":"DECODE 2-4",
      "ID":960159803,
      "Label":"COLUMN",
      "Position":{
        "x":-5.2525,
        "y":4.75
      },
      "OutputPinColourInfo":[{"PinColour":4,"PinID":65463274},{"PinColour":4,"PinID":2089928040},{"PinColour":4,"PinID":1590204806},{"PinColour":4,"PinID":1667730768}],
      "InternalData":null
    },
    {
      "Name":"DECODE 2-4",
      "ID":1073023389,
      "Label":"ROW",
      "Position":{
        "x":-5.2525,
        "y":2.6875
      },
      "OutputPinColourInfo":[{"PinColour":3,"PinID":65463274},{"PinColour":3,"PinID":2089928040},{"PinColour":3,"PinID":1590204806},{"PinColour":3,"PinID":1667730768}],
      "InternalData":null
    },
    {
      "Name":"MEM-16",
      "ID":695136361,
      "Label":"",
      "Position":{
        "x":-1.8525,
        "y":4.625
      },
      "OutputPinColourInfo":[{"PinColour":0,"PinID":280443582}],
      "InternalData":null
    },
    {
      "Name":"MEM-16",
      "ID":1272464700,
      "Label":"",
      "Position":{
        "x":-1.8525,
        "y":2.4375
      },
      "OutputPinColourInfo":[{"PinColour":0,"PinID":280443582}],
      "InternalData":null
    },
    {
      "Name":"MEM-16",
      "ID":1861583805,
      "Label":"",
      "Position":{
        "x":-1.8525,
        "y":0.25
      },
      "OutputPinColourInfo":[{"PinColour":0,"PinID":280443582}],
      "InternalData":null
    },
    {
      "Name":"MEM-16",
      "ID":926816021,
      "Label":"",
      "Position":{
        "x":-1.8525,
        "y":-1.9375
      },
      "OutputPinColourInfo":[{"PinColour":0,"PinID":280443582}],
      "InternalData":null
    },
    {
      "Name":"MEM-16",
      "ID":739008128,
      "Label":"",
      "Position":{
        "x":2.2725,
        "y":4.625
      },
      "OutputPinColourInfo":[{"PinColour":0,"PinID":280443582}],
      "InternalData":null
    },
    {
      "Name":"MEM-16",
      "ID":951962204,
      "Label":"",
      "Position":{
        "x":2.2725,
        "y":2.4375
      },
      "OutputPinColourInfo":[{"PinColour":0,"PinID":280443582}],
      "InternalData":null
    },
    {
      "Name":"MEM-16",
      "ID":923824093,
      "Label":"",
      "Position":{
        "x":2.2725,
        "y":0.25
      },
      "OutputPinColourInfo":[{"PinColour":0,"PinID":280443582}],
      "InternalData":null
    },
    {
      "Name":"MEM-16",
      "ID":162084957,
      "Label":"",
      "Position":{
        "x":2.2725,
        "y":-1.9375
      },
      "OutputPinColourInfo":[{"PinColour":0,"PinID":280443582}],
      "InternalData":null
    },
    {
      "Name":"MEM-16",
      "ID":908625306,
      "Label":"",
      "Position":{
        "x":6.2725,
        "y":4.625
      },
      "OutputPinColourInfo":[{"PinColour":0,"PinID":280443582}],
      "InternalData":null
    },
    {
      "Name":"MEM-16",
      "ID":724325488,
      "Label":"",
      "Position":{
        "x":6.2725,
        "y":2.4375
      },
      "OutputPinColourInfo":[{"PinColour":0,"PinID":280443582}],
      "InternalData":null
    },
    {
      "Name":"MEM-16",
      "ID":2103089,
      "Label":"",
      "Position":{
        "x":6.2725,
        "y":0.25
      },
      "OutputPinColourInfo":[{"PinColour":0,"PinID":280443582}],
      "InternalData":null
    },
    {
      "Name":"MEM-16",
      "ID":1277117316,
      "Label":"",
      "Position":{
        "x":6.2725,
        "y":-1.9375
      },
      "OutputPinColourInfo":[{"PinColour":0,"PinID":280443582}],
      "InternalData":null
    },
    {
      "Name":"MEM-16",
      "ID":953005622,
      "Label":"",
      "Position":{
        "x":10.2725,
        "y":4.625
      },
      "OutputPinColourInfo":[{"PinColour":0,"PinID":280443582}],
      "InternalData":null
    },
    {
      "Name":"MEM-16",
      "ID":746122211,
      "Label":"",
      "Position":{
        "x":10.2725,
        "y":2.4375
      },
      "OutputPinColourInfo":[{"PinColour":0,"PinID":280443582}],
      "InternalData":null
    },
    {
      "Name":"MEM-16",
      "ID":1920396069,
      "Label":"",
      "Position":{
        "x":10.2725,
        "y":0.25
      },
      "OutputPinColourInfo":[{"PinColour":0,"PinID":280443582}],
      "InternalData":null
    },
    {
      "Name":"MEM-16",
      "ID":1169638252,
      "Label":"",
      "Position":{
        "x":10.2725,
        "y":-1.9375
      },
      "OutputPinColourInfo":[{"PinColour":0,"PinID":280443582}],
      "InternalData":null
    },
    {
      "Name":"BUS-1",
      "ID":2116872950,
      "Label":"",
      "Position":{
        "x":-2.49,
        "y":3.5625
      },
      "OutputPinColourInfo":null,
      "InternalData":[2143022458,0]
    },
    {
      "Name":"BUS-TERMINUS-1",
      "ID":2143022458,
      "Label":"",
      "Position":{
        "x":-2.365,
        "y":-0.875
      },
      "OutputPinColourInfo":null,
      "InternalData":[2116872950,1]
    }
  ],
  "Wires":[
    {
      "SourcePinAddress":{
        "PinID":0,
        "PinOwnerID":2103925557
      },
      "TargetPinAddress":{
        "PinID":0,
        "PinOwnerID":1055541132
      },
      "ConnectionType":0,
      "ConnectedWireIndex":-1,
      "ConnectedWireSegmentIndex":-1,
      "Points":[{"x":0.0,"y":0.0},{"x":0.0,"y":0.0}]
    },
    {
      "SourcePinAddress":{
        "PinID":1,
        "PinOwnerID":1055541132
      },
      "TargetPinAddress":{
        "PinID":0,
        "PinOwnerID":428771857
      },
      "ConnectionType":0,
      "ConnectedWireIndex":-1,
      "ConnectedWireSegmentIndex":-1,
      "Points":[{"x":0.0,"y":0.0},{"x":-8.0625,"y":3.1875},{"x":-8.0625,"y":3.625},{"x":0.0,"y":0.0}]
    },
    {
      "SourcePinAddress":{
        "PinID":1,
        "PinOwnerID":428771857
      },
      "TargetPinAddress":{
        "PinID":1380188487,
        "PinOwnerID":960159803
      },
      "ConnectionType":0,
      "ConnectedWireIndex":-1,
      "ConnectedWireSegmentIndex":-1,
      "Points":[{"x":0.0,"y":0.0},{"x":-6.4375,"y":4.0},{"x":-6.4375,"y":5.125},{"x":0.0,"y":0.0}]
    },
    {
      "SourcePinAddress":{
        "PinID":2,
        "PinOwnerID":428771857
      },
      "TargetPinAddress":{
        "PinID":945235042,
        "PinOwnerID":960159803
      },
      "ConnectionType":0,
      "ConnectedWireIndex":-1,
      "ConnectedWireSegmentIndex":-1,
      "Points":[{"x":0.0,"y":0.0},{"x":-6.375,"y":3.75},{"x":-6.375,"y":4.375},{"x":0.0,"y":0.0}]
    },
    {
      "SourcePinAddress":{
        "PinID":3,
        "PinOwnerID":428771857
      },
      "TargetPinAddress":{
        "PinID":1380188487,
        "PinOwnerID":1073023389
      },
      "ConnectionType":0,
      "ConnectedWireIndex":-1,
      "ConnectedWireSegmentIndex":-1,
      "Points":[{"x":0.0,"y":0.0},{"x":-6.3125,"y":3.5},{"x":-6.3125,"y":3.0},{"x":-6.3125,"y":3.0625},{"x":0.0,"y":0.0}]
    },
    {
      "SourcePinAddress":{
        "PinID":4,
        "PinOwnerID":428771857
      },
      "TargetPinAddress":{
        "PinID":945235042,
        "PinOwnerID":1073023389
      },
      "ConnectionType":0,
      "ConnectedWireIndex":-1,
      "ConnectedWireSegmentIndex":-1,
      "Points":[{"x":0.0,"y":0.0},{"x":-6.4375,"y":3.25},{"x":-6.4375,"y":2.3125},{"x":0.0,"y":0.0}]
    },
    {
      "SourcePinAddress":{
        "PinID":1,
        "PinOwnerID":2116872950
      },
      "TargetPinAddress":{
        "PinID":0,
        "PinOwnerID":2143022458
      },
      "ConnectionType":0,
      "ConnectedWireIndex":-1,
      "ConnectedWireSegmentIndex":-1,
      "Points":[{"x":0.0,"y":0.0},{"x":11.5,"y":3.5625},{"x":11.5,"y":-0.875},{"x":0.0,"y":0.0}]
    },
    {
      "SourcePinAddress":{
        "PinID":1,
        "PinOwnerID":2116872950
      },
      "TargetPinAddress":{
        "PinID":0,
        "PinOwnerID":1557935287
      },
      "ConnectionType":1,
      "ConnectedWireIndex":6,
      "ConnectedWireSegmentIndex":1,
      "Points":[{"x":11.5,"y":0.25},{"x":0.0,"y":0.0}]
    },
    {
      "SourcePinAddress":{
        "PinID":2,
        "PinOwnerID":1055541132
      },
      "TargetPinAddress":{
        "PinID":1547211972,
        "PinOwnerID":953005622
      },
      "ConnectionType":0,
      "ConnectedWireIndex":-1,
      "ConnectedWireSegmentIndex":-1,
      "Points":[{"x":0.0,"y":0.0},{"x":-7.5625,"y":2.8125},{"x":-7.5625,"y":-3.6875},{"x":8.5,"y":-3.6875},{"x":8.5,"y":4.1875},{"x":8.5,"y":4.125},{"x":0.0,"y":0.0}]
    },
    {
      "SourcePinAddress":{
        "PinID":2,
        "PinOwnerID":1055541132
      },
      "TargetPinAddress":{
        "PinID":1547211972,
        "PinOwnerID":746122211
      },
      "ConnectionType":1,
      "ConnectedWireIndex":8,
      "ConnectedWireSegmentIndex":3,
      "Points":[{"x":8.5,"y":1.9375},{"x":0.0,"y":0.0}]
    },
    {
      "SourcePinAddress":{
        "PinID":2,
        "PinOwnerID":1055541132
      },
      "TargetPinAddress":{
        "PinID":1547211972,
        "PinOwnerID":1920396069
      },
      "ConnectionType":1,
      "ConnectedWireIndex":8,
      "ConnectedWireSegmentIndex":3,
      "Points":[{"x":8.5,"y":-0.25},{"x":0.0,"y":0.0}]
    },
    {
      "SourcePinAddress":{
        "PinID":2,
        "PinOwnerID":1055541132
      },
      "TargetPinAddress":{
        "PinID":1547211972,
        "PinOwnerID":1169638252
      },
      "ConnectionType":1,
      "ConnectedWireIndex":8,
      "ConnectedWireSegmentIndex":3,
      "Points":[{"x":8.5,"y":-2.4375},{"x":0.0,"y":0.0}]
    },
    {
      "SourcePinAddress":{
        "PinID":2,
        "PinOwnerID":1055541132
      },
      "TargetPinAddress":{
        "PinID":1547211972,
        "PinOwnerID":908625306
      },
      "ConnectionType":1,
      "ConnectedWireIndex":8,
      "ConnectedWireSegmentIndex":2,
      "Points":[{"x":5.1875,"y":-3.6875},{"x":5.1875,"y":4.125},{"x":0.0,"y":0.0}]
    },
    {
      "SourcePinAddress":{
        "PinID":2,
        "PinOwnerID":1055541132
      },
      "TargetPinAddress":{
        "PinID":1547211972,
        "PinOwnerID":724325488
      },
      "ConnectionType":1,
      "ConnectedWireIndex":12,
      "ConnectedWireSegmentIndex":0,
      "Points":[{"x":5.1875,"y":1.9375},{"x":0.0,"y":0.0}]
    },
    {
      "SourcePinAddress":{
        "PinID":2,
        "PinOwnerID":1055541132
      },
      "TargetPinAddress":{
        "PinID":1547211972,
        "PinOwnerID":2103089
      },
      "ConnectionType":1,
      "ConnectedWireIndex":12,
      "ConnectedWireSegmentIndex":0,
      "Points":[{"x":5.1875,"y":-0.25},{"x":0.0,"y":0.0}]
    },
    {
      "SourcePinAddress":{
        "PinID":2,
        "PinOwnerID":1055541132
      },
      "TargetPinAddress":{
        "PinID":1547211972,
        "PinOwnerID":1277117316
      },
      "ConnectionType":1,
      "ConnectedWireIndex":12,
      "ConnectedWireSegmentIndex":0,
      "Points":[{"x":5.1875,"y":-2.4375},{"x":0.0,"y":0.0}]
    },
    {
      "SourcePinAddress":{
        "PinID":2,
        "PinOwnerID":1055541132
      },
      "TargetPinAddress":{
        "PinID":1547211972,
        "PinOwnerID":739008128
      },
      "ConnectionType":1,
      "ConnectedWireIndex":8,
      "ConnectedWireSegmentIndex":2,
      "Points":[{"x":1.25,"y":-3.6875},{"x":1.25,"y":4.125},{"x":0.0,"y":0.0}]
    },
    {
      "SourcePinAddress":{
        "PinID":2,
        "PinOwnerID":1055541132
      },
      "TargetPinAddress":{
        "PinID":1547211972,
        "PinOwnerID":951962204
      },
      "ConnectionType":1,
      "ConnectedWireIndex":16,
      "ConnectedWireSegmentIndex":0,
      "Points":[{"x":1.25,"y":1.9375},{"x":0.0,"y":0.0}]
    },
    {
      "SourcePinAddress":{
        "PinID":2,
        "PinOwnerID":1055541132
      },
      "TargetPinAddress":{
        "PinID":1547211972,
        "PinOwnerID":923824093
      },
      "ConnectionType":1,
      "ConnectedWireIndex":16,
      "ConnectedWireSegmentIndex":0,
      "Points":[{"x":1.25,"y":-0.25},{"x":0.0,"y":0.0}]
    },
    {
      "SourcePinAddress":{
        "PinID":2,
        "PinOwnerID":1055541132
      },
      "TargetPinAddress":{
        "PinID":1547211972,
        "PinOwnerID":162084957
      },
      "ConnectionType":1,
      "ConnectedWireIndex":16,
      "ConnectedWireSegmentIndex":0,
      "Points":[{"x":1.25,"y":-2.4375},{"x":1.4375,"y":-2.4375},{"x":0.0,"y":0.0}]
    },
    {
      "SourcePinAddress":{
        "PinID":2,
        "PinOwnerID":1055541132
      },
      "TargetPinAddress":{
        "PinID":1547211972,
        "PinOwnerID":695136361
      },
      "ConnectionType":1,
      "ConnectedWireIndex":8,
      "ConnectedWireSegmentIndex":2,
      "Points":[{"x":-2.875,"y":-3.6875},{"x":-2.875,"y":4.125},{"x":0.0,"y":0.0}]
    },
    {
      "SourcePinAddress":{
        "PinID":2,
        "PinOwnerID":1055541132
      },
      "TargetPinAddress":{
        "PinID":1547211972,
        "PinOwnerID":1272464700
      },
      "ConnectionType":1,
      "ConnectedWireIndex":20,
      "ConnectedWireSegmentIndex":0,
      "Points":[{"x":-2.875,"y":1.9375},{"x":0.0,"y":0.0}]
    },
    {
      "SourcePinAddress":{
        "PinID":2,
        "PinOwnerID":1055541132
      },
      "TargetPinAddress":{
        "PinID":1547211972,
        "PinOwnerID":1861583805
      },
      "ConnectionType":1,
      "ConnectedWireIndex":20,
      "ConnectedWireSegmentIndex":0,
      "Points":[{"x":-2.875,"y":-0.25},{"x":0.0,"y":0.0}]
    },
    {
      "SourcePinAddress":{
        "PinID":2,
        "PinOwnerID":1055541132
      },
      "TargetPinAddress":{
        "PinID":1547211972,
        "PinOwnerID":926816021
      },
      "ConnectionType":1,
      "ConnectedWireIndex":20,
      "ConnectedWireSegmentIndex":0,
      "Points":[{"x":-2.875,"y":-2.4375},{"x":0.0,"y":0.0}]
    },
    {
      "SourcePinAddress":{
        "PinID":280443582,
        "PinOwnerID":1861583805
      },
      "TargetPinAddress":{
        "PinID":0,
        "PinOwnerID":2116872950
      },
      "ConnectionType":2,
      "ConnectedWireIndex":6,
      "ConnectedWireSegmentIndex":2,
      "Points":[{"x":0.0,"y":0.0},{"x":-0.9375,"y":0.25},{"x":-0.9375,"y":-0.875}]
    },
    {
      "SourcePinAddress":{
        "PinID":280443582,
        "PinOwnerID":926816021
      },
      "TargetPinAddress":{
        "PinID":0,
        "PinOwnerID":2116872950
      },
      "ConnectionType":2,
      "ConnectedWireIndex":6,
      "ConnectedWireSegmentIndex":2,
      "Points":[{"x":0.0,"y":0.0},{"x":-0.875,"y":-1.9375},{"x":-0.875,"y":-0.875}]
    },
    {
      "SourcePinAddress":{
        "PinID":280443582,
        "PinOwnerID":923824093
      },
      "TargetPinAddress":{
        "PinID":0,
        "PinOwnerID":2116872950
      },
      "ConnectionType":2,
      "ConnectedWireIndex":6,
      "ConnectedWireSegmentIndex":2,
      "Points":[{"x":0.0,"y":0.0},{"x":3.125,"y":0.25},{"x":3.125,"y":-0.875}]
    },
    {
      "SourcePinAddress":{
        "PinID":280443582,
        "PinOwnerID":162084957
      },
      "TargetPinAddress":{
        "PinID":0,
        "PinOwnerID":2116872950
      },
      "ConnectionType":2,
      "ConnectedWireIndex":6,
      "ConnectedWireSegmentIndex":2,
      "Points":[{"x":0.0,"y":0.0},{"x":3.0625,"y":-1.9375},{"x":3.0625,"y":-0.875}]
    },
    {
      "SourcePinAddress":{
        "PinID":280443582,
        "PinOwnerID":2103089
      },
      "TargetPinAddress":{
        "PinID":0,
        "PinOwnerID":2116872950
      },
      "ConnectionType":2,
      "ConnectedWireIndex":6,
      "ConnectedWireSegmentIndex":2,
      "Points":[{"x":0.0,"y":0.0},{"x":7.0625,"y":0.25},{"x":7.0625,"y":-0.875}]
    },
    {
      "SourcePinAddress":{
        "PinID":280443582,
        "PinOwnerID":1277117316
      },
      "TargetPinAddress":{
        "PinID":0,
        "PinOwnerID":2116872950
      },
      "ConnectionType":2,
      "ConnectedWireIndex":6,
      "ConnectedWireSegmentIndex":2,
      "Points":[{"x":0.0,"y":0.0},{"x":7.1875,"y":-1.9375},{"x":7.1875,"y":-0.875}]
    },
    {
      "SourcePinAddress":{
        "PinID":280443582,
        "PinOwnerID":1169638252
      },
      "TargetPinAddress":{
        "PinID":0,
        "PinOwnerID":2116872950
      },
      "ConnectionType":2,
      "ConnectedWireIndex":6,
      "ConnectedWireSegmentIndex":2,
      "Points":[{"x":0.0,"y":0.0},{"x":11.1875,"y":-1.9375},{"x":11.1875,"y":-0.875}]
    },
    {
      "SourcePinAddress":{
        "PinID":280443582,
        "PinOwnerID":1920396069
      },
      "TargetPinAddress":{
        "PinID":0,
        "PinOwnerID":2116872950
      },
      "ConnectionType":2,
      "ConnectedWireIndex":6,
      "ConnectedWireSegmentIndex":1,
      "Points":[{"x":0.0,"y":0.0},{"x":11.5,"y":0.25}]
    },
    {
      "SourcePinAddress":{
        "PinID":280443582,
        "PinOwnerID":746122211
      },
      "TargetPinAddress":{
        "PinID":0,
        "PinOwnerID":2116872950
      },
      "ConnectionType":2,
      "ConnectedWireIndex":6,
      "ConnectedWireSegmentIndex":1,
      "Points":[{"x":0.0,"y":0.0},{"x":11.5,"y":2.4375}]
    },
    {
      "SourcePinAddress":{
        "PinID":280443582,
        "PinOwnerID":953005622
      },
      "TargetPinAddress":{
        "PinID":0,
        "PinOwnerID":2116872950
      },
      "ConnectionType":2,
      "ConnectedWireIndex":6,
      "ConnectedWireSegmentIndex":0,
      "Points":[{"x":0.0,"y":0.0},{"x":11.0625,"y":4.625},{"x":11.0625,"y":3.5625}]
    },
    {
      "SourcePinAddress":{
        "PinID":280443582,
        "PinOwnerID":908625306
      },
      "TargetPinAddress":{
        "PinID":0,
        "PinOwnerID":2116872950
      },
      "ConnectionType":2,
      "ConnectedWireIndex":6,
      "ConnectedWireSegmentIndex":0,
      "Points":[{"x":0.0,"y":0.0},{"x":7.1875,"y":4.625},{"x":7.1875,"y":3.5625}]
    },
    {
      "SourcePinAddress":{
        "PinID":280443582,
        "PinOwnerID":724325488
      },
      "TargetPinAddress":{
        "PinID":0,
        "PinOwnerID":2116872950
      },
      "ConnectionType":2,
      "ConnectedWireIndex":6,
      "ConnectedWireSegmentIndex":0,
      "Points":[{"x":0.0,"y":0.0},{"x":7.125,"y":2.4375},{"x":7.125,"y":3.5625}]
    },
    {
      "SourcePinAddress":{
        "PinID":280443582,
        "PinOwnerID":739008128
      },
      "TargetPinAddress":{
        "PinID":0,
        "PinOwnerID":2116872950
      },
      "ConnectionType":2,
      "ConnectedWireIndex":6,
      "ConnectedWireSegmentIndex":0,
      "Points":[{"x":0.0,"y":0.0},{"x":3.3125,"y":4.625},{"x":3.3125,"y":3.5625}]
    },
    {
      "SourcePinAddress":{
        "PinID":280443582,
        "PinOwnerID":951962204
      },
      "TargetPinAddress":{
        "PinID":0,
        "PinOwnerID":2116872950
      },
      "ConnectionType":2,
      "ConnectedWireIndex":6,
      "ConnectedWireSegmentIndex":0,
      "Points":[{"x":0.0,"y":0.0},{"x":3.375,"y":2.4375},{"x":3.375,"y":3.5625}]
    },
    {
      "SourcePinAddress":{
        "PinID":280443582,
        "PinOwnerID":695136361
      },
      "TargetPinAddress":{
        "PinID":0,
        "PinOwnerID":2116872950
      },
      "ConnectionType":2,
      "ConnectedWireIndex":6,
      "ConnectedWireSegmentIndex":0,
      "Points":[{"x":0.0,"y":0.0},{"x":-0.75,"y":4.625},{"x":-0.75,"y":3.5625}]
    },
    {
      "SourcePinAddress":{
        "PinID":280443582,
        "PinOwnerID":1272464700
      },
      "TargetPinAddress":{
        "PinID":0,
        "PinOwnerID":2116872950
      },
      "ConnectionType":2,
      "ConnectedWireIndex":6,
      "ConnectedWireSegmentIndex":0,
      "Points":[{"x":0.0,"y":0.0},{"x":-0.625,"y":2.4375},{"x":-0.625,"y":3.5625}]
    },
    {
      "SourcePinAddress":{
        "PinID":1667730768,
        "PinOwnerID":960159803
      },
      "TargetPinAddress":{
        "PinID":337152094,
        "PinOwnerID":695136361
      },
      "ConnectionType":0,
      "ConnectedWireIndex":-1,
      "ConnectedWireSegmentIndex":-1,
      "Points":[{"x":0.0,"y":0.0},{"x":-4.125,"y":4.375},{"x":-4.125,"y":4.4375},{"x":0.0,"y":0.0}]
    },
    {
      "SourcePinAddress":{
        "PinID":1667730768,
        "PinOwnerID":960159803
      },
      "TargetPinAddress":{
        "PinID":337152094,
        "PinOwnerID":926816021
      },
      "ConnectionType":1,
      "ConnectedWireIndex":40,
      "ConnectedWireSegmentIndex":2,
      "Points":[{"x":-3.375,"y":4.4375},{"x":-3.375,"y":-2.125},{"x":0.0,"y":0.0}]
    },
    {
      "SourcePinAddress":{
        "PinID":1667730768,
        "PinOwnerID":960159803
      },
      "TargetPinAddress":{
        "PinID":337152094,
        "PinOwnerID":1861583805
      },
      "ConnectionType":1,
      "ConnectedWireIndex":41,
      "ConnectedWireSegmentIndex":0,
      "Points":[{"x":-3.375,"y":0.0625},{"x":0.0,"y":0.0}]
    },
    {
      "SourcePinAddress":{
        "PinID":1667730768,
        "PinOwnerID":960159803
      },
      "TargetPinAddress":{
        "PinID":337152094,
        "PinOwnerID":1272464700
      },
      "ConnectionType":1,
      "ConnectedWireIndex":41,
      "ConnectedWireSegmentIndex":0,
      "Points":[{"x":-3.375,"y":2.375},{"x":-3.3125,"y":2.25},{"x":0.0,"y":0.0}]
    },
    {
      "SourcePinAddress":{
        "PinID":1590204806,
        "PinOwnerID":960159803
      },
      "TargetPinAddress":{
        "PinID":337152094,
        "PinOwnerID":162084957
      },
      "ConnectionType":0,
      "ConnectedWireIndex":-1,
      "ConnectedWireSegmentIndex":-1,
      "Points":[{"x":0.0,"y":0.0},{"x":-3.4375,"y":4.625},{"x":-3.4375,"y":5.625},{"x":0.75,"y":5.625},{"x":0.75,"y":-2.125},{"x":0.0,"y":0.0}]
    },
    {
      "SourcePinAddress":{
        "PinID":1590204806,
        "PinOwnerID":960159803
      },
      "TargetPinAddress":{
        "PinID":337152094,
        "PinOwnerID":923824093
      },
      "ConnectionType":1,
      "ConnectedWireIndex":44,
      "ConnectedWireSegmentIndex":3,
      "Points":[{"x":0.75,"y":0.0625},{"x":0.0,"y":0.0}]
    },
    {
      "SourcePinAddress":{
        "PinID":1590204806,
        "PinOwnerID":960159803
      },
      "TargetPinAddress":{
        "PinID":337152094,
        "PinOwnerID":951962204
      },
      "ConnectionType":1,
      "ConnectedWireIndex":44,
      "ConnectedWireSegmentIndex":3,
      "Points":[{"x":0.75,"y":2.25},{"x":0.0,"y":0.0}]
    },
    {
      "SourcePinAddress":{
        "PinID":1590204806,
        "PinOwnerID":960159803
      },
      "TargetPinAddress":{
        "PinID":337152094,
        "PinOwnerID":739008128
      },
      "ConnectionType":1,
      "ConnectedWireIndex":44,
      "ConnectedWireSegmentIndex":3,
      "Points":[{"x":0.75,"y":4.4375},{"x":0.0,"y":0.0}]
    },
    {
      "SourcePinAddress":{
        "PinID":2089928040,
        "PinOwnerID":960159803
      },
      "TargetPinAddress":{
        "PinID":337152094,
        "PinOwnerID":1277117316
      },
      "ConnectionType":0,
      "ConnectedWireIndex":-1,
      "ConnectedWireSegmentIndex":-1,
      "Points":[{"x":0.0,"y":0.0},{"x":-3.75,"y":4.875},{"x":-3.75,"y":5.8125},{"x":4.75,"y":5.8125},{"x":4.75,"y":-2.125},{"x":0.0,"y":0.0}]
    },
    {
      "SourcePinAddress":{
        "PinID":2089928040,
        "PinOwnerID":960159803
      },
      "TargetPinAddress":{
        "PinID":337152094,
        "PinOwnerID":2103089
      },
      "ConnectionType":1,
      "ConnectedWireIndex":48,
      "ConnectedWireSegmentIndex":3,
      "Points":[{"x":4.75,"y":0.0625},{"x":0.0,"y":0.0}]
    },
    {
      "SourcePinAddress":{
        "PinID":2089928040,
        "PinOwnerID":960159803
      },
      "TargetPinAddress":{
        "PinID":337152094,
        "PinOwnerID":724325488
      },
      "ConnectionType":1,
      "ConnectedWireIndex":48,
      "ConnectedWireSegmentIndex":3,
      "Points":[{"x":4.75,"y":2.25},{"x":0.0,"y":0.0}]
    },
    {
      "SourcePinAddress":{
        "PinID":2089928040,
        "PinOwnerID":960159803
      },
      "TargetPinAddress":{
        "PinID":337152094,
        "PinOwnerID":908625306
      },
      "ConnectionType":1,
      "ConnectedWireIndex":48,
      "ConnectedWireSegmentIndex":3,
      "Points":[{"x":4.75,"y":4.4375},{"x":0.0,"y":0.0}]
    },
    {
      "SourcePinAddress":{
        "PinID":65463274,
        "PinOwnerID":960159803
      },
      "TargetPinAddress":{
        "PinID":337152094,
        "PinOwnerID":1169638252
      },
      "ConnectionType":0,
      "ConnectedWireIndex":-1,
      "ConnectedWireSegmentIndex":-1,
      "Points":[{"x":0.0,"y":0.0},{"x":-3.8125,"y":5.125},{"x":-3.8125,"y":5.9375},{"x":8.375,"y":5.9375},{"x":8.375,"y":-2.125},{"x":0.0,"y":0.0}]
    },
    {
      "SourcePinAddress":{
        "PinID":65463274,
        "PinOwnerID":960159803
      },
      "TargetPinAddress":{
        "PinID":337152094,
        "PinOwnerID":1920396069
      },
      "ConnectionType":1,
      "ConnectedWireIndex":52,
      "ConnectedWireSegmentIndex":3,
      "Points":[{"x":8.375,"y":0.0625},{"x":0.0,"y":0.0}]
    },
    {
      "SourcePinAddress":{
        "PinID":65463274,
        "PinOwnerID":960159803
      },
      "TargetPinAddress":{
        "PinID":337152094,
        "PinOwnerID":746122211
      },
      "ConnectionType":1,
      "ConnectedWireIndex":52,
      "ConnectedWireSegmentIndex":3,
      "Points":[{"x":8.375,"y":2.25},{"x":0.0,"y":0.0}]
    },
    {
      "SourcePinAddress":{
        "PinID":65463274,
        "PinOwnerID":960159803
      },
      "TargetPinAddress":{
        "PinID":337152094,
        "PinOwnerID":953005622
      },
      "ConnectionType":1,
      "ConnectedWireIndex":52,
      "ConnectedWireSegmentIndex":3,
      "Points":[{"x":8.375,"y":4.4375},{"x":0.0,"y":0.0}]
    },
    {
      "SourcePinAddress":{
        "PinID":1667730768,
        "PinOwnerID":1073023389
      },
      "TargetPinAddress":{
        "PinID":2056324209,
        "PinOwnerID":1169638252
      },
      "ConnectionType":0,
      "ConnectedWireIndex":-1,
      "ConnectedWireSegmentIndex":-1,
      "Points":[{"x":0.0,"y":0.0},{"x":-4.1875,"y":2.3125},{"x":-4.1875,"y":-2.9375},{"x":8.125,"y":-2.9375},{"x":8.125,"y":-1.875},{"x":0.0,"y":0.0}]
    },
    {
      "SourcePinAddress":{
        "PinID":1667730768,
        "PinOwnerID":1073023389
      },
      "TargetPinAddress":{
        "PinID":2056324209,
        "PinOwnerID":1277117316
      },
      "ConnectionType":1,
      "ConnectedWireIndex":56,
      "ConnectedWireSegmentIndex":2,
      "Points":[{"x":5.0,"y":-2.9375},{"x":5.0,"y":-1.875},{"x":0.0,"y":0.0}]
    },
    {
      "SourcePinAddress":{
        "PinID":1667730768,
        "PinOwnerID":1073023389
      },
      "TargetPinAddress":{
        "PinID":2056324209,
        "PinOwnerID":162084957
      },
      "ConnectionType":1,
      "ConnectedWireIndex":56,
      "ConnectedWireSegmentIndex":2,
      "Points":[{"x":0.625,"y":-2.9375},{"x":0.625,"y":-1.875},{"x":0.0,"y":0.0}]
    },
    {
      "SourcePinAddress":{
        "PinID":1667730768,
        "PinOwnerID":1073023389
      },
      "TargetPinAddress":{
        "PinID":2056324209,
        "PinOwnerID":926816021
      },
      "ConnectionType":1,
      "ConnectedWireIndex":56,
      "ConnectedWireSegmentIndex":2,
      "Points":[{"x":-3.8125,"y":-2.9375},{"x":-3.8125,"y":-1.875},{"x":0.0,"y":0.0}]
    },
    {
      "SourcePinAddress":{
        "PinID":1590204806,
        "PinOwnerID":1073023389
      },
      "TargetPinAddress":{
        "PinID":2056324209,
        "PinOwnerID":1920396069
      },
      "ConnectionType":0,
      "ConnectedWireIndex":-1,
      "ConnectedWireSegmentIndex":-1,
      "Points":[{"x":0.0,"y":0.0},{"x":-4.0,"y":2.5625},{"x":-4.0,"y":-0.6875},{"x":9.25,"y":-0.6875},{"x":9.25,"y":0.3125},{"x":0.0,"y":0.0}]
    },
    {
      "SourcePinAddress":{
        "PinID":1590204806,
        "PinOwnerID":1073023389
      },
      "TargetPinAddress":{
        "PinID":2056324209,
        "PinOwnerID":2103089
      },
      "ConnectionType":1,
      "ConnectedWireIndex":60,
      "ConnectedWireSegmentIndex":2,
      "Points":[{"x":5.375,"y":-0.6875},{"x":5.375,"y":0.3125},{"x":0.0,"y":0.0}]
    },
    {
      "SourcePinAddress":{
        "PinID":1590204806,
        "PinOwnerID":1073023389
      },
      "TargetPinAddress":{
        "PinID":2056324209,
        "PinOwnerID":923824093
      },
      "ConnectionType":1,
      "ConnectedWireIndex":60,
      "ConnectedWireSegmentIndex":2,
      "Points":[{"x":1.4375,"y":-0.6875},{"x":1.4375,"y":0.3125},{"x":0.0,"y":0.0}]
    },
    {
      "SourcePinAddress":{
        "PinID":1590204806,
        "PinOwnerID":1073023389
      },
      "TargetPinAddress":{
        "PinID":2056324209,
        "PinOwnerID":1861583805
      },
      "ConnectionType":1,
      "ConnectedWireIndex":60,
      "ConnectedWireSegmentIndex":2,
      "Points":[{"x":-3.8125,"y":-0.6875},{"x":-3.8125,"y":0.3125},{"x":0.0,"y":0.0}]
    },
    {
      "SourcePinAddress":{
        "PinID":2089928040,
        "PinOwnerID":1073023389
      },
      "TargetPinAddress":{
        "PinID":2056324209,
        "PinOwnerID":746122211
      },
      "ConnectionType":0,
      "ConnectedWireIndex":-1,
      "ConnectedWireSegmentIndex":-1,
      "Points":[{"x":0.0,"y":0.0},{"x":-3.8125,"y":2.8125},{"x":-3.8125,"y":1.5},{"x":8.8125,"y":1.5},{"x":8.8125,"y":2.5},{"x":0.0,"y":0.0}]
    },
    {
      "SourcePinAddress":{
        "PinID":2089928040,
        "PinOwnerID":1073023389
      },
      "TargetPinAddress":{
        "PinID":2056324209,
        "PinOwnerID":724325488
      },
      "ConnectionType":1,
      "ConnectedWireIndex":64,
      "ConnectedWireSegmentIndex":2,
      "Points":[{"x":5.5,"y":1.5},{"x":5.5,"y":2.5},{"x":0.0,"y":0.0}]
    },
    {
      "SourcePinAddress":{
        "PinID":2089928040,
        "PinOwnerID":1073023389
      },
      "TargetPinAddress":{
        "PinID":2056324209,
        "PinOwnerID":951962204
      },
      "ConnectionType":1,
      "ConnectedWireIndex":64,
      "ConnectedWireSegmentIndex":2,
      "Points":[{"x":1.4375,"y":1.5},{"x":1.4375,"y":2.5},{"x":0.0,"y":0.0}]
    },
    {
      "SourcePinAddress":{
        "PinID":2089928040,
        "PinOwnerID":1073023389
      },
      "TargetPinAddress":{
        "PinID":2056324209,
        "PinOwnerID":1272464700
      },
      "ConnectionType":1,
      "ConnectedWireIndex":64,
      "ConnectedWireSegmentIndex":2,
      "Points":[{"x":-3.125,"y":1.5},{"x":-3.125,"y":2.5},{"x":0.0,"y":0.0}]
    },
    {
      "SourcePinAddress":{
        "PinID":65463274,
        "PinOwnerID":1073023389
      },
      "TargetPinAddress":{
        "PinID":2056324209,
        "PinOwnerID":953005622
      },
      "ConnectionType":0,
      "ConnectedWireIndex":-1,
      "ConnectedWireSegmentIndex":-1,
      "Points":[{"x":0.0,"y":0.0},{"x":-4.1875,"y":3.0625},{"x":-4.1875,"y":3.3125},{"x":8.1875,"y":3.3125},{"x":8.1875,"y":4.6875},{"x":0.0,"y":0.0}]
    },
    {
      "SourcePinAddress":{
        "PinID":65463274,
        "PinOwnerID":1073023389
      },
      "TargetPinAddress":{
        "PinID":2056324209,
        "PinOwnerID":908625306
      },
      "ConnectionType":1,
      "ConnectedWireIndex":68,
      "ConnectedWireSegmentIndex":2,
      "Points":[{"x":5.25,"y":3.3125},{"x":5.25,"y":4.6875},{"x":0.0,"y":0.0}]
    },
    {
      "SourcePinAddress":{
        "PinID":65463274,
        "PinOwnerID":1073023389
      },
      "TargetPinAddress":{
        "PinID":2056324209,
        "PinOwnerID":739008128
      },
      "ConnectionType":1,
      "ConnectedWireIndex":68,
      "ConnectedWireSegmentIndex":2,
      "Points":[{"x":1.1875,"y":3.3125},{"x":1.1875,"y":4.6875},{"x":0.0,"y":0.0}]
    },
    {
      "SourcePinAddress":{
        "PinID":65463274,
        "PinOwnerID":1073023389
      },
      "TargetPinAddress":{
        "PinID":2056324209,
        "PinOwnerID":695136361
      },
      "ConnectionType":1,
      "ConnectedWireIndex":68,
      "ConnectedWireSegmentIndex":2,
      "Points":[{"x":-3.0625,"y":3.3125},{"x":-3.0625,"y":4.6875},{"x":0.0,"y":0.0}]
    },
    {
      "SourcePinAddress":{
        "PinID":0,
        "PinOwnerID":2050946894
      },
      "TargetPinAddress":{
        "PinID":917707995,
        "PinOwnerID":1169638252
      },
      "ConnectionType":0,
      "ConnectedWireIndex":-1,
      "ConnectedWireSegmentIndex":-1,
      "Points":[{"x":0.0,"y":0.0},{"x":-8.8125,"y":5.25},{"x":-8.8125,"y":5.9375},{"x":9.125,"y":5.9375},{"x":9.125,"y":-1.625},{"x":0.0,"y":0.0}]
    },
    {
      "SourcePinAddress":{
        "PinID":0,
        "PinOwnerID":2050946894
      },
      "TargetPinAddress":{
        "PinID":917707995,
        "PinOwnerID":1920396069
      },
      "ConnectionType":1,
      "ConnectedWireIndex":72,
      "ConnectedWireSegmentIndex":3,
      "Points":[{"x":9.125,"y":0.5625},{"x":0.0,"y":0.0}]
    },
    {
      "SourcePinAddress":{
        "PinID":0,
        "PinOwnerID":2050946894
      },
      "TargetPinAddress":{
        "PinID":917707995,
        "PinOwnerID":746122211
      },
      "ConnectionType":1,
      "ConnectedWireIndex":72,
      "ConnectedWireSegmentIndex":3,
      "Points":[{"x":9.125,"y":2.75},{"x":0.0,"y":0.0}]
    },
    {
      "SourcePinAddress":{
        "PinID":0,
        "PinOwnerID":2050946894
      },
      "TargetPinAddress":{
        "PinID":917707995,
        "PinOwnerID":953005622
      },
      "ConnectionType":1,
      "ConnectedWireIndex":72,
      "ConnectedWireSegmentIndex":3,
      "Points":[{"x":9.125,"y":4.9375},{"x":0.0,"y":0.0}]
    },
    {
      "SourcePinAddress":{
        "PinID":0,
        "PinOwnerID":736100965
      },
      "TargetPinAddress":{
        "PinID":1651599163,
        "PinOwnerID":1169638252
      },
      "ConnectionType":0,
      "ConnectedWireIndex":-1,
      "ConnectedWireSegmentIndex":-1,
      "Points":[{"x":0.0,"y":0.0},{"x":8.75,"y":6.0},{"x":8.75,"y":-1.3125},{"x":8.875,"y":-1.3125},{"x":8.875,"y":-1.375},{"x":0.0,"y":0.0}]
    },
    {
      "SourcePinAddress":{
        "PinID":0,
        "PinOwnerID":736100965
      },
      "TargetPinAddress":{
        "PinID":1651599163,
        "PinOwnerID":1920396069
      },
      "ConnectionType":1,
      "ConnectedWireIndex":76,
      "ConnectedWireSegmentIndex":1,
      "Points":[{"x":8.75,"y":0.8125},{"x":0.0,"y":0.0}]
    },
    {
      "SourcePinAddress":{
        "PinID":0,
        "PinOwnerID":736100965
      },
      "TargetPinAddress":{
        "PinID":1651599163,
        "PinOwnerID":746122211
      },
      "ConnectionType":1,
      "ConnectedWireIndex":76,
      "ConnectedWireSegmentIndex":1,
      "Points":[{"x":8.75,"y":3.0},{"x":0.0,"y":0.0}]
    },
    {
      "SourcePinAddress":{
        "PinID":0,
        "PinOwnerID":736100965
      },
      "TargetPinAddress":{
        "PinID":1651599163,
        "PinOwnerID":953005622
      },
      "ConnectionType":1,
      "ConnectedWireIndex":76,
      "ConnectedWireSegmentIndex":1,
      "Points":[{"x":8.75,"y":5.1875},{"x":0.0,"y":0.0}]
    },
    {
      "SourcePinAddress":{
        "PinID":0,
        "PinOwnerID":736100965
      },
      "TargetPinAddress":{
        "PinID":1651599163,
        "PinOwnerID":1277117316
      },
      "ConnectionType":1,
      "ConnectedWireIndex":76,
      "ConnectedWireSegmentIndex":0,
      "Points":[{"x":5.5,"y":6.0},{"x":5.5,"y":-1.375},{"x":0.0,"y":0.0}]
    },
    {
      "SourcePinAddress":{
        "PinID":0,
        "PinOwnerID":736100965
      },
      "TargetPinAddress":{
        "PinID":1651599163,
        "PinOwnerID":2103089
      },
      "ConnectionType":1,
      "ConnectedWireIndex":80,
      "ConnectedWireSegmentIndex":0,
      "Points":[{"x":5.5,"y":0.8125},{"x":0.0,"y":0.0}]
    },
    {
      "SourcePinAddress":{
        "PinID":0,
        "PinOwnerID":736100965
      },
      "TargetPinAddress":{
        "PinID":1651599163,
        "PinOwnerID":908625306
      },
      "ConnectionType":1,
      "ConnectedWireIndex":80,
      "ConnectedWireSegmentIndex":0,
      "Points":[{"x":5.5,"y":5.1875},{"x":0.0,"y":0.0}]
    },
    {
      "SourcePinAddress":{
        "PinID":0,
        "PinOwnerID":736100965
      },
      "TargetPinAddress":{
        "PinID":1651599163,
        "PinOwnerID":724325488
      },
      "ConnectionType":1,
      "ConnectedWireIndex":80,
      "ConnectedWireSegmentIndex":0,
      "Points":[{"x":5.5,"y":3.0},{"x":0.0,"y":0.0}]
    },
    {
      "SourcePinAddress":{
        "PinID":0,
        "PinOwnerID":736100965
      },
      "TargetPinAddress":{
        "PinID":1651599163,
        "PinOwnerID":162084957
      },
      "ConnectionType":1,
      "ConnectedWireIndex":76,
      "ConnectedWireSegmentIndex":0,
      "Points":[{"x":1.4375,"y":6.0},{"x":1.4375,"y":-1.4375},{"x":1.4375,"y":-1.375},{"x":0.0,"y":0.0}]
    },
    {
      "SourcePinAddress":{
        "PinID":0,
        "PinOwnerID":736100965
      },
      "TargetPinAddress":{
        "PinID":1651599163,
        "PinOwnerID":951962204
      },
      "ConnectionType":1,
      "ConnectedWireIndex":84,
      "ConnectedWireSegmentIndex":0,
      "Points":[{"x":1.4375,"y":3.0},{"x":0.0,"y":0.0}]
    },
    {
      "SourcePinAddress":{
        "PinID":0,
        "PinOwnerID":736100965
      },
      "TargetPinAddress":{
        "PinID":1651599163,
        "PinOwnerID":739008128
      },
      "ConnectionType":1,
      "ConnectedWireIndex":84,
      "ConnectedWireSegmentIndex":0,
      "Points":[{"x":1.4375,"y":5.1875},{"x":0.0,"y":0.0}]
    },
    {
      "SourcePinAddress":{
        "PinID":0,
        "PinOwnerID":736100965
      },
      "TargetPinAddress":{
        "PinID":1651599163,
        "PinOwnerID":926816021
      },
      "ConnectionType":1,
      "ConnectedWireIndex":76,
      "ConnectedWireSegmentIndex":0,
      "Points":[{"x":-2.5625,"y":6.0},{"x":-2.5625,"y":-1.375},{"x":0.0,"y":0.0}]
    },
    {
      "SourcePinAddress":{
        "PinID":0,
        "PinOwnerID":736100965
      },
      "TargetPinAddress":{
        "PinID":1651599163,
        "PinOwnerID":1861583805
      },
      "ConnectionType":1,
      "ConnectedWireIndex":87,
      "ConnectedWireSegmentIndex":0,
      "Points":[{"x":-2.5625,"y":0.8125},{"x":0.0,"y":0.0}]
    },
    {
      "SourcePinAddress":{
        "PinID":0,
        "PinOwnerID":736100965
      },
      "TargetPinAddress":{
        "PinID":1651599163,
        "PinOwnerID":1272464700
      },
      "ConnectionType":1,
      "ConnectedWireIndex":87,
      "ConnectedWireSegmentIndex":0,
      "Points":[{"x":-2.5625,"y":3.0},{"x":0.0,"y":0.0}]
    },
    {
      "SourcePinAddress":{
        "PinID":0,
        "PinOwnerID":736100965
      },
      "TargetPinAddress":{
        "PinID":1651599163,
        "PinOwnerID":695136361
      },
      "ConnectionType":1,
      "ConnectedWireIndex":87,
      "ConnectedWireSegmentIndex":0,
      "Points":[{"x":-2.5625,"y":5.1875},{"x":0.0,"y":0.0}]
    },
    {
      "SourcePinAddress":{
        "PinID":0,
        "PinOwnerID":2050946894
      },
      "TargetPinAddress":{
        "PinID":917707995,
        "PinOwnerID":1277117316
      },
      "ConnectionType":1,
      "ConnectedWireIndex":72,
      "ConnectedWireSegmentIndex":2,
      "Points":[{"x":5.3125,"y":5.9375},{"x":5.3125,"y":-1.6875},{"x":5.3125,"y":-1.625},{"x":0.0,"y":0.0}]
    },
    {
      "SourcePinAddress":{
        "PinID":0,
        "PinOwnerID":2050946894
      },
      "TargetPinAddress":{
        "PinID":917707995,
        "PinOwnerID":2103089
      },
      "ConnectionType":1,
      "ConnectedWireIndex":91,
      "ConnectedWireSegmentIndex":0,
      "Points":[{"x":5.3125,"y":0.5625},{"x":0.0,"y":0.0}]
    },
    {
      "SourcePinAddress":{
        "PinID":0,
        "PinOwnerID":2050946894
      },
      "TargetPinAddress":{
        "PinID":917707995,
        "PinOwnerID":724325488
      },
      "ConnectionType":1,
      "ConnectedWireIndex":91,
      "ConnectedWireSegmentIndex":0,
      "Points":[{"x":5.3125,"y":2.75},{"x":0.0,"y":0.0}]
    },
    {
      "SourcePinAddress":{
        "PinID":0,
        "PinOwnerID":2050946894
      },
      "TargetPinAddress":{
        "PinID":917707995,
        "PinOwnerID":908625306
      },
      "ConnectionType":1,
      "ConnectedWireIndex":91,
      "ConnectedWireSegmentIndex":0,
      "Points":[{"x":5.3125,"y":4.9375},{"x":0.0,"y":0.0}]
    },
    {
      "SourcePinAddress":{
        "PinID":0,
        "PinOwnerID":2050946894
      },
      "TargetPinAddress":{
        "PinID":917707995,
        "PinOwnerID":162084957
      },
      "ConnectionType":1,
      "ConnectedWireIndex":72,
      "ConnectedWireSegmentIndex":2,
      "Points":[{"x":1.375,"y":5.9375},{"x":1.375,"y":-1.625},{"x":0.0,"y":0.0}]
    },
    {
      "SourcePinAddress":{
        "PinID":0,
        "PinOwnerID":2050946894
      },
      "TargetPinAddress":{
        "PinID":917707995,
        "PinOwnerID":923824093
      },
      "ConnectionType":1,
      "ConnectedWireIndex":95,
      "ConnectedWireSegmentIndex":0,
      "Points":[{"x":1.375,"y":0.5625},{"x":0.0,"y":0.0}]
    },
    {
      "SourcePinAddress":{
        "PinID":0,
        "PinOwnerID":2050946894
      },
      "TargetPinAddress":{
        "PinID":917707995,
        "PinOwnerID":951962204
      },
      "ConnectionType":1,
      "ConnectedWireIndex":95,
      "ConnectedWireSegmentIndex":0,
      "Points":[{"x":1.375,"y":2.75},{"x":0.0,"y":0.0}]
    },
    {
      "SourcePinAddress":{
        "PinID":0,
        "PinOwnerID":2050946894
      },
      "TargetPinAddress":{
        "PinID":917707995,
        "PinOwnerID":739008128
      },
      "ConnectionType":1,
      "ConnectedWireIndex":95,
      "ConnectedWireSegmentIndex":0,
      "Points":[{"x":1.375,"y":4.9375},{"x":0.0,"y":0.0}]
    },
    {
      "SourcePinAddress":{
        "PinID":0,
        "PinOwnerID":2050946894
      },
      "TargetPinAddress":{
        "PinID":917707995,
        "PinOwnerID":926816021
      },
      "ConnectionType":1,
      "ConnectedWireIndex":72,
      "ConnectedWireSegmentIndex":2,
      "Points":[{"x":-3.9375,"y":5.9375},{"x":-3.9375,"y":-1.625},{"x":0.0,"y":0.0}]
    },
    {
      "SourcePinAddress":{
        "PinID":0,
        "PinOwnerID":2050946894
      },
      "TargetPinAddress":{
        "PinID":917707995,
        "PinOwnerID":1861583805
      },
      "ConnectionType":1,
      "ConnectedWireIndex":99,
      "ConnectedWireSegmentIndex":0,
      "Points":[{"x":-3.9375,"y":0.5625},{"x":0.0,"y":0.0}]
    },
    {
      "SourcePinAddress":{
        "PinID":0,
        "PinOwnerID":2050946894
      },
      "TargetPinAddress":{
        "PinID":917707995,
        "PinOwnerID":1272464700
      },
      "ConnectionType":1,
      "ConnectedWireIndex":99,
      "ConnectedWireSegmentIndex":0,
      "Points":[{"x":-3.9375,"y":2.75},{"x":0.0,"y":0.0}]
    },
    {
      "SourcePinAddress":{
        "PinID":0,
        "PinOwnerID":2050946894
      },
      "TargetPinAddress":{
        "PinID":917707995,
        "PinOwnerID":695136361
      },
      "ConnectionType":1,
      "ConnectedWireIndex":99,
      "ConnectedWireSegmentIndex":0,
      "Points":[{"x":-3.9375,"y":4.9375},{"x":0.0,"y":0.0}]
    },
    {
      "SourcePinAddress":{
        "PinID":0,
        "PinOwnerID":736100965
      },
      "TargetPinAddress":{
        "PinID":1651599163,
        "PinOwnerID":923824093
      },
      "ConnectionType":1,
      "ConnectedWireIndex":84,
      "ConnectedWireSegmentIndex":0,
      "Points":[{"x":1.4375,"y":0.8125},{"x":0.0,"y":0.0}]
    }
  ],
  "Displays":[]
}