{
  "DLSVersion": "2.1.6",
  "Name": "MEM-1",
  "NameLocation": 0,
  "ChipType": 0,
  "Size": {
    "x": 0.875,
    "y": 1.0
  },
  "Colour": {
    "r": 0.672033966,
    "g": 0.52714926,
    "b": 0.0973374844,
    "a": 1
  },
  "InputPins":[
    {
      "Name":"DATA",
      "ID":641858174,
      "Position":{
        "x":-6.875,
        "y":2.125
      },
      "BitCount":1,
      "Colour":0,
      "ValueDisplayMode":0
    },
    {
      "Name":"STORE",
      "ID":630784544,
      "Position":{
        "x":-6.875,
        "y":1.375
      },
      "BitCount":1,
      "Colour":2,
      "ValueDisplayMode":0
    },
    {
      "Name":"ROW",
      "ID":244961020,
      "Position":{
        "x":-6.875,
        "y":0.25
      },
      "BitCount":1,
      "Colour":3,
      "ValueDisplayMode":0
    },
    {
      "Name":"COLUMN",
      "ID":1043036393,
      "Position":{
        "x":-6.875,
        "y":-0.5
      },
      "BitCount":1,
      "Colour":4,
      "ValueDisplayMode":0
    }
  ],
  "OutputPins":[
    {
      "Name":"OUT",
      "ID":1560124752,
      "Position":{
        "x":2.25,
        "y":0.75
      },
      "BitCount":1,
      "Colour":0,
      "ValueDisplayMode":0
    }
  ],
  "SubChips":[
    {
      "Name":"AND",
      "ID":1330317543,
      "Label":"",
      "Position":{
        "x":-5.0775,
        "y":0.125
      },
      "OutputPinColourInfo":[{"PinColour":5,"PinID":1934042572}],
      "InternalData":null
    },
    {
      "Name":"AND",
      "ID":569179162,
      "Label":"",
      "Position":{
        "x":-3.4525,
        "y":0.8125
      },
      "OutputPinColourInfo":[{"PinColour":2,"PinID":1934042572}],
      "InternalData":null
    },
    {
      "Name":"D LATCH",
      "ID":1809484458,
      "Label":"",
      "Position":{
        "x":-2.1025,
        "y":0.9375
      },
      "OutputPinColourInfo":[{"PinColour":0,"PinID":2124000498}],
      "InternalData":null
    },
    {
      "Name":"3-STATE BUFFER",
      "ID":279463695,
      "Label":"",
      "Position":{
        "x":-0.375,
        "y":0.75
      },
      "OutputPinColourInfo":[{"PinColour":0,"PinID":2}],
      "InternalData":null
    }
  ],
  "Wires":[
    {
      "SourcePinAddress":{
        "PinID":0,
        "PinOwnerID":244961020
      },
      "TargetPinAddress":{
        "PinID":818357688,
        "PinOwnerID":1330317543
      },
      "ConnectionType":0,
      "ConnectedWireIndex":-1,
      "ConnectedWireSegmentIndex":-1,
      "Points":[{"x":0.0,"y":0.0},{"x":0.0,"y":0.0}]
    },
    {
      "SourcePinAddress":{
        "PinID":0,
        "PinOwnerID":1043036393
      },
      "TargetPinAddress":{
        "PinID":1522459734,
        "PinOwnerID":1330317543
      },
      "ConnectionType":0,
      "ConnectedWireIndex":-1,
      "ConnectedWireSegmentIndex":-1,
      "Points":[{"x":0.0,"y":0.0},{"x":-5.8125,"y":-0.5},{"x":-5.8125,"y":0.0},{"x":0.0,"y":0.0}]
    },
    {
      "SourcePinAddress":{
        "PinID":1934042572,
        "PinOwnerID":1330317543
      },
      "TargetPinAddress":{
        "PinID":1522459734,
        "PinOwnerID":569179162
      },
      "ConnectionType":0,
      "ConnectedWireIndex":-1,
      "ConnectedWireSegmentIndex":-1,
      "Points":[{"x":0.0,"y":0.0},{"x":-4.25,"y":0.125},{"x":-4.25,"y":0.6875},{"x":0.0,"y":0.0}]
    },
    {
      "SourcePinAddress":{
        "PinID":0,
        "PinOwnerID":630784544
      },
      "TargetPinAddress":{
        "PinID":818357688,
        "PinOwnerID":569179162
      },
      "ConnectionType":0,
      "ConnectedWireIndex":-1,
      "ConnectedWireSegmentIndex":-1,
      "Points":[{"x":0.0,"y":0.0},{"x":-5.5,"y":1.375},{"x":-5.5,"y":0.9375},{"x":0.0,"y":0.0}]
    },
    {
      "SourcePinAddress":{
        "PinID":1934042572,
        "PinOwnerID":569179162
      },
      "TargetPinAddress":{
        "PinID":138995780,
        "PinOwnerID":1809484458
      },
      "ConnectionType":0,
      "ConnectedWireIndex":-1,
      "ConnectedWireSegmentIndex":-1,
      "Points":[{"x":0.0,"y":0.0},{"x":0.0,"y":0.0}]
    },
    {
      "SourcePinAddress":{
        "PinID":0,
        "PinOwnerID":641858174
      },
      "TargetPinAddress":{
        "PinID":1181847631,
        "PinOwnerID":1809484458
      },
      "ConnectionType":0,
      "ConnectedWireIndex":-1,
      "ConnectedWireSegmentIndex":-1,
      "Points":[{"x":0.0,"y":0.0},{"x":-2.9375,"y":2.125},{"x":-2.9375,"y":1.0625},{"x":0.0,"y":0.0}]
    },
    {
      "SourcePinAddress":{
        "PinID":2124000498,
        "PinOwnerID":1809484458
      },
      "TargetPinAddress":{
        "PinID":0,
        "PinOwnerID":279463695
      },
      "ConnectionType":0,
      "ConnectedWireIndex":-1,
      "ConnectedWireSegmentIndex":-1,
      "Points":[{"x":0.0,"y":0.0},{"x":0.0,"y":0.0}]
    },
    {
      "SourcePinAddress":{
        "PinID":2,
        "PinOwnerID":279463695
      },
      "TargetPinAddress":{
        "PinID":0,
        "PinOwnerID":1560124752
      },
      "ConnectionType":0,
      "ConnectedWireIndex":-1,
      "ConnectedWireSegmentIndex":-1,
      "Points":[{"x":0.0,"y":0.0},{"x":0.0,"y":0.0}]
    },
    {
      "SourcePinAddress":{
        "PinID":1934042572,
        "PinOwnerID":1330317543
      },
      "TargetPinAddress":{
        "PinID":1,
        "PinOwnerID":279463695
      },
      "ConnectionType":1,
      "ConnectedWireIndex":2,
      "ConnectedWireSegmentIndex":1,
      "Points":[{"x":-4.25,"y":0.25},{"x":-1.5,"y":0.25},{"x":-1.5,"y":0.5625},{"x":0.0,"y":0.0}]
    }
  ],
  "Displays":[]
}