{
  "DLSVersion": "2.1.6",
  "Name": "MEMORY TRAIN",
  "NameLocation": 0,
  "ChipType": 0,
  "Size": {
    "x": 1.1,
    "y": 1.25
  },
  "Colour": {
    "r": 0.194619715,
    "g": 0.312790275,
    "b": 0.19825913,
    "a": 1
  },
  "InputPins":[
    {
      "Name":"IN",
      "ID":851090239,
      "Position":{
        "x":-9.125,
        "y":7.375
      },
      "BitCount":8,
      "Colour":0,
      "ValueDisplayMode":0
    },
    {
      "Name":"IN",
      "ID":1017979140,
      "Position":{
        "x":-9.125,
        "y":6.875
      },
      "BitCount":1,
      "Colour":3,
      "ValueDisplayMode":0
    },
    {
      "Name":"IN",
      "ID":1157200749,
      "Position":{
        "x":-9.125,
        "y":6.3125
      },
      "BitCount":1,
      "Colour":2,
      "ValueDisplayMode":0
    },
    {
      "Name":"IN",
      "ID":209625719,
      "Position":{
        "x":-9.125,
        "y":5.8125
      },
      "BitCount":1,
      "Colour":4,
      "ValueDisplayMode":0
    }
  ],
  "OutputPins":[
    {
      "Name":"OUT",
      "ID":1648492696,
      "Position":{
        "x":8.25,
        "y":3.75
      },
      "BitCount":8,
      "Colour":0,
      "ValueDisplayMode":0
    }
  ],
  "SubChips":[
    {
      "Name":"8-BIT REGISTER",
      "ID":331606595,
      "Label":"",
      "Position":{
        "x":-5.64,
        "y":6.75
      },
      "OutputPinColourInfo":[{"PinColour":0,"PinID":1787405944}],
      "InternalData":null
    },
    {
      "Name":"8-BIT REGISTER",
      "ID":1055114819,
      "Label":"",
      "Position":{
        "x":-2.515,
        "y":6.75
      },
      "OutputPinColourInfo":[{"PinColour":0,"PinID":1787405944}],
      "InternalData":null
    },
    {
      "Name":"8-BIT REGISTER",
      "ID":1670110802,
      "Label":"",
      "Position":{
        "x":0.735,
        "y":6.75
      },
      "OutputPinColourInfo":[{"PinColour":0,"PinID":1787405944}],
      "InternalData":null
    },
    {
      "Name":"8-BIT REGISTER",
      "ID":1346207468,
      "Label":"",
      "Position":{
        "x":3.86,
        "y":6.75
      },
      "OutputPinColourInfo":[{"PinColour":0,"PinID":1787405944}],
      "InternalData":null
    },
    {
      "Name":"8-BIT REGISTER",
      "ID":731330014,
      "Label":"",
      "Position":{
        "x":-5.64,
        "y":3.8125
      },
      "OutputPinColourInfo":[{"PinColour":0,"PinID":1787405944}],
      "InternalData":null
    },
    {
      "Name":"8-BIT REGISTER",
      "ID":1226793735,
      "Label":"",
      "Position":{
        "x":-2.39,
        "y":3.8125
      },
      "OutputPinColourInfo":[{"PinColour":0,"PinID":1787405944}],
      "InternalData":null
    },
    {
      "Name":"8-BIT REGISTER",
      "ID":1084204613,
      "Label":"",
      "Position":{
        "x":0.735,
        "y":3.8125
      },
      "OutputPinColourInfo":[{"PinColour":0,"PinID":1787405944}],
      "InternalData":null
    },
    {
      "Name":"8-BIT REGISTER",
      "ID":2092831517,
      "Label":"",
      "Position":{
        "x":3.985,
        "y":3.875
      },
      "OutputPinColourInfo":[{"PinColour":0,"PinID":1787405944}],
      "InternalData":null
    },
    {
      "Name":"8BUF",
      "ID":1266587607,
      "Label":"",
      "Position":{
        "x":6.3725,
        "y":3.75
      },
      "OutputPinColourInfo":[{"PinColour":0,"PinID":1321101400}],
      "InternalData":null
    }
  ],
  "Wires":[
    {
      "SourcePinAddress":{
        "PinID":0,
        "PinOwnerID":851090239
      },
      "TargetPinAddress":{
        "PinID":1171991990,
        "PinOwnerID":331606595
      },
      "ConnectionType":0,
      "ConnectedWireIndex":-1,
      "ConnectedWireSegmentIndex":-1,
      "Points":[{"x":0.0,"y":0.0},{"x":0.0,"y":0.0}]
    },
    {
      "SourcePinAddress":{
        "PinID":1787405944,
        "PinOwnerID":331606595
      },
      "TargetPinAddress":{
        "PinID":1171991990,
        "PinOwnerID":1055114819
      },
      "ConnectionType":0,
      "ConnectedWireIndex":-1,
      "ConnectedWireSegmentIndex":-1,
      "Points":[{"x":0.0,"y":0.0},{"x":0.0,"y":0.0}]
    },
    {
      "SourcePinAddress":{
        "PinID":1787405944,
        "PinOwnerID":1055114819
      },
      "TargetPinAddress":{
        "PinID":1171991990,
        "PinOwnerID":1670110802
      },
      "ConnectionType":0,
      "ConnectedWireIndex":-1,
      "ConnectedWireSegmentIndex":-1,
      "Points":[{"x":0.0,"y":0.0},{"x":0.0,"y":0.0}]
    },
    {
      "SourcePinAddress":{
        "PinID":1787405944,
        "PinOwnerID":1670110802
      },
      "TargetPinAddress":{
        "PinID":1171991990,
        "PinOwnerID":1346207468
      },
      "ConnectionType":0,
      "ConnectedWireIndex":-1,
      "ConnectedWireSegmentIndex":-1,
      "Points":[{"x":0.0,"y":0.0},{"x":0.0,"y":0.0}]
    },
    {
      "SourcePinAddress":{
        "PinID":1787405944,
        "PinOwnerID":1346207468
      },
      "TargetPinAddress":{
        "PinID":1171991990,
        "PinOwnerID":731330014
      },
      "ConnectionType":0,
      "ConnectedWireIndex":-1,
      "ConnectedWireSegmentIndex":-1,
      "Points":[{"x":0.0,"y":0.0},{"x":6.3125,"y":6.75},{"x":6.3125,"y":5.4375},{"x":-8.25,"y":5.4375},{"x":-8.25,"y":4.5},{"x":0.0,"y":0.0}]
    },
    {
      "SourcePinAddress":{
        "PinID":1787405944,
        "PinOwnerID":731330014
      },
      "TargetPinAddress":{
        "PinID":1171991990,
        "PinOwnerID":1226793735
      },
      "ConnectionType":0,
      "ConnectedWireIndex":-1,
      "ConnectedWireSegmentIndex":-1,
      "Points":[{"x":0.0,"y":0.0},{"x":0.0,"y":0.0}]
    },
    {
      "SourcePinAddress":{
        "PinID":1787405944,
        "PinOwnerID":1226793735
      },
      "TargetPinAddress":{
        "PinID":1171991990,
        "PinOwnerID":1084204613
      },
      "ConnectionType":0,
      "ConnectedWireIndex":-1,
      "ConnectedWireSegmentIndex":-1,
      "Points":[{"x":0.0,"y":0.0},{"x":0.0,"y":0.0}]
    },
    {
      "SourcePinAddress":{
        "PinID":1787405944,
        "PinOwnerID":1084204613
      },
      "TargetPinAddress":{
        "PinID":1171991990,
        "PinOwnerID":2092831517
      },
      "ConnectionType":0,
      "ConnectedWireIndex":-1,
      "ConnectedWireSegmentIndex":-1,
      "Points":[{"x":0.0,"y":0.0},{"x":0.0,"y":0.0}]
    },
    {
      "SourcePinAddress":{
        "PinID":0,
        "PinOwnerID":1017979140
      },
      "TargetPinAddress":{
        "PinID":1560685193,
        "PinOwnerID":331606595
      },
      "ConnectionType":0,
      "ConnectedWireIndex":-1,
      "ConnectedWireSegmentIndex":-1,
      "Points":[{"x":0.0,"y":0.0},{"x":0.0,"y":0.0}]
    },
    {
      "SourcePinAddress":{
        "PinID":0,
        "PinOwnerID":1017979140
      },
      "TargetPinAddress":{
        "PinID":1560685193,
        "PinOwnerID":1055114819
      },
      "ConnectionType":0,
      "ConnectedWireIndex":-1,
      "ConnectedWireSegmentIndex":-1,
      "Points":[{"x":0.0,"y":0.0},{"x":0.0,"y":0.0}]
    },
    {
      "SourcePinAddress":{
        "PinID":0,
        "PinOwnerID":1017979140
      },
      "TargetPinAddress":{
        "PinID":1560685193,
        "PinOwnerID":1670110802
      },
      "ConnectionType":0,
      "ConnectedWireIndex":-1,
      "ConnectedWireSegmentIndex":-1,
      "Points":[{"x":0.0,"y":0.0},{"x":0.0,"y":0.0}]
    },
    {
      "SourcePinAddress":{
        "PinID":0,
        "PinOwnerID":1017979140
      },
      "TargetPinAddress":{
        "PinID":1560685193,
        "PinOwnerID":1346207468
      },
      "ConnectionType":0,
      "ConnectedWireIndex":-1,
      "ConnectedWireSegmentIndex":-1,
      "Points":[{"x":0.0,"y":0.0},{"x":0.0,"y":0.0}]
    },
    {
      "SourcePinAddress":{
        "PinID":0,
        "PinOwnerID":1017979140
      },
      "TargetPinAddress":{
        "PinID":1560685193,
        "PinOwnerID":731330014
      },
      "ConnectionType":0,
      "ConnectedWireIndex":-1,
      "ConnectedWireSegmentIndex":-1,
      "Points":[{"x":0.0,"y":0.0},{"x":0.0,"y":0.0}]
    },
    {
      "SourcePinAddress":{
        "PinID":0,
        "PinOwnerID":1017979140
      },
      "TargetPinAddress":{
        "PinID":1560685193,
        "PinOwnerID":1226793735
      },
      "ConnectionType":0,
      "ConnectedWireIndex":-1,
      "ConnectedWireSegmentIndex":-1,
      "Points":[{"x":0.0,"y":0.0},{"x":0.0,"y":0.0}]
    },
    {
      "SourcePinAddress":{
        "PinID":0,
        "PinOwnerID":1017979140
      },
      "TargetPinAddress":{
        "PinID":1560685193,
        "PinOwnerID":1084204613
      },
      "ConnectionType":0,
      "ConnectedWireIndex":-1,
      "ConnectedWireSegmentIndex":-1,
      "Points":[{"x":0.0,"y":0.0},{"x":0.0,"y":0.0}]
    },
    {
      "SourcePinAddress":{
        "PinID":0,
        "PinOwnerID":1017979140
      },
      "TargetPinAddress":{
        "PinID":1560685193,
        "PinOwnerID":2092831517
      },
      "ConnectionType":0,
      "ConnectedWireIndex":-1,
      "ConnectedWireSegmentIndex":-1,
      "Points":[{"x":0.0,"y":0.0},{"x":0.0,"y":0.0}]
    },
    {
      "SourcePinAddress":{
        "PinID":0,
        "PinOwnerID":1157200749
      },
      "TargetPinAddress":{
        "PinID":1746065636,
        "PinOwnerID":331606595
      },
      "ConnectionType":0,
      "ConnectedWireIndex":-1,
      "ConnectedWireSegmentIndex":-1,
      "Points":[{"x":0.0,"y":0.0},{"x":0.0,"y":0.0}]
    },
    {
      "SourcePinAddress":{
        "PinID":0,
        "PinOwnerID":1157200749
      },
      "TargetPinAddress":{
        "PinID":1746065636,
        "PinOwnerID":1055114819
      },
      "ConnectionType":0,
      "ConnectedWireIndex":-1,
      "ConnectedWireSegmentIndex":-1,
      "Points":[{"x":0.0,"y":0.0},{"x":0.0,"y":0.0}]
    },
    {
      "SourcePinAddress":{
        "PinID":0,
        "PinOwnerID":1157200749
      },
      "TargetPinAddress":{
        "PinID":1746065636,
        "PinOwnerID":1670110802
      },
      "ConnectionType":0,
      "ConnectedWireIndex":-1,
      "ConnectedWireSegmentIndex":-1,
      "Points":[{"x":0.0,"y":0.0},{"x":0.0,"y":0.0}]
    },
    {
      "SourcePinAddress":{
        "PinID":0,
        "PinOwnerID":1157200749
      },
      "TargetPinAddress":{
        "PinID":1746065636,
        "PinOwnerID":1346207468
      },
      "ConnectionType":0,
      "ConnectedWireIndex":-1,
      "ConnectedWireSegmentIndex":-1,
      "Points":[{"x":0.0,"y":0.0},{"x":0.0,"y":0.0}]
    },
    {
      "SourcePinAddress":{
        "PinID":0,
        "PinOwnerID":1157200749
      },
      "TargetPinAddress":{
        "PinID":1746065636,
        "PinOwnerID":731330014
      },
      "ConnectionType":0,
      "ConnectedWireIndex":-1,
      "ConnectedWireSegmentIndex":-1,
      "Points":[{"x":0.0,"y":0.0},{"x":0.0,"y":0.0}]
    },
    {
      "SourcePinAddress":{
        "PinID":0,
        "PinOwnerID":1157200749
      },
      "TargetPinAddress":{
        "PinID":1746065636,
        "PinOwnerID":1226793735
      },
      "ConnectionType":0,
      "ConnectedWireIndex":-1,
      "ConnectedWireSegmentIndex":-1,
      "Points":[{"x":0.0,"y":0.0},{"x":0.0,"y":0.0}]
    },
    {
      "SourcePinAddress":{
        "PinID":0,
        "PinOwnerID":1157200749
      },
      "TargetPinAddress":{
        "PinID":1746065636,
        "PinOwnerID":1084204613
      },
      "ConnectionType":0,
      "ConnectedWireIndex":-1,
      "ConnectedWireSegmentIndex":-1,
      "Points":[{"x":0.0,"y":0.0},{"x":0.0,"y":0.0}]
    },
    {
      "SourcePinAddress":{
        "PinID":0,
        "PinOwnerID":1157200749
      },
      "TargetPinAddress":{
        "PinID":1746065636,
        "PinOwnerID":2092831517
      },
      "ConnectionType":0,
      "ConnectedWireIndex":-1,
      "ConnectedWireSegmentIndex":-1,
      "Points":[{"x":0.0,"y":0.0},{"x":0.0,"y":0.0}]
    },
    {
      "SourcePinAddress":{
        "PinID":1787405944,
        "PinOwnerID":2092831517
      },
      "TargetPinAddress":{
        "PinID":514723583,
        "PinOwnerID":1266587607
      },
      "ConnectionType":0,
      "ConnectedWireIndex":-1,
      "ConnectedWireSegmentIndex":-1,
      "Points":[{"x":0.0,"y":0.0},{"x":0.0,"y":0.0}]
    },
    {
      "SourcePinAddress":{
        "PinID":0,
        "PinOwnerID":209625719
      },
      "TargetPinAddress":{
        "PinID":1497816961,
        "PinOwnerID":1266587607
      },
      "ConnectionType":0,
      "ConnectedWireIndex":-1,
      "ConnectedWireSegmentIndex":-1,
      "Points":[{"x":0.0,"y":0.0},{"x":0.0,"y":0.0}]
    },
    {
      "SourcePinAddress":{
        "PinID":1321101400,
        "PinOwnerID":1266587607
      },
      "TargetPinAddress":{
        "PinID":0,
        "PinOwnerID":1648492696
      },
      "ConnectionType":0,
      "ConnectedWireIndex":-1,
      "ConnectedWireSegmentIndex":-1,
      "Points":[{"x":0.0,"y":0.0},{"x":0.0,"y":0.0}]
    }
  ],
  "Displays": null
}