{
  "DLSVersion": "2.1.6",
  "Name": "MUX 1B",
  "NameLocation": 0,
  "ChipType": 0,
  "Size": {
    "x": 1.025,
    "y": 1.0
  },
  "Colour": {
    "r": 0.0,
    "g": 0.0,
    "b": 0.0,
    "a": 1
  },
  "InputPins":[
    {
      "Name":"IN",
      "ID":689997593,
      "Position":{
        "x":-8.5,
        "y":1.5
      },
      "BitCount":1,
      "Colour":0,
      "ValueDisplayMode":0
    },
    {
      "Name":"IN",
      "ID":1785525971,
      "Position":{
        "x":-8.5,
        "y":1.0625
      },
      "BitCount":1,
      "Colour":0,
      "ValueDisplayMode":0
    },
    {
      "Name":"SELECT",
      "ID":1387398739,
      "Position":{
        "x":-8.5,
        "y":-0.875
      },
      "BitCount":1,
      "Colour":0,
      "ValueDisplayMode":0
    }
  ],
  "OutputPins":[
    {
      "Name":"OUT",
      "ID":503901531,
      "Position":{
        "x":0.875,
        "y":-0.625
      },
      "BitCount":1,
      "Colour":0,
      "ValueDisplayMode":0
    }
  ],
  "SubChips":[
    {
      "Name":"NOT",
      "ID":91695397,
      "Label":"",
      "Position":{
        "x":-4.515,
        "y":1.0
      },
      "OutputPinColourInfo":[{"PinColour":0,"PinID":722248817}],
      "InternalData":null
    },
    {
      "Name":"AND",
      "ID":1627040447,
      "Label":"",
      "Position":{
        "x":-2.5775,
        "y":1.0625
      },
      "OutputPinColourInfo":[{"PinColour":0,"PinID":1934042572}],
      "InternalData":null
    },
    {
      "Name":"AND",
      "ID":213213118,
      "Label":"",
      "Position":{
        "x":-2.5775,
        "y":-1.6875
      },
      "OutputPinColourInfo":[{"PinColour":0,"PinID":1934042572}],
      "InternalData":null
    },
    {
      "Name":"OR",
      "ID":179507732,
      "Label":"",
      "Position":{
        "x":-0.64,
        "y":-0.625
      },
      "OutputPinColourInfo":[{"PinColour":0,"PinID":41096156}],
      "InternalData":null
    }
  ],
  "Wires":[
    {
      "SourcePinAddress":{
        "PinID":0,
        "PinOwnerID":1387398739
      },
      "TargetPinAddress":{
        "PinID":71014366,
        "PinOwnerID":91695397
      },
      "ConnectionType":0,
      "ConnectedWireIndex":-1,
      "ConnectedWireSegmentIndex":-1,
      "Points":[{"x":0.0,"y":0.0},{"x":-6.9375,"y":-0.875},{"x":-6.9375,"y":-2.4375},{"x":-5.0,"y":-2.4375},{"x":0.0,"y":0.0}]
    },
    {
      "SourcePinAddress":{
        "PinID":0,
        "PinOwnerID":1387398739
      },
      "TargetPinAddress":{
        "PinID":818357688,
        "PinOwnerID":213213118
      },
      "ConnectionType":0,
      "ConnectedWireIndex":-1,
      "ConnectedWireSegmentIndex":-1,
      "Points":[{"x":0.0,"y":0.0},{"x":-6.9375,"y":-0.875},{"x":-6.9375,"y":-2.4375},{"x":-3.5,"y":-2.4375},{"x":-3.5,"y":-1.5625},{"x":0.0,"y":0.0}]
    },
    {
      "SourcePinAddress":{
        "PinID":1934042572,
        "PinOwnerID":213213118
      },
      "TargetPinAddress":{
        "PinID":198837197,
        "PinOwnerID":179507732
      },
      "ConnectionType":0,
      "ConnectedWireIndex":-1,
      "ConnectedWireSegmentIndex":-1,
      "Points":[{"x":0.0,"y":0.0},{"x":0.0,"y":0.0}]
    },
    {
      "SourcePinAddress":{
        "PinID":1934042572,
        "PinOwnerID":1627040447
      },
      "TargetPinAddress":{
        "PinID":1059060280,
        "PinOwnerID":179507732
      },
      "ConnectionType":0,
      "ConnectedWireIndex":-1,
      "ConnectedWireSegmentIndex":-1,
      "Points":[{"x":0.0,"y":0.0},{"x":0.0,"y":0.0}]
    },
    {
      "SourcePinAddress":{
        "PinID":0,
        "PinOwnerID":689997593
      },
      "TargetPinAddress":{
        "PinID":1522459734,
        "PinOwnerID":1627040447
      },
      "ConnectionType":0,
      "ConnectedWireIndex":-1,
      "ConnectedWireSegmentIndex":-1,
      "Points":[{"x":0.0,"y":0.0},{"x":0.0,"y":0.0}]
    },
    {
      "SourcePinAddress":{
        "PinID":722248817,
        "PinOwnerID":91695397
      },
      "TargetPinAddress":{
        "PinID":818357688,
        "PinOwnerID":1627040447
      },
      "ConnectionType":0,
      "ConnectedWireIndex":-1,
      "ConnectedWireSegmentIndex":-1,
      "Points":[{"x":0.0,"y":0.0},{"x":0.0,"y":0.0}]
    },
    {
      "SourcePinAddress":{
        "PinID":0,
        "PinOwnerID":1785525971
      },
      "TargetPinAddress":{
        "PinID":1522459734,
        "PinOwnerID":213213118
      },
      "ConnectionType":0,
      "ConnectedWireIndex":-1,
      "ConnectedWireSegmentIndex":-1,
      "Points":[{"x":0.0,"y":0.0},{"x":0.0,"y":0.0}]
    },
    {
      "SourcePinAddress":{
        "PinID":41096156,
        "PinOwnerID":179507732
      },
      "TargetPinAddress":{
        "PinID":0,
        "PinOwnerID":503901531
      },
      "ConnectionType":0,
      "ConnectedWireIndex":-1,
      "ConnectedWireSegmentIndex":-1,
      "Points":[{"x":0.0,"y":0.0},{"x":0.0,"y":0.0}]
    }
  ],
  "Displays":[]
}