{
  "DLSVersion": "2.1.6",
  "Name": "OR",
  "NameLocation": 0,
  "ChipType": 0,
  "Size": {
    "x": 0.45,
    "y": 0.5
  },
  "Colour": {
    "r": 0.771182954,
    "g": 0.111698233,
    "b": 0.7065169,
    "a": 1
  },
  "InputPins":[
    {
      "Name":"IN B",
      "ID":1059060280,
      "Position":{
        "x":-6.625,
        "y":-1.0
      },
      "BitCount":1,
      "Colour":0,
      "ValueDisplayMode":0
    },
    {
      "Name":"IN A",
      "ID":198837197,
      "Position":{
        "x":-6.625,
        "y":-1.5
      },
      "BitCount":1,
      "Colour":0,
      "ValueDisplayMode":0
    }
  ],
  "OutputPins":[
    {
      "Name":"OUT",
      "ID":41096156,
      "Position":{
        "x":-1.125,
        "y":-1.25
      },
      "BitCount":1,
      "Colour":0,
      "ValueDisplayMode":0
    }
  ],
  "SubChips":[
    {
      "Name":"NAND",
      "ID":1311706358,
      "Label":"",
      "Position":{
        "x":-4.75,
        "y":-1.625
      },
      "OutputPinColourInfo":[{"PinColour":0,"PinID":2}],
      "InternalData":null
    },
    {
      "Name":"NAND",
      "ID":1585083317,
      "Label":"",
      "Position":{
        "x":-4.75,
        "y":-0.875
      },
      "OutputPinColourInfo":[{"PinColour":0,"PinID":2}],
      "InternalData":null
    },
    {
      "Name":"NAND",
      "ID":389382644,
      "Label":"",
      "Position":{
        "x":-2.75,
        "y":-1.25
      },
      "OutputPinColourInfo":[{"PinColour":0,"PinID":2}],
      "InternalData":null
    }
  ],
  "Wires":[
    {
      "SourcePinAddress":{
        "PinID":0,
        "PinOwnerID":198837197
      },
      "TargetPinAddress":{
        "PinID":0,
        "PinOwnerID":1311706358
      },
      "ConnectionType":0,
      "ConnectedWireIndex":-1,
      "ConnectedWireSegmentIndex":-1,
      "Points":[{"x":0.0,"y":0.0},{"x":0.0,"y":0.0}]
    },
    {
      "SourcePinAddress":{
        "PinID":0,
        "PinOwnerID":198837197
      },
      "TargetPinAddress":{
        "PinID":1,
        "PinOwnerID":1311706358
      },
      "ConnectionType":1,
      "ConnectedWireIndex":0,
      "ConnectedWireSegmentIndex":0,
      "Points":[{"x":-5.5,"y":-1.5},{"x":-5.5,"y":-1.75},{"x":0.0,"y":0.0}]
    },
    {
      "SourcePinAddress":{
        "PinID":0,
        "PinOwnerID":1059060280
      },
      "TargetPinAddress":{
        "PinID":1,
        "PinOwnerID":1585083317
      },
      "ConnectionType":0,
      "ConnectedWireIndex":-1,
      "ConnectedWireSegmentIndex":-1,
      "Points":[{"x":0.0,"y":0.0},{"x":0.0,"y":0.0}]
    },
    {
      "SourcePinAddress":{
        "PinID":0,
        "PinOwnerID":1059060280
      },
      "TargetPinAddress":{
        "PinID":0,
        "PinOwnerID":1585083317
      },
      "ConnectionType":1,
      "ConnectedWireIndex":2,
      "ConnectedWireSegmentIndex":0,
      "Points":[{"x":-5.5,"y":-1.0},{"x":-5.5,"y":-0.75},{"x":0.0,"y":0.0}]
    },
    {
      "SourcePinAddress":{
        "PinID":2,
        "PinOwnerID":1585083317
      },
      "TargetPinAddress":{
        "PinID":0,
        "PinOwnerID":389382644
      },
      "ConnectionType":0,
      "ConnectedWireIndex":-1,
      "ConnectedWireSegmentIndex":-1,
      "Points":[{"x":0.0,"y":0.0},{"x":-3.625,"y":-0.875},{"x":-3.625,"y":-1.125},{"x":0.0,"y":0.0}]
    },
    {
      "SourcePinAddress":{
        "PinID":2,
        "PinOwnerID":1311706358
      },
      "TargetPinAddress":{
        "PinID":1,
        "PinOwnerID":389382644
      },
      "ConnectionType":0,
      "ConnectedWireIndex":-1,
      "ConnectedWireSegmentIndex":-1,
      "Points":[{"x":0.0,"y":0.0},{"x":-3.6875,"y":-1.625},{"x":-3.6875,"y":-1.375},{"x":0.0,"y":0.0}]
    },
    {
      "SourcePinAddress":{
        "PinID":2,
        "PinOwnerID":389382644
      },
      "TargetPinAddress":{
        "PinID":0,
        "PinOwnerID":41096156
      },
      "ConnectionType":0,
      "ConnectedWireIndex":-1,
      "ConnectedWireSegmentIndex":-1,
      "Points":[{"x":0.0,"y":0.0},{"x":0.0,"y":0.0}]
    }
  ],
  "Displays":[]
}