{
  "DLSVersion": "2.1.6",
  "Name": "OUTPUT",
  "NameLocation": 0,
  "ChipType": 0,
  "Size": {
    "x": 1.025,
    "y": 1.0
  },
  "Colour": {
    "r": 0.5198603,
    "g": 0.871410966,
    "b": 0.94295156,
    "a": 1
  },
  "InputPins":[
    {
      "Name":"IN",
      "ID":914340954,
      "Position":{
        "x":-1.25,
        "y":-1.5
      },
      "BitCount":8,
      "Colour":0,
      "ValueDisplayMode":0
    },
    {
      "Name":"IN",
      "ID":362440426,
      "Position":{
        "x":-1.25,
        "y":-2.125
      },
      "BitCount":1,
      "Colour":3,
      "ValueDisplayMode":0
    },
    {
      "Name":"IN",
      "ID":1930304378,
      "Position":{
        "x":-1.25,
        "y":-2.625
      },
      "BitCount":1,
      "Colour":2,
      "ValueDisplayMode":0
    }
  ],
  "OutputPins":[],
  "SubChips":[
    {
      "Name":"64-Train",
      "ID":1686108421,
      "Label":"",
      "Position":{
        "x":1.7975,
        "y":-1.875
      },
      "OutputPinColourInfo":[{"PinColour":0,"PinID":624936714}],
      "InternalData":null
    }
  ],
  "Wires":[
    {
      "SourcePinAddress":{
        "PinID":0,
        "PinOwnerID":914340954
      },
      "TargetPinAddress":{
        "PinID":1926550341,
        "PinOwnerID":1686108421
      },
      "ConnectionType":0,
      "ConnectedWireIndex":-1,
      "ConnectedWireSegmentIndex":-1,
      "Points":[{"x":0.0,"y":0.0},{"x":0.0,"y":0.0}]
    },
    {
      "SourcePinAddress":{
        "PinID":0,
        "PinOwnerID":362440426
      },
      "TargetPinAddress":{
        "PinID":469636132,
        "PinOwnerID":1686108421
      },
      "ConnectionType":0,
      "ConnectedWireIndex":-1,
      "ConnectedWireSegmentIndex":-1,
      "Points":[{"x":0.0,"y":0.0},{"x":0.0,"y":0.0}]
    },
    {
      "SourcePinAddress":{
        "PinID":0,
        "PinOwnerID":1930304378
      },
      "TargetPinAddress":{
        "PinID":392800299,
        "PinOwnerID":1686108421
      },
      "ConnectionType":0,
      "ConnectedWireIndex":-1,
      "ConnectedWireSegmentIndex":-1,
      "Points":[{"x":0.0,"y":0.0},{"x":0.0,"y":0.0}]
    }
  ],
  "Displays": null
}