{
  "DLSVersion": "2.1.6",
  "Name": "RAM-16x8",
  "NameLocation": 0,
  "ChipType": 0,
  "Size": {
    "x": 1.55,
    "y": 1.25
  },
  "Colour": {
    "r": 0.8565999,
    "g": 0.8233703,
    "b": 0.0542385131,
    "a": 1
  },
  "InputPins":[
    {
      "Name":"IN",
      "ID":201177487,
      "Position":{
        "x":-10.375,
        "y":4.6875
      },
      "BitCount":1,
      "Colour":0,
      "ValueDisplayMode":0
    },
    {
      "Name":"IN",
      "ID":1743992417,
      "Position":{
        "x":-10.375,
        "y":4.0625
      },
      "BitCount":4,
      "Colour":0,
      "ValueDisplayMode":0
    },
    {
      "Name":"IN",
      "ID":2137462401,
      "Position":{
        "x":-10.375,
        "y":3.5
      },
      "BitCount":8,
      "Colour":5,
      "ValueDisplayMode":0
    }
  ],
  "OutputPins":[
    {
      "Name":"OUT",
      "ID":1670628018,
      "Position":{
        "x":8.5,
        "y":-0.125
      },
      "BitCount":8,
      "Colour":0,
      "ValueDisplayMode":0
    }
  ],
  "SubChips":[
    {
      "Name":"8-1BIT",
      "ID":934287305,
      "Label":"",
      "Position":{
        "x":-8.4275,
        "y":0.8125
      },
      "OutputPinColourInfo":[{"PinColour":5,"PinID":1},{"PinColour":5,"PinID":2},{"PinColour":5,"PinID":3},{"PinColour":5,"PinID":4},{"PinColour":5,"PinID":5},{"PinColour":5,"PinID":6},{"PinColour":5,"PinID":7},{"PinColour":5,"PinID":8}],
      "InternalData":null
    },
    {
      "Name":"1-4BIT",
      "ID":770632444,
      "Label":"",
      "Position":{
        "x":3.0725,
        "y":3.25
      },
      "OutputPinColourInfo":[{"PinColour":0,"PinID":4}],
      "InternalData":null
    },
    {
      "Name":"1-4BIT",
      "ID":1785626380,
      "Label":"",
      "Position":{
        "x":-0.5525,
        "y":-2.4375
      },
      "OutputPinColourInfo":[{"PinColour":0,"PinID":4}],
      "InternalData":null
    },
    {
      "Name":"4-8BIT",
      "ID":1662571749,
      "Label":"",
      "Position":{
        "x":6.0725,
        "y":-0.125
      },
      "OutputPinColourInfo":[{"PinColour":0,"PinID":2}],
      "InternalData":null
    },
    {
      "Name":"DECIMAL-8",
      "ID":1859263154,
      "Label":"",
      "Position":{
        "x":6.86,
        "y":-3.375
      },
      "OutputPinColourInfo":[],
      "InternalData":null
    },
    {
      "Name":"MEM-16",
      "ID":1792492619,
      "Label":"",
      "Position":{
        "x":-3.3525,
        "y":3.875
      },
      "OutputPinColourInfo":[{"PinColour":0,"PinID":280443582}],
      "InternalData":null
    },
    {
      "Name":"MEM-16",
      "ID":1173723617,
      "Label":"",
      "Position":{
        "x":-3.3525,
        "y":2.4375
      },
      "OutputPinColourInfo":[{"PinColour":0,"PinID":280443582}],
      "InternalData":null
    },
    {
      "Name":"MEM-16",
      "ID":719493478,
      "Label":"",
      "Position":{
        "x":-3.3525,
        "y":1.0
      },
      "OutputPinColourInfo":[{"PinColour":0,"PinID":280443582}],
      "InternalData":null
    },
    {
      "Name":"MEM-16",
      "ID":1567611243,
      "Label":"",
      "Position":{
        "x":-3.3525,
        "y":-0.4375
      },
      "OutputPinColourInfo":[{"PinColour":0,"PinID":280443582}],
      "InternalData":null
    },
    {
      "Name":"MEM-16",
      "ID":781552905,
      "Label":"",
      "Position":{
        "x":0.2725,
        "y":3.875
      },
      "OutputPinColourInfo":[{"PinColour":0,"PinID":280443582}],
      "InternalData":null
    },
    {
      "Name":"MEM-16",
      "ID":2117118453,
      "Label":"",
      "Position":{
        "x":0.2725,
        "y":2.4375
      },
      "OutputPinColourInfo":[{"PinColour":0,"PinID":280443582}],
      "InternalData":null
    },
    {
      "Name":"MEM-16",
      "ID":696507791,
      "Label":"",
      "Position":{
        "x":0.2725,
        "y":1.0
      },
      "OutputPinColourInfo":[{"PinColour":0,"PinID":280443582}],
      "InternalData":null
    },
    {
      "Name":"MEM-16",
      "ID":1318204644,
      "Label":"",
      "Position":{
        "x":0.2725,
        "y":-0.4375
      },
      "OutputPinColourInfo":[{"PinColour":0,"PinID":280443582}],
      "InternalData":null
    },
    {
      "Name":"NAND",
      "ID":73995991,
      "Label":"",
      "Position":{
        "x":-9.875,
        "y":5.3125
      },
      "OutputPinColourInfo":[{"PinColour":0,"PinID":2}],
      "InternalData":null
    }
  ],
  "Wires":[
    {
      "SourcePinAddress":{
        "PinID":0,
        "PinOwnerID":2137462401
      },
      "TargetPinAddress":{
        "PinID":0,
        "PinOwnerID":934287305
      },
      "ConnectionType":0,
      "ConnectedWireIndex":-1,
      "ConnectedWireSegmentIndex":-1,
      "Points":[{"x":0.0,"y":0.0},{"x":-9.125,"y":3.5},{"x":-9.125,"y":2.0625},{"x":0.0,"y":0.0}]
    },
    {
      "SourcePinAddress":{
        "PinID":4,
        "PinOwnerID":770632444
      },
      "TargetPinAddress":{
        "PinID":1,
        "PinOwnerID":1662571749
      },
      "ConnectionType":0,
      "ConnectedWireIndex":-1,
      "ConnectedWireSegmentIndex":-1,
      "Points":[{"x":0.0,"y":0.0},{"x":5.0,"y":3.25},{"x":5.0,"y":-0.3125},{"x":0.0,"y":0.0}]
    },
    {
      "SourcePinAddress":{
        "PinID":4,
        "PinOwnerID":1785626380
      },
      "TargetPinAddress":{
        "PinID":0,
        "PinOwnerID":1662571749
      },
      "ConnectionType":0,
      "ConnectedWireIndex":-1,
      "ConnectedWireSegmentIndex":-1,
      "Points":[{"x":0.0,"y":0.0},{"x":4.0625,"y":-2.4375},{"x":4.0625,"y":0.0625},{"x":0.0,"y":0.0}]
    },
    {
      "SourcePinAddress":{
        "PinID":2,
        "PinOwnerID":1662571749
      },
      "TargetPinAddress":{
        "PinID":0,
        "PinOwnerID":1670628018
      },
      "ConnectionType":0,
      "ConnectedWireIndex":-1,
      "ConnectedWireSegmentIndex":-1,
      "Points":[{"x":0.0,"y":0.0},{"x":0.0,"y":0.0}]
    },
    {
      "SourcePinAddress":{
        "PinID":2,
        "PinOwnerID":1662571749
      },
      "TargetPinAddress":{
        "PinID":311779829,
        "PinOwnerID":1859263154
      },
      "ConnectionType":1,
      "ConnectedWireIndex":3,
      "ConnectedWireSegmentIndex":0,
      "Points":[{"x":7.0625,"y":-0.125},{"x":7.0625,"y":-1.625},{"x":4.5,"y":-1.625},{"x":4.5,"y":-3.375},{"x":0.0,"y":0.0}]
    },
    {
      "SourcePinAddress":{
        "PinID":1,
        "PinOwnerID":934287305
      },
      "TargetPinAddress":{
        "PinID":1651599163,
        "PinOwnerID":1792492619
      },
      "ConnectionType":0,
      "ConnectedWireIndex":-1,
      "ConnectedWireSegmentIndex":-1,
      "Points":[{"x":0.0,"y":0.0},{"x":0.0,"y":0.0}]
    },
    {
      "SourcePinAddress":{
        "PinID":0,
        "PinOwnerID":1743992417
      },
      "TargetPinAddress":{
        "PinID":1547211972,
        "PinOwnerID":1792492619
      },
      "ConnectionType":0,
      "ConnectedWireIndex":-1,
      "ConnectedWireSegmentIndex":-1,
      "Points":[{"x":0.0,"y":0.0},{"x":0.0,"y":0.0}]
    },
    {
      "SourcePinAddress":{
        "PinID":2,
        "PinOwnerID":934287305
      },
      "TargetPinAddress":{
        "PinID":1651599163,
        "PinOwnerID":1173723617
      },
      "ConnectionType":0,
      "ConnectedWireIndex":-1,
      "ConnectedWireSegmentIndex":-1,
      "Points":[{"x":0.0,"y":0.0},{"x":0.0,"y":0.0}]
    },
    {
      "SourcePinAddress":{
        "PinID":0,
        "PinOwnerID":1743992417
      },
      "TargetPinAddress":{
        "PinID":1547211972,
        "PinOwnerID":1173723617
      },
      "ConnectionType":0,
      "ConnectedWireIndex":-1,
      "ConnectedWireSegmentIndex":-1,
      "Points":[{"x":0.0,"y":0.0},{"x":0.0,"y":0.0}]
    },
    {
      "SourcePinAddress":{
        "PinID":3,
        "PinOwnerID":934287305
      },
      "TargetPinAddress":{
        "PinID":1651599163,
        "PinOwnerID":719493478
      },
      "ConnectionType":0,
      "ConnectedWireIndex":-1,
      "ConnectedWireSegmentIndex":-1,
      "Points":[{"x":0.0,"y":0.0},{"x":0.0,"y":0.0}]
    },
    {
      "SourcePinAddress":{
        "PinID":0,
        "PinOwnerID":1743992417
      },
      "TargetPinAddress":{
        "PinID":1547211972,
        "PinOwnerID":719493478
      },
      "ConnectionType":0,
      "ConnectedWireIndex":-1,
      "ConnectedWireSegmentIndex":-1,
      "Points":[{"x":0.0,"y":0.0},{"x":0.0,"y":0.0}]
    },
    {
      "SourcePinAddress":{
        "PinID":4,
        "PinOwnerID":934287305
      },
      "TargetPinAddress":{
        "PinID":1651599163,
        "PinOwnerID":1567611243
      },
      "ConnectionType":0,
      "ConnectedWireIndex":-1,
      "ConnectedWireSegmentIndex":-1,
      "Points":[{"x":0.0,"y":0.0},{"x":0.0,"y":0.0}]
    },
    {
      "SourcePinAddress":{
        "PinID":0,
        "PinOwnerID":1743992417
      },
      "TargetPinAddress":{
        "PinID":1547211972,
        "PinOwnerID":1567611243
      },
      "ConnectionType":0,
      "ConnectedWireIndex":-1,
      "ConnectedWireSegmentIndex":-1,
      "Points":[{"x":0.0,"y":0.0},{"x":0.0,"y":0.0}]
    },
    {
      "SourcePinAddress":{
        "PinID":280443582,
        "PinOwnerID":1792492619
      },
      "TargetPinAddress":{
        "PinID":0,
        "PinOwnerID":1785626380
      },
      "ConnectionType":0,
      "ConnectedWireIndex":-1,
      "ConnectedWireSegmentIndex":-1,
      "Points":[{"x":0.0,"y":0.0},{"x":0.0,"y":0.0}]
    },
    {
      "SourcePinAddress":{
        "PinID":280443582,
        "PinOwnerID":1173723617
      },
      "TargetPinAddress":{
        "PinID":1,
        "PinOwnerID":1785626380
      },
      "ConnectionType":0,
      "ConnectedWireIndex":-1,
      "ConnectedWireSegmentIndex":-1,
      "Points":[{"x":0.0,"y":0.0},{"x":0.0,"y":0.0}]
    },
    {
      "SourcePinAddress":{
        "PinID":280443582,
        "PinOwnerID":719493478
      },
      "TargetPinAddress":{
        "PinID":2,
        "PinOwnerID":1785626380
      },
      "ConnectionType":0,
      "ConnectedWireIndex":-1,
      "ConnectedWireSegmentIndex":-1,
      "Points":[{"x":0.0,"y":0.0},{"x":0.0,"y":0.0}]
    },
    {
      "SourcePinAddress":{
        "PinID":280443582,
        "PinOwnerID":1567611243
      },
      "TargetPinAddress":{
        "PinID":3,
        "PinOwnerID":1785626380
      },
      "ConnectionType":0,
      "ConnectedWireIndex":-1,
      "ConnectedWireSegmentIndex":-1,
      "Points":[{"x":0.0,"y":0.0},{"x":0.0,"y":0.0}]
    },
    {
      "SourcePinAddress":{
        "PinID":280443582,
        "PinOwnerID":781552905
      },
      "TargetPinAddress":{
        "PinID":0,
        "PinOwnerID":770632444
      },
      "ConnectionType":0,
      "ConnectedWireIndex":-1,
      "ConnectedWireSegmentIndex":-1,
      "Points":[{"x":0.0,"y":0.0},{"x":0.0,"y":0.0}]
    },
    {
      "SourcePinAddress":{
        "PinID":280443582,
        "PinOwnerID":2117118453
      },
      "TargetPinAddress":{
        "PinID":1,
        "PinOwnerID":770632444
      },
      "ConnectionType":0,
      "ConnectedWireIndex":-1,
      "ConnectedWireSegmentIndex":-1,
      "Points":[{"x":0.0,"y":0.0},{"x":0.0,"y":0.0}]
    },
    {
      "SourcePinAddress":{
        "PinID":280443582,
        "PinOwnerID":696507791
      },
      "TargetPinAddress":{
        "PinID":2,
        "PinOwnerID":770632444
      },
      "ConnectionType":0,
      "ConnectedWireIndex":-1,
      "ConnectedWireSegmentIndex":-1,
      "Points":[{"x":0.0,"y":0.0},{"x":0.0,"y":0.0}]
    },
    {
      "SourcePinAddress":{
        "PinID":280443582,
        "PinOwnerID":1318204644
      },
      "TargetPinAddress":{
        "PinID":3,
        "PinOwnerID":770632444
      },
      "ConnectionType":0,
      "ConnectedWireIndex":-1,
      "ConnectedWireSegmentIndex":-1,
      "Points":[{"x":0.0,"y":0.0},{"x":0.0,"y":0.0}]
    },
    {
      "SourcePinAddress":{
        "PinID":0,
        "PinOwnerID":1743992417
      },
      "TargetPinAddress":{
        "PinID":1547211972,
        "PinOwnerID":781552905
      },
      "ConnectionType":0,
      "ConnectedWireIndex":-1,
      "ConnectedWireSegmentIndex":-1,
      "Points":[{"x":0.0,"y":0.0},{"x":0.0,"y":0.0}]
    },
    {
      "SourcePinAddress":{
        "PinID":0,
        "PinOwnerID":1743992417
      },
      "TargetPinAddress":{
        "PinID":1547211972,
        "PinOwnerID":2117118453
      },
      "ConnectionType":0,
      "ConnectedWireIndex":-1,
      "ConnectedWireSegmentIndex":-1,
      "Points":[{"x":0.0,"y":0.0},{"x":0.0,"y":0.0}]
    },
    {
      "SourcePinAddress":{
        "PinID":0,
        "PinOwnerID":1743992417
      },
      "TargetPinAddress":{
        "PinID":1547211972,
        "PinOwnerID":696507791
      },
      "ConnectionType":0,
      "ConnectedWireIndex":-1,
      "ConnectedWireSegmentIndex":-1,
      "Points":[{"x":0.0,"y":0.0},{"x":0.0,"y":0.0}]
    },
    {
      "SourcePinAddress":{
        "PinID":0,
        "PinOwnerID":1743992417
      },
      "TargetPinAddress":{
        "PinID":1547211972,
        "PinOwnerID":1318204644
      },
      "ConnectionType":0,
      "ConnectedWireIndex":-1,
      "ConnectedWireSegmentIndex":-1,
      "Points":[{"x":0.0,"y":0.0},{"x":0.0,"y":0.0}]
    },
    {
      "SourcePinAddress":{
        "PinID":5,
        "PinOwnerID":934287305
      },
      "TargetPinAddress":{
        "PinID":1651599163,
        "PinOwnerID":781552905
      },
      "ConnectionType":0,
      "ConnectedWireIndex":-1,
      "ConnectedWireSegmentIndex":-1,
      "Points":[{"x":0.0,"y":0.0},{"x":0.0,"y":0.0}]
    },
    {
      "SourcePinAddress":{
        "PinID":6,
        "PinOwnerID":934287305
      },
      "TargetPinAddress":{
        "PinID":1651599163,
        "PinOwnerID":2117118453
      },
      "ConnectionType":0,
      "ConnectedWireIndex":-1,
      "ConnectedWireSegmentIndex":-1,
      "Points":[{"x":0.0,"y":0.0},{"x":0.0,"y":0.0}]
    },
    {
      "SourcePinAddress":{
        "PinID":7,
        "PinOwnerID":934287305
      },
      "TargetPinAddress":{
        "PinID":1651599163,
        "PinOwnerID":696507791
      },
      "ConnectionType":0,
      "ConnectedWireIndex":-1,
      "ConnectedWireSegmentIndex":-1,
      "Points":[{"x":0.0,"y":0.0},{"x":0.0,"y":0.0}]
    },
    {
      "SourcePinAddress":{
        "PinID":8,
        "PinOwnerID":934287305
      },
      "TargetPinAddress":{
        "PinID":1651599163,
        "PinOwnerID":1318204644
      },
      "ConnectionType":0,
      "ConnectedWireIndex":-1,
      "ConnectedWireSegmentIndex":-1,
      "Points":[{"x":0.0,"y":0.0},{"x":0.0,"y":0.0}]
    },
    {
      "SourcePinAddress":{
        "PinID":2,
        "PinOwnerID":73995991
      },
      "TargetPinAddress":{
        "PinID":2056324209,
        "PinOwnerID":1792492619
      },
      "ConnectionType":0,
      "ConnectedWireIndex":-1,
      "ConnectedWireSegmentIndex":-1,
      "Points":[{"x":0.0,"y":0.0},{"x":0.0,"y":0.0}]
    },
    {
      "SourcePinAddress":{
        "PinID":2,
        "PinOwnerID":73995991
      },
      "TargetPinAddress":{
        "PinID":337152094,
        "PinOwnerID":1792492619
      },
      "ConnectionType":0,
      "ConnectedWireIndex":-1,
      "ConnectedWireSegmentIndex":-1,
      "Points":[{"x":0.0,"y":0.0},{"x":0.0,"y":0.0}]
    },
    {
      "SourcePinAddress":{
        "PinID":2,
        "PinOwnerID":73995991
      },
      "TargetPinAddress":{
        "PinID":2056324209,
        "PinOwnerID":781552905
      },
      "ConnectionType":0,
      "ConnectedWireIndex":-1,
      "ConnectedWireSegmentIndex":-1,
      "Points":[{"x":0.0,"y":0.0},{"x":0.0,"y":0.0}]
    },
    {
      "SourcePinAddress":{
        "PinID":2,
        "PinOwnerID":73995991
      },
      "TargetPinAddress":{
        "PinID":337152094,
        "PinOwnerID":781552905
      },
      "ConnectionType":0,
      "ConnectedWireIndex":-1,
      "ConnectedWireSegmentIndex":-1,
      "Points":[{"x":0.0,"y":0.0},{"x":0.0,"y":0.0}]
    },
    {
      "SourcePinAddress":{
        "PinID":2,
        "PinOwnerID":73995991
      },
      "TargetPinAddress":{
        "PinID":2056324209,
        "PinOwnerID":2117118453
      },
      "ConnectionType":0,
      "ConnectedWireIndex":-1,
      "ConnectedWireSegmentIndex":-1,
      "Points":[{"x":0.0,"y":0.0},{"x":0.0,"y":0.0}]
    },
    {
      "SourcePinAddress":{
        "PinID":2,
        "PinOwnerID":73995991
      },
      "TargetPinAddress":{
        "PinID":337152094,
        "PinOwnerID":2117118453
      },
      "ConnectionType":0,
      "ConnectedWireIndex":-1,
      "ConnectedWireSegmentIndex":-1,
      "Points":[{"x":0.0,"y":0.0},{"x":0.0,"y":0.0}]
    },
    {
      "SourcePinAddress":{
        "PinID":2,
        "PinOwnerID":73995991
      },
      "TargetPinAddress":{
        "PinID":2056324209,
        "PinOwnerID":696507791
      },
      "ConnectionType":0,
      "ConnectedWireIndex":-1,
      "ConnectedWireSegmentIndex":-1,
      "Points":[{"x":0.0,"y":0.0},{"x":0.0,"y":0.0}]
    },
    {
      "SourcePinAddress":{
        "PinID":2,
        "PinOwnerID":73995991
      },
      "TargetPinAddress":{
        "PinID":337152094,
        "PinOwnerID":696507791
      },
      "ConnectionType":0,
      "ConnectedWireIndex":-1,
      "ConnectedWireSegmentIndex":-1,
      "Points":[{"x":0.0,"y":0.0},{"x":0.0,"y":0.0}]
    },
    {
      "SourcePinAddress":{
        "PinID":2,
        "PinOwnerID":73995991
      },
      "TargetPinAddress":{
        "PinID":2056324209,
        "PinOwnerID":1318204644
      },
      "ConnectionType":0,
      "ConnectedWireIndex":-1,
      "ConnectedWireSegmentIndex":-1,
      "Points":[{"x":0.0,"y":0.0},{"x":0.0,"y":0.0}]
    },
    {
      "SourcePinAddress":{
        "PinID":2,
        "PinOwnerID":73995991
      },
      "TargetPinAddress":{
        "PinID":337152094,
        "PinOwnerID":1318204644
      },
      "ConnectionType":0,
      "ConnectedWireIndex":-1,
      "ConnectedWireSegmentIndex":-1,
      "Points":[{"x":0.0,"y":0.0},{"x":0.0,"y":0.0}]
    },
    {
      "SourcePinAddress":{
        "PinID":2,
        "PinOwnerID":73995991
      },
      "TargetPinAddress":{
        "PinID":2056324209,
        "PinOwnerID":1173723617
      },
      "ConnectionType":0,
      "ConnectedWireIndex":-1,
      "ConnectedWireSegmentIndex":-1,
      "Points":[{"x":0.0,"y":0.0},{"x":0.0,"y":0.0}]
    },
    {
      "SourcePinAddress":{
        "PinID":2,
        "PinOwnerID":73995991
      },
      "TargetPinAddress":{
        "PinID":337152094,
        "PinOwnerID":1173723617
      },
      "ConnectionType":0,
      "ConnectedWireIndex":-1,
      "ConnectedWireSegmentIndex":-1,
      "Points":[{"x":0.0,"y":0.0},{"x":0.0,"y":0.0}]
    },
    {
      "SourcePinAddress":{
        "PinID":2,
        "PinOwnerID":73995991
      },
      "TargetPinAddress":{
        "PinID":337152094,
        "PinOwnerID":719493478
      },
      "ConnectionType":0,
      "ConnectedWireIndex":-1,
      "ConnectedWireSegmentIndex":-1,
      "Points":[{"x":0.0,"y":0.0},{"x":0.0,"y":0.0}]
    },
    {
      "SourcePinAddress":{
        "PinID":2,
        "PinOwnerID":73995991
      },
      "TargetPinAddress":{
        "PinID":2056324209,
        "PinOwnerID":719493478
      },
      "ConnectionType":0,
      "ConnectedWireIndex":-1,
      "ConnectedWireSegmentIndex":-1,
      "Points":[{"x":0.0,"y":0.0},{"x":0.0,"y":0.0}]
    },
    {
      "SourcePinAddress":{
        "PinID":2,
        "PinOwnerID":73995991
      },
      "TargetPinAddress":{
        "PinID":2056324209,
        "PinOwnerID":1567611243
      },
      "ConnectionType":0,
      "ConnectedWireIndex":-1,
      "ConnectedWireSegmentIndex":-1,
      "Points":[{"x":0.0,"y":0.0},{"x":0.0,"y":0.0}]
    },
    {
      "SourcePinAddress":{
        "PinID":2,
        "PinOwnerID":73995991
      },
      "TargetPinAddress":{
        "PinID":337152094,
        "PinOwnerID":1567611243
      },
      "ConnectionType":0,
      "ConnectedWireIndex":-1,
      "ConnectedWireSegmentIndex":-1,
      "Points":[{"x":0.0,"y":0.0},{"x":0.0,"y":0.0}]
    },
    {
      "SourcePinAddress":{
        "PinID":0,
        "PinOwnerID":201177487
      },
      "TargetPinAddress":{
        "PinID":917707995,
        "PinOwnerID":1792492619
      },
      "ConnectionType":0,
      "ConnectedWireIndex":-1,
      "ConnectedWireSegmentIndex":-1,
      "Points":[{"x":0.0,"y":0.0},{"x":0.0,"y":0.0}]
    },
    {
      "SourcePinAddress":{
        "PinID":0,
        "PinOwnerID":201177487
      },
      "TargetPinAddress":{
        "PinID":917707995,
        "PinOwnerID":781552905
      },
      "ConnectionType":0,
      "ConnectedWireIndex":-1,
      "ConnectedWireSegmentIndex":-1,
      "Points":[{"x":0.0,"y":0.0},{"x":0.0,"y":0.0}]
    },
    {
      "SourcePinAddress":{
        "PinID":0,
        "PinOwnerID":201177487
      },
      "TargetPinAddress":{
        "PinID":917707995,
        "PinOwnerID":2117118453
      },
      "ConnectionType":0,
      "ConnectedWireIndex":-1,
      "ConnectedWireSegmentIndex":-1,
      "Points":[{"x":0.0,"y":0.0},{"x":0.0,"y":0.0}]
    },
    {
      "SourcePinAddress":{
        "PinID":0,
        "PinOwnerID":201177487
      },
      "TargetPinAddress":{
        "PinID":917707995,
        "PinOwnerID":696507791
      },
      "ConnectionType":0,
      "ConnectedWireIndex":-1,
      "ConnectedWireSegmentIndex":-1,
      "Points":[{"x":0.0,"y":0.0},{"x":0.0,"y":0.0}]
    },
    {
      "SourcePinAddress":{
        "PinID":0,
        "PinOwnerID":201177487
      },
      "TargetPinAddress":{
        "PinID":917707995,
        "PinOwnerID":1318204644
      },
      "ConnectionType":0,
      "ConnectedWireIndex":-1,
      "ConnectedWireSegmentIndex":-1,
      "Points":[{"x":0.0,"y":0.0},{"x":0.0,"y":0.0}]
    },
    {
      "SourcePinAddress":{
        "PinID":0,
        "PinOwnerID":201177487
      },
      "TargetPinAddress":{
        "PinID":917707995,
        "PinOwnerID":1792492619
      },
      "ConnectionType":0,
      "ConnectedWireIndex":-1,
      "ConnectedWireSegmentIndex":-1,
      "Points":[{"x":0.0,"y":0.0},{"x":0.0,"y":0.0}]
    },
    {
      "SourcePinAddress":{
        "PinID":0,
        "PinOwnerID":201177487
      },
      "TargetPinAddress":{
        "PinID":917707995,
        "PinOwnerID":1173723617
      },
      "ConnectionType":0,
      "ConnectedWireIndex":-1,
      "ConnectedWireSegmentIndex":-1,
      "Points":[{"x":0.0,"y":0.0},{"x":0.0,"y":0.0}]
    },
    {
      "SourcePinAddress":{
        "PinID":0,
        "PinOwnerID":201177487
      },
      "TargetPinAddress":{
        "PinID":917707995,
        "PinOwnerID":719493478
      },
      "ConnectionType":0,
      "ConnectedWireIndex":-1,
      "ConnectedWireSegmentIndex":-1,
      "Points":[{"x":0.0,"y":0.0},{"x":0.0,"y":0.0}]
    },
    {
      "SourcePinAddress":{
        "PinID":0,
        "PinOwnerID":201177487
      },
      "TargetPinAddress":{
        "PinID":917707995,
        "PinOwnerID":1567611243
      },
      "ConnectionType":0,
      "ConnectedWireIndex":-1,
      "ConnectedWireSegmentIndex":-1,
      "Points":[{"x":0.0,"y":0.0},{"x":0.0,"y":0.0}]
    }
  ],
  "Displays":[]
}