{
  "DLSVersion": "2.1.6",
  "Name": "SRBUF",
  "NameLocation": 0,
  "ChipType": 0,
  "Size": {
    "x": 0.875,
    "y": 0.75
  },
  "Colour": {
    "r": 0.286108255,
    "g": 0.864694059,
    "b": 0.799850941,
    "a": 1
  },
  "InputPins":[
    {
      "Name":"IN",
      "ID":930905879,
      "Position":{
        "x":-2.625,
        "y":5.9375
      },
      "BitCount":1,
      "Colour":0,
      "ValueDisplayMode":0
    },
    {
      "Name":"S",
      "ID":68046950,
      "Position":{
        "x":-2.625,
        "y":5.5
      },
      "BitCount":1,
      "Colour":0,
      "ValueDisplayMode":0
    },
    {
      "Name":"R",
      "ID":344443308,
      "Position":{
        "x":-2.625,
        "y":5.0625
      },
      "BitCount":1,
      "Colour":0,
      "ValueDisplayMode":0
    }
  ],
  "OutputPins":[
    {
      "Name":"OUT",
      "ID":1105866470,
      "Position":{
        "x":4.375,
        "y":5.5625
      },
      "BitCount":1,
      "Colour":0,
      "ValueDisplayMode":0
    }
  ],
  "SubChips":[
    {
      "Name":"SR LATCH",
      "ID":534102740,
      "Label":"",
      "Position":{
        "x":0.5225,
        "y":5.375
      },
      "OutputPinColourInfo":[{"PinColour":0,"PinID":2039177547}],
      "InternalData":null
    },
    {
      "Name":"FRS",
      "ID":1786093122,
      "Label":"",
      "Position":{
        "x":-0.7025,
        "y":5.25
      },
      "OutputPinColourInfo":[{"PinColour":0,"PinID":1315430578}],
      "InternalData":null
    },
    {
      "Name":"3-STATE BUFFER",
      "ID":865853833,
      "Label":"",
      "Position":{
        "x":2.25,
        "y":5.5625
      },
      "OutputPinColourInfo":[{"PinColour":0,"PinID":2}],
      "InternalData":null
    }
  ],
  "Wires":[
    {
      "SourcePinAddress":{
        "PinID":1315430578,
        "PinOwnerID":1786093122
      },
      "TargetPinAddress":{
        "PinID":459092067,
        "PinOwnerID":534102740
      },
      "ConnectionType":0,
      "ConnectedWireIndex":-1,
      "ConnectedWireSegmentIndex":-1,
      "Points":[{"x":0.0,"y":0.0},{"x":0.0,"y":0.0}]
    },
    {
      "SourcePinAddress":{
        "PinID":0,
        "PinOwnerID":68046950
      },
      "TargetPinAddress":{
        "PinID":465323907,
        "PinOwnerID":534102740
      },
      "ConnectionType":0,
      "ConnectedWireIndex":-1,
      "ConnectedWireSegmentIndex":-1,
      "Points":[{"x":0.0,"y":0.0},{"x":0.0,"y":0.0}]
    },
    {
      "SourcePinAddress":{
        "PinID":0,
        "PinOwnerID":344443308
      },
      "TargetPinAddress":{
        "PinID":161853418,
        "PinOwnerID":1786093122
      },
      "ConnectionType":0,
      "ConnectedWireIndex":-1,
      "ConnectedWireSegmentIndex":-1,
      "Points":[{"x":0.0,"y":0.0},{"x":-1.3125,"y":5.0625},{"x":-1.3125,"y":5.375},{"x":0.0,"y":0.0}]
    },
    {
      "SourcePinAddress":{
        "PinID":0,
        "PinOwnerID":68046950
      },
      "TargetPinAddress":{
        "PinID":814069114,
        "PinOwnerID":1786093122
      },
      "ConnectionType":1,
      "ConnectedWireIndex":1,
      "ConnectedWireSegmentIndex":0,
      "Points":[{"x":-1.5,"y":5.5},{"x":-1.5,"y":5.125},{"x":0.0,"y":0.0}]
    },
    {
      "SourcePinAddress":{
        "PinID":2039177547,
        "PinOwnerID":534102740
      },
      "TargetPinAddress":{
        "PinID":1,
        "PinOwnerID":865853833
      },
      "ConnectionType":0,
      "ConnectedWireIndex":-1,
      "ConnectedWireSegmentIndex":-1,
      "Points":[{"x":0.0,"y":0.0},{"x":0.0,"y":0.0}]
    },
    {
      "SourcePinAddress":{
        "PinID":0,
        "PinOwnerID":930905879
      },
      "TargetPinAddress":{
        "PinID":0,
        "PinOwnerID":865853833
      },
      "ConnectionType":0,
      "ConnectedWireIndex":-1,
      "ConnectedWireSegmentIndex":-1,
      "Points":[{"x":0.0,"y":0.0},{"x":1.1875,"y":5.9375},{"x":1.1875,"y":5.75},{"x":0.0,"y":0.0}]
    },
    {
      "SourcePinAddress":{
        "PinID":2,
        "PinOwnerID":865853833
      },
      "TargetPinAddress":{
        "PinID":0,
        "PinOwnerID":1105866470
      },
      "ConnectionType":0,
      "ConnectedWireIndex":-1,
      "ConnectedWireSegmentIndex":-1,
      "Points":[{"x":0.0,"y":0.0},{"x":0.0,"y":0.0}]
    }
  ],
  "Displays": null
}