{
  "DLSVersion": "2.1.6",
  "Name": "Stack Memory",
  "NameLocation": 0,
  "ChipType": 0,
  "Size": {
    "x": 1.175,
    "y": 1.5
  },
  "Colour": {
    "r": 0.0132667944,
    "g": 0.342297345,
    "b": 0.307327241,
    "a": 1
  },
  "InputPins":[
    {
      "Name":"IN",
      "ID":822896413,
      "Position":{
        "x":-29.75,
        "y":25.625
      },
      "BitCount":8,
      "Colour":0,
      "ValueDisplayMode":0
    },
    {
      "Name":"WRITE",
      "ID":191240773,
      "Position":{
        "x":-29.75,
        "y":25.0625
      },
      "BitCount":1,
      "Colour":3,
      "ValueDisplayMode":0
    },
    {
      "Name":"read",
      "ID":1850562520,
      "Position":{
        "x":-29.75,
        "y":24.625
      },
      "BitCount":1,
      "Colour":4,
      "ValueDisplayMode":0
    },
    {
      "Name":"clk",
      "ID":1194575747,
      "Position":{
        "x":-29.75,
        "y":24.1875
      },
      "BitCount":1,
      "Colour":2,
      "ValueDisplayMode":0
    },
    {
      "Name":"IN",
      "ID":1967226310,
      "Position":{
        "x":-29.75,
        "y":23.75
      },
      "BitCount":1,
      "Colour":0,
      "ValueDisplayMode":0
    }
  ],
  "OutputPins":[
    {
      "Name":"OUT",
      "ID":1162017490,
      "Position":{
        "x":-18.625,
        "y":24.9375
      },
      "BitCount":8,
      "Colour":0,
      "ValueDisplayMode":0
    }
  ],
  "SubChips":[
    {
      "Name":"RAM-16x8 synch",
      "ID":880678252,
      "Label":"",
      "Position":{
        "x":-22.1275,
        "y":25.0625
      },
      "OutputPinColourInfo":[{"PinColour":0,"PinID":2024277515}],
      "InternalData":null
    },
    {
      "Name":"COUNTER +-",
      "ID":2030688554,
      "Label":"",
      "Position":{
        "x":-24.49,
        "y":26.25
      },
      "OutputPinColourInfo":[{"PinColour":0,"PinID":565785416}],
      "InternalData":null
    },
    {
      "Name":"8BUF",
      "ID":304212882,
      "Label":"",
      "Position":{
        "x":-20.5025,
        "y":24.9375
      },
      "OutputPinColourInfo":[{"PinColour":0,"PinID":1321101400}],
      "InternalData":null
    },
    {
      "Name":"FAL",
      "ID":682480115,
      "Label":"",
      "Position":{
        "x":-26.2025,
        "y":26.1875
      },
      "OutputPinColourInfo":[{"PinColour":0,"PinID":1079564476}],
      "InternalData":null
    },
    {
      "Name":"RIS",
      "ID":739015937,
      "Label":"",
      "Position":{
        "x":-26.2025,
        "y":26.9375
      },
      "OutputPinColourInfo":[{"PinColour":0,"PinID":1079564476}],
      "InternalData":null
    }
  ],
  "Wires":[
    {
      "SourcePinAddress":{
        "PinID":565785416,
        "PinOwnerID":2030688554
      },
      "TargetPinAddress":{
        "PinID":1414611488,
        "PinOwnerID":880678252
      },
      "ConnectionType":0,
      "ConnectedWireIndex":-1,
      "ConnectedWireSegmentIndex":-1,
      "Points":[{"x":0.0,"y":0.0},{"x":0.0,"y":0.0}]
    },
    {
      "SourcePinAddress":{
        "PinID":0,
        "PinOwnerID":1194575747
      },
      "TargetPinAddress":{
        "PinID":396608987,
        "PinOwnerID":2030688554
      },
      "ConnectionType":0,
      "ConnectedWireIndex":-1,
      "ConnectedWireSegmentIndex":-1,
      "Points":[{"x":0.0,"y":0.0},{"x":0.0,"y":0.0}]
    },
    {
      "SourcePinAddress":{
        "PinID":0,
        "PinOwnerID":1194575747
      },
      "TargetPinAddress":{
        "PinID":19007639,
        "PinOwnerID":880678252
      },
      "ConnectionType":1,
      "ConnectedWireIndex":1,
      "ConnectedWireSegmentIndex":0,
      "Points":[{"x":-28.00674,"y":24.55597},{"x":0.0,"y":0.0}]
    },
    {
      "SourcePinAddress":{
        "PinID":0,
        "PinOwnerID":822896413
      },
      "TargetPinAddress":{
        "PinID":2075626437,
        "PinOwnerID":880678252
      },
      "ConnectionType":0,
      "ConnectedWireIndex":-1,
      "ConnectedWireSegmentIndex":-1,
      "Points":[{"x":0.0,"y":0.0},{"x":0.0,"y":0.0}]
    },
    {
      "SourcePinAddress":{
        "PinID":0,
        "PinOwnerID":191240773
      },
      "TargetPinAddress":{
        "PinID":551527490,
        "PinOwnerID":880678252
      },
      "ConnectionType":0,
      "ConnectedWireIndex":-1,
      "ConnectedWireSegmentIndex":-1,
      "Points":[{"x":0.0,"y":0.0},{"x":0.0,"y":0.0}]
    },
    {
      "SourcePinAddress":{
        "PinID":2024277515,
        "PinOwnerID":880678252
      },
      "TargetPinAddress":{
        "PinID":514723583,
        "PinOwnerID":304212882
      },
      "ConnectionType":0,
      "ConnectedWireIndex":-1,
      "ConnectedWireSegmentIndex":-1,
      "Points":[{"x":0.0,"y":0.0},{"x":0.0,"y":0.0}]
    },
    {
      "SourcePinAddress":{
        "PinID":1321101400,
        "PinOwnerID":304212882
      },
      "TargetPinAddress":{
        "PinID":0,
        "PinOwnerID":1162017490
      },
      "ConnectionType":0,
      "ConnectedWireIndex":-1,
      "ConnectedWireSegmentIndex":-1,
      "Points":[{"x":0.0,"y":0.0},{"x":0.0,"y":0.0}]
    },
    {
      "SourcePinAddress":{
        "PinID":1079564476,
        "PinOwnerID":682480115
      },
      "TargetPinAddress":{
        "PinID":1415770500,
        "PinOwnerID":2030688554
      },
      "ConnectionType":0,
      "ConnectedWireIndex":-1,
      "ConnectedWireSegmentIndex":-1,
      "Points":[{"x":0.0,"y":0.0},{"x":0.0,"y":0.0}]
    },
    {
      "SourcePinAddress":{
        "PinID":0,
        "PinOwnerID":1967226310
      },
      "TargetPinAddress":{
        "PinID":2003294751,
        "PinOwnerID":2030688554
      },
      "ConnectionType":0,
      "ConnectedWireIndex":-1,
      "ConnectedWireSegmentIndex":-1,
      "Points":[{"x":0.0,"y":0.0},{"x":0.0,"y":0.0}]
    },
    {
      "SourcePinAddress":{
        "PinID":0,
        "PinOwnerID":1194575747
      },
      "TargetPinAddress":{
        "PinID":203349049,
        "PinOwnerID":682480115
      },
      "ConnectionType":1,
      "ConnectedWireIndex":2,
      "ConnectedWireSegmentIndex":0,
      "Points":[{"x":-26.60959,"y":24.79597},{"x":0.0,"y":0.0}]
    },
    {
      "SourcePinAddress":{
        "PinID":0,
        "PinOwnerID":1850562520
      },
      "TargetPinAddress":{
        "PinID":1497816961,
        "PinOwnerID":304212882
      },
      "ConnectionType":0,
      "ConnectedWireIndex":-1,
      "ConnectedWireSegmentIndex":-1,
      "Points":[{"x":0.0,"y":0.0},{"x":0.0,"y":0.0}]
    },
    {
      "SourcePinAddress":{
        "PinID":0,
        "PinOwnerID":191240773
      },
      "TargetPinAddress":{
        "PinID":1682460732,
        "PinOwnerID":682480115
      },
      "ConnectionType":1,
      "ConnectedWireIndex":4,
      "ConnectedWireSegmentIndex":0,
      "Points":[{"x":-28.06585,"y":25.15782},{"x":0.0,"y":0.0}]
    },
    {
      "SourcePinAddress":{
        "PinID":0,
        "PinOwnerID":1850562520
      },
      "TargetPinAddress":{
        "PinID":1682460732,
        "PinOwnerID":739015937
      },
      "ConnectionType":1,
      "ConnectedWireIndex":10,
      "ConnectedWireSegmentIndex":0,
      "Points":[{"x":-28.06207,"y":24.63222},{"x":0.0,"y":0.0}]
    },
    {
      "SourcePinAddress":{
        "PinID":0,
        "PinOwnerID":1194575747
      },
      "TargetPinAddress":{
        "PinID":203349049,
        "PinOwnerID":739015937
      },
      "ConnectionType":1,
      "ConnectedWireIndex":1,
      "ConnectedWireSegmentIndex":0,
      "Points":[{"x":-26.78204,"y":25.01029},{"x":0.0,"y":0.0}]
    },
    {
      "SourcePinAddress":{
        "PinID":1079564476,
        "PinOwnerID":739015937
      },
      "TargetPinAddress":{
        "PinID":1979155043,
        "PinOwnerID":2030688554
      },
      "ConnectionType":0,
      "ConnectedWireIndex":-1,
      "ConnectedWireSegmentIndex":-1,
      "Points":[{"x":0.0,"y":0.0},{"x":0.0,"y":0.0}]
    }
  ],
  "Displays": null
}