{
  "DLSVersion": "2.1.6",
  "Name": "1-BIT REGISTER",
  "NameLocation": 0,
  "ChipType": 0,
  "Size": {
    "x": 1.4,
    "y": 0.75
  },
  "Colour": {
    "r": 0.572885,
    "g": 0.572885,
    "b": 0.572885,
    "a": 1
  },
  "InputPins":[
    {
      "Name":"DATA",
      "ID":1623535857,
      "Position":{
        "x":-7.375,
        "y":0.25
      },
      "BitCount":1,
      "Colour":0,
      "ValueDisplayMode":0
    },
    {
      "Name":"STORE",
      "ID":1260138178,
      "Position":{
        "x":-7.375,
        "y":-1.375
      },
      "BitCount":1,
      "Colour":0,
      "ValueDisplayMode":0
    },
    {
      "Name":"CLOCK",
      "ID":1843682086,
      "Position":{
        "x":-7.375,
        "y":-2.25
      },
      "BitCount":1,
      "Colour":0,
      "ValueDisplayMode":0
    }
  ],
  "OutputPins":[
    {
      "Name":"OUT",
      "ID":1399859187,
      "Position":{
        "x":1.625,
        "y":-1.0625
      },
      "BitCount":1,
      "Colour":0,
      "ValueDisplayMode":0
    }
  ],
  "SubChips":[
    {
      "Name":"D FLIP-FLOP",
      "ID":979821029,
      "Label":"",
      "Position":{
        "x":-0.5025,
        "y":-1.0625
      },
      "OutputPinColourInfo":[{"PinColour":0,"PinID":559884082}],
      "InternalData":null
    },
    {
      "Name":"AND",
      "ID":1069429302,
      "Label":"",
      "Position":{
        "x":-4.3275,
        "y":-0.125
      },
      "OutputPinColourInfo":[{"PinColour":0,"PinID":1934042572}],
      "InternalData":null
    },
    {
      "Name":"AND",
      "ID":1019379341,
      "Label":"",
      "Position":{
        "x":-4.3275,
        "y":-0.75
      },
      "OutputPinColourInfo":[{"PinColour":0,"PinID":1934042572}],
      "InternalData":null
    },
    {
      "Name":"NOT",
      "ID":1795630384,
      "Label":"",
      "Position":{
        "x":-5.39,
        "y":-0.25
      },
      "OutputPinColourInfo":[{"PinColour":0,"PinID":722248817}],
      "InternalData":null
    },
    {
      "Name":"OR",
      "ID":1073706714,
      "Label":"",
      "Position":{
        "x":-3.14,
        "y":-0.625
      },
      "OutputPinColourInfo":[{"PinColour":0,"PinID":41096156}],
      "InternalData":null
    }
  ],
  "Wires":[
    {
      "SourcePinAddress":{
        "PinID":559884082,
        "PinOwnerID":979821029
      },
      "TargetPinAddress":{
        "PinID":0,
        "PinOwnerID":1399859187
      },
      "ConnectionType":0,
      "ConnectedWireIndex":-1,
      "ConnectedWireSegmentIndex":-1,
      "Points":[{"x":0.0,"y":0.0},{"x":0.0,"y":0.0}]
    },
    {
      "SourcePinAddress":{
        "PinID":0,
        "PinOwnerID":1843682086
      },
      "TargetPinAddress":{
        "PinID":93034039,
        "PinOwnerID":979821029
      },
      "ConnectionType":0,
      "ConnectedWireIndex":-1,
      "ConnectedWireSegmentIndex":-1,
      "Points":[{"x":0.0,"y":0.0},{"x":-2.4375,"y":-2.25},{"x":-2.4375,"y":-1.1875},{"x":0.0,"y":0.0}]
    },
    {
      "SourcePinAddress":{
        "PinID":722248817,
        "PinOwnerID":1795630384
      },
      "TargetPinAddress":{
        "PinID":1522459734,
        "PinOwnerID":1069429302
      },
      "ConnectionType":0,
      "ConnectedWireIndex":-1,
      "ConnectedWireSegmentIndex":-1,
      "Points":[{"x":0.0,"y":0.0},{"x":0.0,"y":0.0}]
    },
    {
      "SourcePinAddress":{
        "PinID":1934042572,
        "PinOwnerID":1019379341
      },
      "TargetPinAddress":{
        "PinID":198837197,
        "PinOwnerID":1073706714
      },
      "ConnectionType":0,
      "ConnectedWireIndex":-1,
      "ConnectedWireSegmentIndex":-1,
      "Points":[{"x":0.0,"y":0.0},{"x":0.0,"y":0.0}]
    },
    {
      "SourcePinAddress":{
        "PinID":1934042572,
        "PinOwnerID":1069429302
      },
      "TargetPinAddress":{
        "PinID":1059060280,
        "PinOwnerID":1073706714
      },
      "ConnectionType":0,
      "ConnectedWireIndex":-1,
      "ConnectedWireSegmentIndex":-1,
      "Points":[{"x":0.0,"y":0.0},{"x":-3.75,"y":-0.125},{"x":-3.75,"y":-0.5},{"x":0.0,"y":0.0}]
    },
    {
      "SourcePinAddress":{
        "PinID":41096156,
        "PinOwnerID":1073706714
      },
      "TargetPinAddress":{
        "PinID":712733745,
        "PinOwnerID":979821029
      },
      "ConnectionType":0,
      "ConnectedWireIndex":-1,
      "ConnectedWireSegmentIndex":-1,
      "Points":[{"x":0.0,"y":0.0},{"x":-2.4375,"y":-0.625},{"x":-2.4375,"y":-0.9375},{"x":0.0,"y":0.0}]
    },
    {
      "SourcePinAddress":{
        "PinID":559884082,
        "PinOwnerID":979821029
      },
      "TargetPinAddress":{
        "PinID":818357688,
        "PinOwnerID":1069429302
      },
      "ConnectionType":1,
      "ConnectedWireIndex":0,
      "ConnectedWireSegmentIndex":0,
      "Points":[{"x":0.5625,"y":-1.0625},{"x":0.5625,"y":0.8125},{"x":-4.875,"y":0.8125},{"x":-4.875,"y":0.0},{"x":0.0,"y":0.0}]
    },
    {
      "SourcePinAddress":{
        "PinID":0,
        "PinOwnerID":1260138178
      },
      "TargetPinAddress":{
        "PinID":818357688,
        "PinOwnerID":1019379341
      },
      "ConnectionType":0,
      "ConnectedWireIndex":-1,
      "ConnectedWireSegmentIndex":-1,
      "Points":[{"x":0.0,"y":0.0},{"x":-5.0,"y":-1.375},{"x":-5.0,"y":-0.625},{"x":0.0,"y":0.0}]
    },
    {
      "SourcePinAddress":{
        "PinID":0,
        "PinOwnerID":1260138178
      },
      "TargetPinAddress":{
        "PinID":71014366,
        "PinOwnerID":1795630384
      },
      "ConnectionType":1,
      "ConnectedWireIndex":7,
      "ConnectedWireSegmentIndex":0,
      "Points":[{"x":-6.1875,"y":-1.375},{"x":-6.1875,"y":-0.25},{"x":0.0,"y":0.0}]
    },
    {
      "SourcePinAddress":{
        "PinID":0,
        "PinOwnerID":1623535857
      },
      "TargetPinAddress":{
        "PinID":1522459734,
        "PinOwnerID":1019379341
      },
      "ConnectionType":0,
      "ConnectedWireIndex":-1,
      "ConnectedWireSegmentIndex":-1,
      "Points":[{"x":0.0,"y":0.0},{"x":-6.4375,"y":0.25},{"x":-6.4375,"y":-0.875},{"x":0.0,"y":0.0}]
    }
  ],
  "Displays":[]
}