{
  "DLSVersion": "2.1.6",
  "Name": "2-COMP DECIMAL-8",
  "NameLocation": 2,
  "ChipType": 0,
  "Size": {
    "x": 4.45,
    "y": 2.0
  },
  "Colour": {
    "r": 0.05093379,
    "g": 0.051214233,
    "b": 0.0544184,
    "a": 1
  },
  "InputPins":[
    {
      "Name":"NEGATE",
      "ID":1347549501,
      "Position":{
        "x":-10.125,
        "y":2.3125
      },
      "BitCount":1,
      "Colour":0,
      "ValueDisplayMode":0
    },
    {
      "Name":"IN",
      "ID":1094309522,
      "Position":{
        "x":-10.25,
        "y":0.8125
      },
      "BitCount":8,
      "Colour":0,
      "ValueDisplayMode":0
    }
  ],
  "OutputPins":[],
  "SubChips":[
    {
      "Name":"2-COMP DIGIT DISPLAY",
      "ID":969433963,
      "Label":"H",
      "Position":{
        "x":-2.265,
        "y":1.1875
      },
      "OutputPinColourInfo":[{"PinColour":0,"PinID":1279210257},{"PinColour":0,"PinID":1641381266}],
      "InternalData":null
    },
    {
      "Name":"2-COMP DIGIT DISPLAY",
      "ID":1614056211,
      "Label":"T",
      "Position":{
        "x":1.61,
        "y":1.1875
      },
      "OutputPinColourInfo":[{"PinColour":0,"PinID":1279210257},{"PinColour":0,"PinID":1641381266}],
      "InternalData":null
    },
    {
      "Name":"2-COMP DIGIT DISPLAY",
      "ID":848514640,
      "Label":"O",
      "Position":{
        "x":5.235,
        "y":1.1875
      },
      "OutputPinColourInfo":[{"PinColour":0,"PinID":1279210257},{"PinColour":0,"PinID":1641381266}],
      "InternalData":null
    },
    {
      "Name":"DOUBLE DABBLE-8",
      "ID":629211823,
      "Label":"",
      "Position":{
        "x":-4.94,
        "y":0.9375
      },
      "OutputPinColourInfo":[{"PinColour":0,"PinID":1486689353},{"PinColour":0,"PinID":1356307120},{"PinColour":0,"PinID":754953438}],
      "InternalData":null
    },
    {
      "Name":"NEGATE",
      "ID":1967592986,
      "Label":"",
      "Position":{
        "x":-6.3525,
        "y":0.9375
      },
      "OutputPinColourInfo":[{"PinColour":0,"PinID":1552714108}],
      "InternalData":null
    },
    {
      "Name":"NAND",
      "ID":1050799980,
      "Label":"",
      "Position":{
        "x":-4.875,
        "y":-1.0
      },
      "OutputPinColourInfo":[{"PinColour":0,"PinID":2}],
      "InternalData":null
    },
    {
      "Name":"AND",
      "ID":1476499931,
      "Label":"",
      "Position":{
        "x":-6.7025,
        "y":2.1875
      },
      "OutputPinColourInfo":[{"PinColour":0,"PinID":1934042572}],
      "InternalData":null
    },
    {
      "Name":"8-1BIT",
      "ID":856744864,
      "Label":"",
      "Position":{
        "x":-8.0525,
        "y":-0.6875
      },
      "OutputPinColourInfo":[{"PinColour":0,"PinID":1},{"PinColour":0,"PinID":2},{"PinColour":0,"PinID":3},{"PinColour":0,"PinID":4},{"PinColour":0,"PinID":5},{"PinColour":0,"PinID":6},{"PinColour":0,"PinID":7},{"PinColour":0,"PinID":8}],
      "InternalData":null
    }
  ],
  "Wires":[
    {
      "SourcePinAddress":{
        "PinID":0,
        "PinOwnerID":1094309522
      },
      "TargetPinAddress":{
        "PinID":1053646936,
        "PinOwnerID":1967592986
      },
      "ConnectionType":0,
      "ConnectedWireIndex":-1,
      "ConnectedWireSegmentIndex":-1,
      "Points":[{"x":0.0,"y":0.0},{"x":0.0,"y":0.0}]
    },
    {
      "SourcePinAddress":{
        "PinID":1552714108,
        "PinOwnerID":1967592986
      },
      "TargetPinAddress":{
        "PinID":259532469,
        "PinOwnerID":629211823
      },
      "ConnectionType":0,
      "ConnectedWireIndex":-1,
      "ConnectedWireSegmentIndex":-1,
      "Points":[{"x":0.0,"y":0.0},{"x":0.0,"y":0.0}]
    },
    {
      "SourcePinAddress":{
        "PinID":2,
        "PinOwnerID":1050799980
      },
      "TargetPinAddress":{
        "PinID":1496521749,
        "PinOwnerID":969433963
      },
      "ConnectionType":0,
      "ConnectedWireIndex":-1,
      "ConnectedWireSegmentIndex":-1,
      "Points":[{"x":0.0,"y":0.0},{"x":-3.5625,"y":-1.0},{"x":-3.5625,"y":0.0625},{"x":0.0,"y":0.0}]
    },
    {
      "SourcePinAddress":{
        "PinID":0,
        "PinOwnerID":1347549501
      },
      "TargetPinAddress":{
        "PinID":818357688,
        "PinOwnerID":1476499931
      },
      "ConnectionType":0,
      "ConnectedWireIndex":-1,
      "ConnectedWireSegmentIndex":-1,
      "Points":[{"x":0.0,"y":0.0},{"x":0.0,"y":0.0}]
    },
    {
      "SourcePinAddress":{
        "PinID":0,
        "PinOwnerID":1094309522
      },
      "TargetPinAddress":{
        "PinID":0,
        "PinOwnerID":856744864
      },
      "ConnectionType":1,
      "ConnectedWireIndex":0,
      "ConnectedWireSegmentIndex":0,
      "Points":[{"x":-8.8125,"y":0.8125},{"x":-8.8125,"y":0.375},{"x":-9.0625,"y":0.375},{"x":-9.0625,"y":0.25},{"x":-9.0625,"y":-0.6875},{"x":0.0,"y":0.0}]
    },
    {
      "SourcePinAddress":{
        "PinID":1,
        "PinOwnerID":856744864
      },
      "TargetPinAddress":{
        "PinID":1522459734,
        "PinOwnerID":1476499931
      },
      "ConnectionType":0,
      "ConnectedWireIndex":-1,
      "ConnectedWireSegmentIndex":-1,
      "Points":[{"x":0.0,"y":0.0},{"x":-7.25,"y":0.1875},{"x":-7.25,"y":2.0625},{"x":0.0,"y":0.0}]
    },
    {
      "SourcePinAddress":{
        "PinID":1486689353,
        "PinOwnerID":629211823
      },
      "TargetPinAddress":{
        "PinID":225517067,
        "PinOwnerID":969433963
      },
      "ConnectionType":0,
      "ConnectedWireIndex":-1,
      "ConnectedWireSegmentIndex":-1,
      "Points":[{"x":0.0,"y":0.0},{"x":-3.8125,"y":1.3125},{"x":-3.8125,"y":1.1875},{"x":0.0,"y":0.0}]
    },
    {
      "SourcePinAddress":{
        "PinID":1934042572,
        "PinOwnerID":1476499931
      },
      "TargetPinAddress":{
        "PinID":133683740,
        "PinOwnerID":969433963
      },
      "ConnectionType":0,
      "ConnectedWireIndex":-1,
      "ConnectedWireSegmentIndex":-1,
      "Points":[{"x":0.0,"y":0.0},{"x":-6.0625,"y":2.1875},{"x":-6.0625,"y":2.3125},{"x":0.0,"y":0.0}]
    },
    {
      "SourcePinAddress":{
        "PinID":1279210257,
        "PinOwnerID":969433963
      },
      "TargetPinAddress":{
        "PinID":133683740,
        "PinOwnerID":1614056211
      },
      "ConnectionType":0,
      "ConnectedWireIndex":-1,
      "ConnectedWireSegmentIndex":-1,
      "Points":[{"x":0.0,"y":0.0},{"x":0.0,"y":0.0}]
    },
    {
      "SourcePinAddress":{
        "PinID":1279210257,
        "PinOwnerID":1614056211
      },
      "TargetPinAddress":{
        "PinID":133683740,
        "PinOwnerID":848514640
      },
      "ConnectionType":0,
      "ConnectedWireIndex":-1,
      "ConnectedWireSegmentIndex":-1,
      "Points":[{"x":0.0,"y":0.0},{"x":0.0,"y":0.0}]
    },
    {
      "SourcePinAddress":{
        "PinID":1356307120,
        "PinOwnerID":629211823
      },
      "TargetPinAddress":{
        "PinID":225517067,
        "PinOwnerID":1614056211
      },
      "ConnectionType":0,
      "ConnectedWireIndex":-1,
      "ConnectedWireSegmentIndex":-1,
      "Points":[{"x":0.0,"y":0.0},{"x":-3.5625,"y":0.9375},{"x":-3.5625,"y":-0.3125},{"x":0.0625,"y":-0.3125},{"x":0.0625,"y":1.25},{"x":0.0,"y":0.0}]
    },
    {
      "SourcePinAddress":{
        "PinID":1641381266,
        "PinOwnerID":969433963
      },
      "TargetPinAddress":{
        "PinID":1496521749,
        "PinOwnerID":1614056211
      },
      "ConnectionType":0,
      "ConnectedWireIndex":-1,
      "ConnectedWireSegmentIndex":-1,
      "Points":[{"x":0.0,"y":0.0},{"x":0.0,"y":0.0}]
    },
    {
      "SourcePinAddress":{
        "PinID":754953438,
        "PinOwnerID":629211823
      },
      "TargetPinAddress":{
        "PinID":225517067,
        "PinOwnerID":848514640
      },
      "ConnectionType":0,
      "ConnectedWireIndex":-1,
      "ConnectedWireSegmentIndex":-1,
      "Points":[{"x":0.0,"y":0.0},{"x":-3.8125,"y":0.5625},{"x":-3.8125,"y":-1.1875},{"x":3.375,"y":-1.1875},{"x":3.375,"y":1.1875},{"x":0.0,"y":0.0}]
    },
    {
      "SourcePinAddress":{
        "PinID":1934042572,
        "PinOwnerID":1476499931
      },
      "TargetPinAddress":{
        "PinID":958202752,
        "PinOwnerID":1967592986
      },
      "ConnectionType":1,
      "ConnectedWireIndex":7,
      "ConnectedWireSegmentIndex":2,
      "Points":[{"x":-5.8125,"y":2.3125},{"x":-5.8125,"y":1.6875},{"x":-7.0625,"y":1.6875},{"x":-7.0625,"y":1.1875},{"x":0.0,"y":0.0}]
    }
  ],
  "Displays":[
    {
      "SubChipID":848514640,
      "Position":{
        "x":1.34375,
        "y":0.3125
      },
      "Scale":1.0
    },
    {
      "SubChipID":1614056211,
      "Position":{
        "x":-0.09375,
        "y":0.3125
      },
      "Scale":1.0
    },
    {
      "SubChipID":969433963,
      "Position":{
        "x":-1.53125,
        "y":0.3125
      },
      "Scale":1.0
    }
  ]
}