{
  "DLSVersion": "2.1.6",
  "Name": "2COMP DECIMAL-4",
  "NameLocation": 2,
  "ChipType": 0,
  "Size": {
    "x": 2.95,
    "y": 1.75
  },
  "Colour": {
    "r": 0.0,
    "g": 0.0,
    "b": 0.0,
    "a": 1
  },
  "InputPins":[
    {
      "Name":"NEGATE",
      "ID":1558739808,
      "Position":{
        "x":-9.625,
        "y":1.0625
      },
      "BitCount":1,
      "Colour":0,
      "ValueDisplayMode":0
    },
    {
      "Name":"IN",
      "ID":1204358606,
      "Position":{
        "x":-9.625,
        "y":-0.375
      },
      "BitCount":4,
      "Colour":0,
      "ValueDisplayMode":0
    }
  ],
  "OutputPins":[],
  "SubChips":[
    {
      "Name":"DOUBLE DABBLE-8",
      "ID":45260334,
      "Label":"",
      "Position":{
        "x":-3.0775,
        "y":0.375
      },
      "OutputPinColourInfo":[{"PinColour":0,"PinID":1486689353},{"PinColour":0,"PinID":1356307120},{"PinColour":0,"PinID":754953438}],
      "InternalData":null
    },
    {
      "Name":"4-1BIT",
      "ID":1446088804,
      "Label":"",
      "Position":{
        "x":-8.0525,
        "y":-0.375
      },
      "OutputPinColourInfo":[{"PinColour":0,"PinID":1},{"PinColour":0,"PinID":2},{"PinColour":0,"PinID":3},{"PinColour":0,"PinID":4}],
      "InternalData":null
    },
    {
      "Name":"XOR",
      "ID":869916141,
      "Label":"",
      "Position":{
        "x":-6.7025,
        "y":0.25
      },
      "OutputPinColourInfo":[{"PinColour":0,"PinID":41096156}],
      "InternalData":null
    },
    {
      "Name":"XOR",
      "ID":1122907557,
      "Label":"",
      "Position":{
        "x":-6.7025,
        "y":-0.375
      },
      "OutputPinColourInfo":[{"PinColour":0,"PinID":41096156}],
      "InternalData":null
    },
    {
      "Name":"XOR",
      "ID":1091109063,
      "Label":"",
      "Position":{
        "x":-6.7025,
        "y":-1.0
      },
      "OutputPinColourInfo":[{"PinColour":0,"PinID":41096156}],
      "InternalData":null
    },
    {
      "Name":"XOR",
      "ID":1985486286,
      "Label":"",
      "Position":{
        "x":-6.7025,
        "y":-1.625
      },
      "OutputPinColourInfo":[{"PinColour":0,"PinID":41096156}],
      "InternalData":null
    },
    {
      "Name":"2-COMP DIGIT DISPLAY",
      "ID":249241691,
      "Label":"T",
      "Position":{
        "x":-0.64,
        "y":0.375
      },
      "OutputPinColourInfo":[{"PinColour":0,"PinID":1279210257},{"PinColour":0,"PinID":1641381266}],
      "InternalData":null
    },
    {
      "Name":"2-COMP DIGIT DISPLAY",
      "ID":1526632609,
      "Label":"O",
      "Position":{
        "x":3.235,
        "y":0.375
      },
      "OutputPinColourInfo":[{"PinColour":0,"PinID":1279210257},{"PinColour":0,"PinID":1641381266}],
      "InternalData":null
    },
    {
      "Name":"NAND",
      "ID":1285487899,
      "Label":"",
      "Position":{
        "x":-3.0,
        "y":-3.25
      },
      "OutputPinColourInfo":[{"PinColour":0,"PinID":2}],
      "InternalData":null
    },
    {
      "Name":"AND",
      "ID":2031359626,
      "Label":"",
      "Position":{
        "x":-7.9525,
        "y":0.9375
      },
      "OutputPinColourInfo":[{"PinColour":0,"PinID":1934042572}],
      "InternalData":null
    },
    {
      "Name":"1-4BIT",
      "ID":771865149,
      "Label":"",
      "Position":{
        "x":-5.5525,
        "y":-1.25
      },
      "OutputPinColourInfo":[{"PinColour":0,"PinID":4}],
      "InternalData":null
    },
    {
      "Name":"4-BIT ADDER",
      "ID":948149507,
      "Label":"",
      "Position":{
        "x":-4.1025,
        "y":-1.1875
      },
      "OutputPinColourInfo":[{"PinColour":0,"PinID":921799949},{"PinColour":0,"PinID":1545428429}],
      "InternalData":null
    },
    {
      "Name":"4-8BIT",
      "ID":173552885,
      "Label":"",
      "Position":{
        "x":-4.6775,
        "y":0.375
      },
      "OutputPinColourInfo":[{"PinColour":0,"PinID":2}],
      "InternalData":null
    }
  ],
  "Wires":[
    {
      "SourcePinAddress":{
        "PinID":0,
        "PinOwnerID":1204358606
      },
      "TargetPinAddress":{
        "PinID":0,
        "PinOwnerID":1446088804
      },
      "ConnectionType":0,
      "ConnectedWireIndex":-1,
      "ConnectedWireSegmentIndex":-1,
      "Points":[{"x":0.0,"y":0.0},{"x":0.0,"y":0.0}]
    },
    {
      "SourcePinAddress":{
        "PinID":1,
        "PinOwnerID":1446088804
      },
      "TargetPinAddress":{
        "PinID":1059060280,
        "PinOwnerID":869916141
      },
      "ConnectionType":0,
      "ConnectedWireIndex":-1,
      "ConnectedWireSegmentIndex":-1,
      "Points":[{"x":0.0,"y":0.0},{"x":0.0,"y":0.0}]
    },
    {
      "SourcePinAddress":{
        "PinID":2,
        "PinOwnerID":1446088804
      },
      "TargetPinAddress":{
        "PinID":1059060280,
        "PinOwnerID":1122907557
      },
      "ConnectionType":0,
      "ConnectedWireIndex":-1,
      "ConnectedWireSegmentIndex":-1,
      "Points":[{"x":0.0,"y":0.0},{"x":0.0,"y":0.0}]
    },
    {
      "SourcePinAddress":{
        "PinID":3,
        "PinOwnerID":1446088804
      },
      "TargetPinAddress":{
        "PinID":1059060280,
        "PinOwnerID":1091109063
      },
      "ConnectionType":0,
      "ConnectedWireIndex":-1,
      "ConnectedWireSegmentIndex":-1,
      "Points":[{"x":0.0,"y":0.0},{"x":0.0,"y":0.0}]
    },
    {
      "SourcePinAddress":{
        "PinID":4,
        "PinOwnerID":1446088804
      },
      "TargetPinAddress":{
        "PinID":1059060280,
        "PinOwnerID":1985486286
      },
      "ConnectionType":0,
      "ConnectedWireIndex":-1,
      "ConnectedWireSegmentIndex":-1,
      "Points":[{"x":0.0,"y":0.0},{"x":0.0,"y":0.0}]
    },
    {
      "SourcePinAddress":{
        "PinID":1279210257,
        "PinOwnerID":249241691
      },
      "TargetPinAddress":{
        "PinID":133683740,
        "PinOwnerID":1526632609
      },
      "ConnectionType":0,
      "ConnectedWireIndex":-1,
      "ConnectedWireSegmentIndex":-1,
      "Points":[{"x":0.0,"y":0.0},{"x":0.0,"y":0.0}]
    },
    {
      "SourcePinAddress":{
        "PinID":2,
        "PinOwnerID":1285487899
      },
      "TargetPinAddress":{
        "PinID":1496521749,
        "PinOwnerID":249241691
      },
      "ConnectionType":0,
      "ConnectedWireIndex":-1,
      "ConnectedWireSegmentIndex":-1,
      "Points":[{"x":0.0,"y":0.0},{"x":-2.125,"y":-3.25},{"x":-2.125,"y":-0.75},{"x":0.0,"y":0.0}]
    },
    {
      "SourcePinAddress":{
        "PinID":1356307120,
        "PinOwnerID":45260334
      },
      "TargetPinAddress":{
        "PinID":225517067,
        "PinOwnerID":249241691
      },
      "ConnectionType":0,
      "ConnectedWireIndex":-1,
      "ConnectedWireSegmentIndex":-1,
      "Points":[{"x":0.0,"y":0.0},{"x":0.0,"y":0.0}]
    },
    {
      "SourcePinAddress":{
        "PinID":754953438,
        "PinOwnerID":45260334
      },
      "TargetPinAddress":{
        "PinID":225517067,
        "PinOwnerID":1526632609
      },
      "ConnectionType":0,
      "ConnectedWireIndex":-1,
      "ConnectedWireSegmentIndex":-1,
      "Points":[{"x":0.0,"y":0.0},{"x":-2.25,"y":0.0},{"x":-2.25,"y":-1.25},{"x":2.0625,"y":-1.25},{"x":2.0625,"y":0.375},{"x":0.0,"y":0.0}]
    },
    {
      "SourcePinAddress":{
        "PinID":0,
        "PinOwnerID":1558739808
      },
      "TargetPinAddress":{
        "PinID":818357688,
        "PinOwnerID":2031359626
      },
      "ConnectionType":0,
      "ConnectedWireIndex":-1,
      "ConnectedWireSegmentIndex":-1,
      "Points":[{"x":0.0,"y":0.0},{"x":0.0,"y":0.0}]
    },
    {
      "SourcePinAddress":{
        "PinID":1,
        "PinOwnerID":1446088804
      },
      "TargetPinAddress":{
        "PinID":1522459734,
        "PinOwnerID":2031359626
      },
      "ConnectionType":1,
      "ConnectedWireIndex":1,
      "ConnectedWireSegmentIndex":0,
      "Points":[{"x":-7.24621,"y":0.18265},{"x":-8.6875,"y":0.18265},{"x":-8.6875,"y":0.8125},{"x":0.0,"y":0.0}]
    },
    {
      "SourcePinAddress":{
        "PinID":1934042572,
        "PinOwnerID":2031359626
      },
      "TargetPinAddress":{
        "PinID":198837197,
        "PinOwnerID":1985486286
      },
      "ConnectionType":0,
      "ConnectedWireIndex":-1,
      "ConnectedWireSegmentIndex":-1,
      "Points":[{"x":0.0,"y":0.0},{"x":-7.1875,"y":0.9375},{"x":-7.1875,"y":-1.75},{"x":0.0,"y":0.0}]
    },
    {
      "SourcePinAddress":{
        "PinID":1934042572,
        "PinOwnerID":2031359626
      },
      "TargetPinAddress":{
        "PinID":198837197,
        "PinOwnerID":1091109063
      },
      "ConnectionType":1,
      "ConnectedWireIndex":11,
      "ConnectedWireSegmentIndex":1,
      "Points":[{"x":-7.1875,"y":-1.125},{"x":0.0,"y":0.0}]
    },
    {
      "SourcePinAddress":{
        "PinID":1934042572,
        "PinOwnerID":2031359626
      },
      "TargetPinAddress":{
        "PinID":198837197,
        "PinOwnerID":1122907557
      },
      "ConnectionType":1,
      "ConnectedWireIndex":11,
      "ConnectedWireSegmentIndex":1,
      "Points":[{"x":-7.1875,"y":-0.5},{"x":0.0,"y":0.0}]
    },
    {
      "SourcePinAddress":{
        "PinID":1934042572,
        "PinOwnerID":2031359626
      },
      "TargetPinAddress":{
        "PinID":198837197,
        "PinOwnerID":869916141
      },
      "ConnectionType":1,
      "ConnectedWireIndex":11,
      "ConnectedWireSegmentIndex":1,
      "Points":[{"x":-7.1875,"y":0.125},{"x":0.0,"y":0.0}]
    },
    {
      "SourcePinAddress":{
        "PinID":1934042572,
        "PinOwnerID":2031359626
      },
      "TargetPinAddress":{
        "PinID":133683740,
        "PinOwnerID":249241691
      },
      "ConnectionType":1,
      "ConnectedWireIndex":11,
      "ConnectedWireSegmentIndex":1,
      "Points":[{"x":-7.1875,"y":0.875},{"x":-6.625,"y":0.875},{"x":-6.625,"y":1.625},{"x":-1.9375,"y":1.625},{"x":-1.9375,"y":1.5},{"x":0.0,"y":0.0}]
    },
    {
      "SourcePinAddress":{
        "PinID":41096156,
        "PinOwnerID":1985486286
      },
      "TargetPinAddress":{
        "PinID":3,
        "PinOwnerID":771865149
      },
      "ConnectionType":0,
      "ConnectedWireIndex":-1,
      "ConnectedWireSegmentIndex":-1,
      "Points":[{"x":0.0,"y":0.0},{"x":0.0,"y":0.0}]
    },
    {
      "SourcePinAddress":{
        "PinID":41096156,
        "PinOwnerID":1091109063
      },
      "TargetPinAddress":{
        "PinID":2,
        "PinOwnerID":771865149
      },
      "ConnectionType":0,
      "ConnectedWireIndex":-1,
      "ConnectedWireSegmentIndex":-1,
      "Points":[{"x":0.0,"y":0.0},{"x":0.0,"y":0.0}]
    },
    {
      "SourcePinAddress":{
        "PinID":41096156,
        "PinOwnerID":1122907557
      },
      "TargetPinAddress":{
        "PinID":1,
        "PinOwnerID":771865149
      },
      "ConnectionType":0,
      "ConnectedWireIndex":-1,
      "ConnectedWireSegmentIndex":-1,
      "Points":[{"x":0.0,"y":0.0},{"x":0.0,"y":0.0}]
    },
    {
      "SourcePinAddress":{
        "PinID":41096156,
        "PinOwnerID":869916141
      },
      "TargetPinAddress":{
        "PinID":0,
        "PinOwnerID":771865149
      },
      "ConnectionType":0,
      "ConnectedWireIndex":-1,
      "ConnectedWireSegmentIndex":-1,
      "Points":[{"x":0.0,"y":0.0},{"x":0.0,"y":0.0}]
    },
    {
      "SourcePinAddress":{
        "PinID":4,
        "PinOwnerID":771865149
      },
      "TargetPinAddress":{
        "PinID":1510848574,
        "PinOwnerID":948149507
      },
      "ConnectionType":0,
      "ConnectedWireIndex":-1,
      "ConnectedWireSegmentIndex":-1,
      "Points":[{"x":0.0,"y":0.0},{"x":0.0,"y":0.0}]
    },
    {
      "SourcePinAddress":{
        "PinID":1934042572,
        "PinOwnerID":2031359626
      },
      "TargetPinAddress":{
        "PinID":767098531,
        "PinOwnerID":948149507
      },
      "ConnectionType":1,
      "ConnectedWireIndex":15,
      "ConnectedWireSegmentIndex":2,
      "Points":[{"x":-4.8125,"y":1.625},{"x":-4.8125,"y":-1.5625},{"x":0.0,"y":0.0}]
    },
    {
      "SourcePinAddress":{
        "PinID":2,
        "PinOwnerID":173552885
      },
      "TargetPinAddress":{
        "PinID":259532469,
        "PinOwnerID":45260334
      },
      "ConnectionType":0,
      "ConnectedWireIndex":-1,
      "ConnectedWireSegmentIndex":-1,
      "Points":[{"x":0.0,"y":0.0},{"x":0.0,"y":0.0}]
    },
    {
      "SourcePinAddress":{
        "PinID":921799949,
        "PinOwnerID":948149507
      },
      "TargetPinAddress":{
        "PinID":1,
        "PinOwnerID":173552885
      },
      "ConnectionType":0,
      "ConnectedWireIndex":-1,
      "ConnectedWireSegmentIndex":-1,
      "Points":[{"x":0.0,"y":0.0},{"x":-3.125,"y":-0.875},{"x":-3.125,"y":-0.4375},{"x":-5.5,"y":-0.4375},{"x":-5.5,"y":0.1875},{"x":0.0,"y":0.0}]
    }
  ],
  "Displays":[
    {
      "SubChipID":249241691,
      "Position":{
        "x":-0.78125,
        "y":0.3125
      },
      "Scale":1.0
    },
    {
      "SubChipID":1526632609,
      "Position":{
        "x":0.71875,
        "y":0.3125
      },
      "Scale":1.0
    }
  ]
}