{
  "DLSVersion": "2.1.6",
  "Name": "4-BIT REGISTER",
  "NameLocation": 0,
  "ChipType": 0,
  "Size": {
    "x": 1.4,
    "y": 0.875
  },
  "Colour": {
    "r": 0.8971848,
    "g": 0.472197324,
    "b": 0.0873241,
    "a": 1
  },
  "InputPins":[
    {
      "Name":"DATA",
      "ID":976864277,
      "Position":{
        "x":-9.625,
        "y":1.1875
      },
      "BitCount":4,
      "Colour":0,
      "ValueDisplayMode":0
    },
    {
      "Name":"STORE",
      "ID":424313074,
      "Position":{
        "x":-9.875,
        "y":-2.0625
      },
      "BitCount":1,
      "Colour":0,
      "ValueDisplayMode":0
    },
    {
      "Name":"CLOCK",
      "ID":1686095149,
      "Position":{
        "x":-9.875,
        "y":-2.8125
      },
      "BitCount":1,
      "Colour":0,
      "ValueDisplayMode":0
    }
  ],
  "OutputPins":[
    {
      "Name":"OUT",
      "ID":575464863,
      "Position":{
        "x":1.0,
        "y":-0.9375
      },
      "BitCount":4,
      "Colour":0,
      "ValueDisplayMode":0
    }
  ],
  "SubChips":[
    {
      "Name":"1-BIT REGISTER",
      "ID":129904199,
      "Label":"",
      "Position":{
        "x":-4.54,
        "y":0.3125
      },
      "OutputPinColourInfo":[{"PinColour":0,"PinID":1399859187}],
      "InternalData":null
    },
    {
      "Name":"1-BIT REGISTER",
      "ID":1117426574,
      "Label":"",
      "Position":{
        "x":-4.54,
        "y":-0.5625
      },
      "OutputPinColourInfo":[{"PinColour":0,"PinID":1399859187}],
      "InternalData":null
    },
    {
      "Name":"1-BIT REGISTER",
      "ID":552059637,
      "Label":"",
      "Position":{
        "x":-4.54,
        "y":-1.4375
      },
      "OutputPinColourInfo":[{"PinColour":0,"PinID":1399859187}],
      "InternalData":null
    },
    {
      "Name":"1-BIT REGISTER",
      "ID":1422290143,
      "Label":"",
      "Position":{
        "x":-4.54,
        "y":-2.3125
      },
      "OutputPinColourInfo":[{"PinColour":0,"PinID":1399859187}],
      "InternalData":null
    },
    {
      "Name":"1-4BIT",
      "ID":532569111,
      "Label":"",
      "Position":{
        "x":-0.6775,
        "y":-0.9375
      },
      "OutputPinColourInfo":[{"PinColour":0,"PinID":4}],
      "InternalData":null
    },
    {
      "Name":"4-1BIT",
      "ID":1635770016,
      "Label":"",
      "Position":{
        "x":-7.8025,
        "y":0.8125
      },
      "OutputPinColourInfo":[{"PinColour":0,"PinID":1},{"PinColour":0,"PinID":2},{"PinColour":0,"PinID":3},{"PinColour":0,"PinID":4}],
      "InternalData":null
    }
  ],
  "Wires":[
    {
      "SourcePinAddress":{
        "PinID":4,
        "PinOwnerID":532569111
      },
      "TargetPinAddress":{
        "PinID":0,
        "PinOwnerID":575464863
      },
      "ConnectionType":0,
      "ConnectedWireIndex":-1,
      "ConnectedWireSegmentIndex":-1,
      "Points":[{"x":0.0,"y":0.0},{"x":0.3125,"y":-0.9375},{"x":0.0,"y":0.0}]
    },
    {
      "SourcePinAddress":{
        "PinID":1399859187,
        "PinOwnerID":129904199
      },
      "TargetPinAddress":{
        "PinID":0,
        "PinOwnerID":532569111
      },
      "ConnectionType":0,
      "ConnectedWireIndex":-1,
      "ConnectedWireSegmentIndex":-1,
      "Points":[{"x":0.0,"y":0.0},{"x":-2.0,"y":0.3125},{"x":-2.0,"y":-0.5625},{"x":0.0,"y":0.0}]
    },
    {
      "SourcePinAddress":{
        "PinID":1399859187,
        "PinOwnerID":1117426574
      },
      "TargetPinAddress":{
        "PinID":1,
        "PinOwnerID":532569111
      },
      "ConnectionType":0,
      "ConnectedWireIndex":-1,
      "ConnectedWireSegmentIndex":-1,
      "Points":[{"x":0.0,"y":0.0},{"x":-2.9375,"y":-0.5625},{"x":-2.9375,"y":-0.875},{"x":-2.9375,"y":-0.8125},{"x":0.0,"y":0.0}]
    },
    {
      "SourcePinAddress":{
        "PinID":1399859187,
        "PinOwnerID":552059637
      },
      "TargetPinAddress":{
        "PinID":2,
        "PinOwnerID":532569111
      },
      "ConnectionType":0,
      "ConnectedWireIndex":-1,
      "ConnectedWireSegmentIndex":-1,
      "Points":[{"x":0.0,"y":0.0},{"x":-2.4375,"y":-1.4375},{"x":-2.4375,"y":-1.0625},{"x":0.0,"y":0.0}]
    },
    {
      "SourcePinAddress":{
        "PinID":1399859187,
        "PinOwnerID":1422290143
      },
      "TargetPinAddress":{
        "PinID":3,
        "PinOwnerID":532569111
      },
      "ConnectionType":0,
      "ConnectedWireIndex":-1,
      "ConnectedWireSegmentIndex":-1,
      "Points":[{"x":0.0,"y":0.0},{"x":-1.9375,"y":-2.3125},{"x":-1.9375,"y":-1.3125},{"x":0.0,"y":0.0}]
    },
    {
      "SourcePinAddress":{
        "PinID":0,
        "PinOwnerID":424313074
      },
      "TargetPinAddress":{
        "PinID":1260138178,
        "PinOwnerID":1422290143
      },
      "ConnectionType":0,
      "ConnectedWireIndex":-1,
      "ConnectedWireSegmentIndex":-1,
      "Points":[{"x":0.0,"y":0.0},{"x":-8.5,"y":-2.0625},{"x":-8.5,"y":-2.3125},{"x":0.0,"y":0.0}]
    },
    {
      "SourcePinAddress":{
        "PinID":0,
        "PinOwnerID":424313074
      },
      "TargetPinAddress":{
        "PinID":1260138178,
        "PinOwnerID":129904199
      },
      "ConnectionType":1,
      "ConnectedWireIndex":5,
      "ConnectedWireSegmentIndex":2,
      "Points":[{"x":-5.8125,"y":-2.3125},{"x":-5.8125,"y":0.3125},{"x":0.0,"y":0.0}]
    },
    {
      "SourcePinAddress":{
        "PinID":0,
        "PinOwnerID":424313074
      },
      "TargetPinAddress":{
        "PinID":1260138178,
        "PinOwnerID":1117426574
      },
      "ConnectionType":1,
      "ConnectedWireIndex":6,
      "ConnectedWireSegmentIndex":0,
      "Points":[{"x":-5.8125,"y":-0.5625},{"x":0.0,"y":0.0}]
    },
    {
      "SourcePinAddress":{
        "PinID":0,
        "PinOwnerID":424313074
      },
      "TargetPinAddress":{
        "PinID":1260138178,
        "PinOwnerID":552059637
      },
      "ConnectionType":1,
      "ConnectedWireIndex":6,
      "ConnectedWireSegmentIndex":0,
      "Points":[{"x":-5.8125,"y":-1.4375},{"x":0.0,"y":0.0}]
    },
    {
      "SourcePinAddress":{
        "PinID":0,
        "PinOwnerID":1686095149
      },
      "TargetPinAddress":{
        "PinID":1843682086,
        "PinOwnerID":1422290143
      },
      "ConnectionType":0,
      "ConnectedWireIndex":-1,
      "ConnectedWireSegmentIndex":-1,
      "Points":[{"x":0.0,"y":0.0},{"x":-5.75,"y":-2.8125},{"x":-5.75,"y":-2.5625},{"x":0.0,"y":0.0}]
    },
    {
      "SourcePinAddress":{
        "PinID":0,
        "PinOwnerID":1686095149
      },
      "TargetPinAddress":{
        "PinID":1843682086,
        "PinOwnerID":129904199
      },
      "ConnectionType":1,
      "ConnectedWireIndex":9,
      "ConnectedWireSegmentIndex":2,
      "Points":[{"x":-5.5,"y":-2.5625},{"x":-5.5,"y":0.0625},{"x":0.0,"y":0.0}]
    },
    {
      "SourcePinAddress":{
        "PinID":0,
        "PinOwnerID":1686095149
      },
      "TargetPinAddress":{
        "PinID":1843682086,
        "PinOwnerID":1117426574
      },
      "ConnectionType":1,
      "ConnectedWireIndex":10,
      "ConnectedWireSegmentIndex":0,
      "Points":[{"x":-5.5,"y":-0.8125},{"x":0.0,"y":0.0}]
    },
    {
      "SourcePinAddress":{
        "PinID":0,
        "PinOwnerID":1686095149
      },
      "TargetPinAddress":{
        "PinID":1843682086,
        "PinOwnerID":552059637
      },
      "ConnectionType":1,
      "ConnectedWireIndex":10,
      "ConnectedWireSegmentIndex":0,
      "Points":[{"x":-5.5,"y":-1.6875},{"x":0.0,"y":0.0}]
    },
    {
      "SourcePinAddress":{
        "PinID":0,
        "PinOwnerID":976864277
      },
      "TargetPinAddress":{
        "PinID":0,
        "PinOwnerID":1635770016
      },
      "ConnectionType":0,
      "ConnectedWireIndex":-1,
      "ConnectedWireSegmentIndex":-1,
      "Points":[{"x":0.0,"y":0.0},{"x":-8.5625,"y":1.1875},{"x":-8.5625,"y":0.8125},{"x":0.0,"y":0.0}]
    },
    {
      "SourcePinAddress":{
        "PinID":1,
        "PinOwnerID":1635770016
      },
      "TargetPinAddress":{
        "PinID":1623535857,
        "PinOwnerID":129904199
      },
      "ConnectionType":0,
      "ConnectedWireIndex":-1,
      "ConnectedWireSegmentIndex":-1,
      "Points":[{"x":0.0,"y":0.0},{"x":-6.0,"y":1.1875},{"x":-6.0,"y":0.5625},{"x":0.0,"y":0.0}]
    },
    {
      "SourcePinAddress":{
        "PinID":2,
        "PinOwnerID":1635770016
      },
      "TargetPinAddress":{
        "PinID":1623535857,
        "PinOwnerID":1117426574
      },
      "ConnectionType":0,
      "ConnectedWireIndex":-1,
      "ConnectedWireSegmentIndex":-1,
      "Points":[{"x":0.0,"y":0.0},{"x":-6.1875,"y":0.9375},{"x":-6.1875,"y":-0.3125},{"x":0.0,"y":0.0}]
    },
    {
      "SourcePinAddress":{
        "PinID":3,
        "PinOwnerID":1635770016
      },
      "TargetPinAddress":{
        "PinID":1623535857,
        "PinOwnerID":552059637
      },
      "ConnectionType":0,
      "ConnectedWireIndex":-1,
      "ConnectedWireSegmentIndex":-1,
      "Points":[{"x":0.0,"y":0.0},{"x":-6.3125,"y":0.6875},{"x":-6.3125,"y":-1.1875},{"x":0.0,"y":0.0}]
    },
    {
      "SourcePinAddress":{
        "PinID":4,
        "PinOwnerID":1635770016
      },
      "TargetPinAddress":{
        "PinID":1623535857,
        "PinOwnerID":1422290143
      },
      "ConnectionType":0,
      "ConnectedWireIndex":-1,
      "ConnectedWireSegmentIndex":-1,
      "Points":[{"x":0.0,"y":0.0},{"x":-6.5,"y":0.4375},{"x":-6.5,"y":-2.0625},{"x":0.0,"y":0.0}]
    }
  ],
  "Displays":[]
}