{
  "DLSVersion": "2.1.6",
  "Name": "8-BIT REGISTER",
  "NameLocation": 1,
  "ChipType": 0,
  "Size": {
    "x": 2.45,
    "y": 1.75
  },
  "Colour": {
    "r": 0.783576548,
    "g": 0.3970203,
    "b": 0.09568917,
    "a": 1
  },
  "InputPins":[
    {
      "Name":"IN",
      "ID":1171991990,
      "Position":{
        "x":-10.5,
        "y":3.5
      },
      "BitCount":8,
      "Colour":0,
      "ValueDisplayMode":0
    },
    {
      "Name":"STORE",
      "ID":1560685193,
      "Position":{
        "x":-10.0,
        "y":-1.875
      },
      "BitCount":1,
      "Colour":0,
      "ValueDisplayMode":0
    },
    {
      "Name":"CLOCK",
      "ID":1746065636,
      "Position":{
        "x":-10.0,
        "y":-2.4375
      },
      "BitCount":1,
      "Colour":0,
      "ValueDisplayMode":0
    }
  ],
  "OutputPins":[
    {
      "Name":"OUT",
      "ID":1787405944,
      "Position":{
        "x":3.375,
        "y":1.875
      },
      "BitCount":8,
      "Colour":0,
      "ValueDisplayMode":0
    }
  ],
  "SubChips":[
    {
      "Name":"1-BIT REGISTER",
      "ID":183807072,
      "Label":"",
      "Position":{
        "x":-4.665,
        "y":4.125
      },
      "OutputPinColourInfo":[{"PinColour":0,"PinID":1399859187}],
      "InternalData":null
    },
    {
      "Name":"1-BIT REGISTER",
      "ID":1942727677,
      "Label":"",
      "Position":{
        "x":-4.665,
        "y":3.25
      },
      "OutputPinColourInfo":[{"PinColour":0,"PinID":1399859187}],
      "InternalData":null
    },
    {
      "Name":"1-BIT REGISTER",
      "ID":1090205022,
      "Label":"",
      "Position":{
        "x":-4.665,
        "y":2.375
      },
      "OutputPinColourInfo":[{"PinColour":0,"PinID":1399859187}],
      "InternalData":null
    },
    {
      "Name":"1-BIT REGISTER",
      "ID":1565157327,
      "Label":"",
      "Position":{
        "x":-4.665,
        "y":1.5
      },
      "OutputPinColourInfo":[{"PinColour":0,"PinID":1399859187}],
      "InternalData":null
    },
    {
      "Name":"1-BIT REGISTER",
      "ID":924509526,
      "Label":"",
      "Position":{
        "x":-4.665,
        "y":0.625
      },
      "OutputPinColourInfo":[{"PinColour":0,"PinID":1399859187}],
      "InternalData":null
    },
    {
      "Name":"1-BIT REGISTER",
      "ID":1824449617,
      "Label":"",
      "Position":{
        "x":-4.665,
        "y":-0.25
      },
      "OutputPinColourInfo":[{"PinColour":0,"PinID":1399859187}],
      "InternalData":null
    },
    {
      "Name":"1-BIT REGISTER",
      "ID":936796189,
      "Label":"",
      "Position":{
        "x":-4.665,
        "y":-1.125
      },
      "OutputPinColourInfo":[{"PinColour":0,"PinID":1399859187}],
      "InternalData":null
    },
    {
      "Name":"1-BIT REGISTER",
      "ID":1378609512,
      "Label":"",
      "Position":{
        "x":-4.665,
        "y":-2.0
      },
      "OutputPinColourInfo":[{"PinColour":0,"PinID":1399859187}],
      "InternalData":null
    },
    {
      "Name":"8-1BIT",
      "ID":1681579388,
      "Label":"",
      "Position":{
        "x":-8.0525,
        "y":3.5
      },
      "OutputPinColourInfo":[{"PinColour":0,"PinID":1},{"PinColour":0,"PinID":2},{"PinColour":0,"PinID":3},{"PinColour":0,"PinID":4},{"PinColour":0,"PinID":5},{"PinColour":0,"PinID":6},{"PinColour":0,"PinID":7},{"PinColour":0,"PinID":8}],
      "InternalData":null
    },
    {
      "Name":"1-8BIT",
      "ID":937755859,
      "Label":"",
      "Position":{
        "x":-0.0525,
        "y":1.875
      },
      "OutputPinColourInfo":[{"PinColour":0,"PinID":8}],
      "InternalData":null
    },
    {
      "Name":"DECIMAL-8",
      "ID":663473562,
      "Label":"",
      "Position":{
        "x":3.36,
        "y":-0.8125
      },
      "OutputPinColourInfo":[],
      "InternalData":null
    }
  ],
  "Wires":[
    {
      "SourcePinAddress":{
        "PinID":1,
        "PinOwnerID":1681579388
      },
      "TargetPinAddress":{
        "PinID":1623535857,
        "PinOwnerID":183807072
      },
      "ConnectionType":0,
      "ConnectedWireIndex":-1,
      "ConnectedWireSegmentIndex":-1,
      "Points":[{"x":0.0,"y":0.0},{"x":0.0,"y":0.0}]
    },
    {
      "SourcePinAddress":{
        "PinID":2,
        "PinOwnerID":1681579388
      },
      "TargetPinAddress":{
        "PinID":1623535857,
        "PinOwnerID":1942727677
      },
      "ConnectionType":0,
      "ConnectedWireIndex":-1,
      "ConnectedWireSegmentIndex":-1,
      "Points":[{"x":0.0,"y":0.0},{"x":-6.5625,"y":4.125},{"x":-6.5625,"y":3.5},{"x":0.0,"y":0.0}]
    },
    {
      "SourcePinAddress":{
        "PinID":3,
        "PinOwnerID":1681579388
      },
      "TargetPinAddress":{
        "PinID":1623535857,
        "PinOwnerID":1090205022
      },
      "ConnectionType":0,
      "ConnectedWireIndex":-1,
      "ConnectedWireSegmentIndex":-1,
      "Points":[{"x":0.0,"y":0.0},{"x":-6.75,"y":3.875},{"x":-6.75,"y":2.625},{"x":0.0,"y":0.0}]
    },
    {
      "SourcePinAddress":{
        "PinID":4,
        "PinOwnerID":1681579388
      },
      "TargetPinAddress":{
        "PinID":1623535857,
        "PinOwnerID":1565157327
      },
      "ConnectionType":0,
      "ConnectedWireIndex":-1,
      "ConnectedWireSegmentIndex":-1,
      "Points":[{"x":0.0,"y":0.0},{"x":-6.875,"y":3.625},{"x":-6.875,"y":1.75},{"x":0.0,"y":0.0}]
    },
    {
      "SourcePinAddress":{
        "PinID":5,
        "PinOwnerID":1681579388
      },
      "TargetPinAddress":{
        "PinID":1623535857,
        "PinOwnerID":924509526
      },
      "ConnectionType":0,
      "ConnectedWireIndex":-1,
      "ConnectedWireSegmentIndex":-1,
      "Points":[{"x":0.0,"y":0.0},{"x":-7.0625,"y":3.375},{"x":-7.0625,"y":0.875},{"x":0.0,"y":0.0}]
    },
    {
      "SourcePinAddress":{
        "PinID":6,
        "PinOwnerID":1681579388
      },
      "TargetPinAddress":{
        "PinID":1623535857,
        "PinOwnerID":1824449617
      },
      "ConnectionType":0,
      "ConnectedWireIndex":-1,
      "ConnectedWireSegmentIndex":-1,
      "Points":[{"x":0.0,"y":0.0},{"x":-7.1875,"y":3.125},{"x":-7.1875,"y":0.0},{"x":0.0,"y":0.0}]
    },
    {
      "SourcePinAddress":{
        "PinID":7,
        "PinOwnerID":1681579388
      },
      "TargetPinAddress":{
        "PinID":1623535857,
        "PinOwnerID":936796189
      },
      "ConnectionType":0,
      "ConnectedWireIndex":-1,
      "ConnectedWireSegmentIndex":-1,
      "Points":[{"x":0.0,"y":0.0},{"x":-7.3125,"y":2.875},{"x":-7.3125,"y":-0.875},{"x":0.0,"y":0.0}]
    },
    {
      "SourcePinAddress":{
        "PinID":8,
        "PinOwnerID":1681579388
      },
      "TargetPinAddress":{
        "PinID":1623535857,
        "PinOwnerID":1378609512
      },
      "ConnectionType":0,
      "ConnectedWireIndex":-1,
      "ConnectedWireSegmentIndex":-1,
      "Points":[{"x":0.0,"y":0.0},{"x":-7.48,"y":-1.75},{"x":0.0,"y":0.0}]
    },
    {
      "SourcePinAddress":{
        "PinID":0,
        "PinOwnerID":1171991990
      },
      "TargetPinAddress":{
        "PinID":0,
        "PinOwnerID":1681579388
      },
      "ConnectionType":0,
      "ConnectedWireIndex":-1,
      "ConnectedWireSegmentIndex":-1,
      "Points":[{"x":0.0,"y":0.0},{"x":0.0,"y":0.0}]
    },
    {
      "SourcePinAddress":{
        "PinID":0,
        "PinOwnerID":1560685193
      },
      "TargetPinAddress":{
        "PinID":1260138178,
        "PinOwnerID":1378609512
      },
      "ConnectionType":0,
      "ConnectedWireIndex":-1,
      "ConnectedWireSegmentIndex":-1,
      "Points":[{"x":0.0,"y":0.0},{"x":-8.5625,"y":-1.875},{"x":-8.5625,"y":-2.0},{"x":0.0,"y":0.0}]
    },
    {
      "SourcePinAddress":{
        "PinID":0,
        "PinOwnerID":1560685193
      },
      "TargetPinAddress":{
        "PinID":1260138178,
        "PinOwnerID":183807072
      },
      "ConnectionType":1,
      "ConnectedWireIndex":9,
      "ConnectedWireSegmentIndex":2,
      "Points":[{"x":-6.125,"y":-2.0},{"x":-6.125,"y":4.125},{"x":0.0,"y":0.0}]
    },
    {
      "SourcePinAddress":{
        "PinID":0,
        "PinOwnerID":1560685193
      },
      "TargetPinAddress":{
        "PinID":1260138178,
        "PinOwnerID":1942727677
      },
      "ConnectionType":1,
      "ConnectedWireIndex":10,
      "ConnectedWireSegmentIndex":0,
      "Points":[{"x":-6.125,"y":3.25},{"x":0.0,"y":0.0}]
    },
    {
      "SourcePinAddress":{
        "PinID":0,
        "PinOwnerID":1560685193
      },
      "TargetPinAddress":{
        "PinID":1260138178,
        "PinOwnerID":1090205022
      },
      "ConnectionType":1,
      "ConnectedWireIndex":10,
      "ConnectedWireSegmentIndex":0,
      "Points":[{"x":-6.125,"y":2.375},{"x":0.0,"y":0.0}]
    },
    {
      "SourcePinAddress":{
        "PinID":0,
        "PinOwnerID":1560685193
      },
      "TargetPinAddress":{
        "PinID":1260138178,
        "PinOwnerID":1565157327
      },
      "ConnectionType":1,
      "ConnectedWireIndex":10,
      "ConnectedWireSegmentIndex":0,
      "Points":[{"x":-6.125,"y":1.5},{"x":0.0,"y":0.0}]
    },
    {
      "SourcePinAddress":{
        "PinID":0,
        "PinOwnerID":1560685193
      },
      "TargetPinAddress":{
        "PinID":1260138178,
        "PinOwnerID":924509526
      },
      "ConnectionType":1,
      "ConnectedWireIndex":10,
      "ConnectedWireSegmentIndex":0,
      "Points":[{"x":-6.125,"y":0.625},{"x":0.0,"y":0.0}]
    },
    {
      "SourcePinAddress":{
        "PinID":0,
        "PinOwnerID":1560685193
      },
      "TargetPinAddress":{
        "PinID":1260138178,
        "PinOwnerID":1824449617
      },
      "ConnectionType":1,
      "ConnectedWireIndex":10,
      "ConnectedWireSegmentIndex":0,
      "Points":[{"x":-6.125,"y":-0.25},{"x":0.0,"y":0.0}]
    },
    {
      "SourcePinAddress":{
        "PinID":0,
        "PinOwnerID":1560685193
      },
      "TargetPinAddress":{
        "PinID":1260138178,
        "PinOwnerID":936796189
      },
      "ConnectionType":1,
      "ConnectedWireIndex":10,
      "ConnectedWireSegmentIndex":0,
      "Points":[{"x":-6.125,"y":-1.125},{"x":-6.0625,"y":-1.125},{"x":-6.0625,"y":-1.125},{"x":0.0,"y":0.0}]
    },
    {
      "SourcePinAddress":{
        "PinID":0,
        "PinOwnerID":1746065636
      },
      "TargetPinAddress":{
        "PinID":1843682086,
        "PinOwnerID":183807072
      },
      "ConnectionType":0,
      "ConnectedWireIndex":-1,
      "ConnectedWireSegmentIndex":-1,
      "Points":[{"x":0.0,"y":0.0},{"x":-5.625,"y":-2.4375},{"x":-5.625,"y":3.875},{"x":0.0,"y":0.0}]
    },
    {
      "SourcePinAddress":{
        "PinID":0,
        "PinOwnerID":1746065636
      },
      "TargetPinAddress":{
        "PinID":1843682086,
        "PinOwnerID":1942727677
      },
      "ConnectionType":1,
      "ConnectedWireIndex":17,
      "ConnectedWireSegmentIndex":1,
      "Points":[{"x":-5.625,"y":3.0},{"x":0.0,"y":0.0}]
    },
    {
      "SourcePinAddress":{
        "PinID":0,
        "PinOwnerID":1746065636
      },
      "TargetPinAddress":{
        "PinID":1843682086,
        "PinOwnerID":1090205022
      },
      "ConnectionType":1,
      "ConnectedWireIndex":17,
      "ConnectedWireSegmentIndex":1,
      "Points":[{"x":-5.625,"y":2.125},{"x":0.0,"y":0.0}]
    },
    {
      "SourcePinAddress":{
        "PinID":0,
        "PinOwnerID":1746065636
      },
      "TargetPinAddress":{
        "PinID":1843682086,
        "PinOwnerID":1565157327
      },
      "ConnectionType":1,
      "ConnectedWireIndex":17,
      "ConnectedWireSegmentIndex":1,
      "Points":[{"x":-5.625,"y":1.25},{"x":0.0,"y":0.0}]
    },
    {
      "SourcePinAddress":{
        "PinID":0,
        "PinOwnerID":1746065636
      },
      "TargetPinAddress":{
        "PinID":1843682086,
        "PinOwnerID":924509526
      },
      "ConnectionType":1,
      "ConnectedWireIndex":17,
      "ConnectedWireSegmentIndex":1,
      "Points":[{"x":-5.625,"y":0.375},{"x":0.0,"y":0.0}]
    },
    {
      "SourcePinAddress":{
        "PinID":0,
        "PinOwnerID":1746065636
      },
      "TargetPinAddress":{
        "PinID":1843682086,
        "PinOwnerID":1824449617
      },
      "ConnectionType":1,
      "ConnectedWireIndex":17,
      "ConnectedWireSegmentIndex":1,
      "Points":[{"x":-5.625,"y":-0.5},{"x":0.0,"y":0.0}]
    },
    {
      "SourcePinAddress":{
        "PinID":0,
        "PinOwnerID":1746065636
      },
      "TargetPinAddress":{
        "PinID":1843682086,
        "PinOwnerID":936796189
      },
      "ConnectionType":1,
      "ConnectedWireIndex":17,
      "ConnectedWireSegmentIndex":1,
      "Points":[{"x":-5.625,"y":-1.375},{"x":0.0,"y":0.0}]
    },
    {
      "SourcePinAddress":{
        "PinID":0,
        "PinOwnerID":1746065636
      },
      "TargetPinAddress":{
        "PinID":1843682086,
        "PinOwnerID":1378609512
      },
      "ConnectionType":1,
      "ConnectedWireIndex":17,
      "ConnectedWireSegmentIndex":1,
      "Points":[{"x":-5.625,"y":-2.25},{"x":0.0,"y":0.0}]
    },
    {
      "SourcePinAddress":{
        "PinID":1399859187,
        "PinOwnerID":183807072
      },
      "TargetPinAddress":{
        "PinID":0,
        "PinOwnerID":937755859
      },
      "ConnectionType":0,
      "ConnectedWireIndex":-1,
      "ConnectedWireSegmentIndex":-1,
      "Points":[{"x":0.0,"y":0.0},{"x":-1.75,"y":4.125},{"x":-1.75,"y":2.75},{"x":0.0,"y":0.0}]
    },
    {
      "SourcePinAddress":{
        "PinID":1399859187,
        "PinOwnerID":1942727677
      },
      "TargetPinAddress":{
        "PinID":1,
        "PinOwnerID":937755859
      },
      "ConnectionType":0,
      "ConnectedWireIndex":-1,
      "ConnectedWireSegmentIndex":-1,
      "Points":[{"x":0.0,"y":0.0},{"x":-2.4375,"y":3.25},{"x":-2.4375,"y":2.5},{"x":0.0,"y":0.0}]
    },
    {
      "SourcePinAddress":{
        "PinID":1399859187,
        "PinOwnerID":1090205022
      },
      "TargetPinAddress":{
        "PinID":2,
        "PinOwnerID":937755859
      },
      "ConnectionType":0,
      "ConnectedWireIndex":-1,
      "ConnectedWireSegmentIndex":-1,
      "Points":[{"x":0.0,"y":0.0},{"x":-3.375,"y":2.375},{"x":-3.375,"y":2.25},{"x":0.0,"y":0.0}]
    },
    {
      "SourcePinAddress":{
        "PinID":1399859187,
        "PinOwnerID":1565157327
      },
      "TargetPinAddress":{
        "PinID":3,
        "PinOwnerID":937755859
      },
      "ConnectionType":0,
      "ConnectedWireIndex":-1,
      "ConnectedWireSegmentIndex":-1,
      "Points":[{"x":0.0,"y":0.0},{"x":-2.8125,"y":1.5},{"x":-2.8125,"y":2.0},{"x":0.0,"y":0.0}]
    },
    {
      "SourcePinAddress":{
        "PinID":1399859187,
        "PinOwnerID":924509526
      },
      "TargetPinAddress":{
        "PinID":4,
        "PinOwnerID":937755859
      },
      "ConnectionType":0,
      "ConnectedWireIndex":-1,
      "ConnectedWireSegmentIndex":-1,
      "Points":[{"x":0.0,"y":0.0},{"x":-2.5,"y":0.625},{"x":-2.5,"y":1.75},{"x":0.0,"y":0.0}]
    },
    {
      "SourcePinAddress":{
        "PinID":1399859187,
        "PinOwnerID":1824449617
      },
      "TargetPinAddress":{
        "PinID":5,
        "PinOwnerID":937755859
      },
      "ConnectionType":0,
      "ConnectedWireIndex":-1,
      "ConnectedWireSegmentIndex":-1,
      "Points":[{"x":0.0,"y":0.0},{"x":-1.9375,"y":-0.25},{"x":-1.9375,"y":1.5},{"x":0.0,"y":0.0}]
    },
    {
      "SourcePinAddress":{
        "PinID":1399859187,
        "PinOwnerID":936796189
      },
      "TargetPinAddress":{
        "PinID":6,
        "PinOwnerID":937755859
      },
      "ConnectionType":0,
      "ConnectedWireIndex":-1,
      "ConnectedWireSegmentIndex":-1,
      "Points":[{"x":0.0,"y":0.0},{"x":-1.0625,"y":-1.125},{"x":-1.0625,"y":1.25},{"x":0.0,"y":0.0}]
    },
    {
      "SourcePinAddress":{
        "PinID":1399859187,
        "PinOwnerID":1378609512
      },
      "TargetPinAddress":{
        "PinID":7,
        "PinOwnerID":937755859
      },
      "ConnectionType":0,
      "ConnectedWireIndex":-1,
      "ConnectedWireSegmentIndex":-1,
      "Points":[{"x":0.0,"y":0.0},{"x":-0.9375,"y":-2.0},{"x":-0.9375,"y":0.9375},{"x":-0.9375,"y":1.0},{"x":0.0,"y":0.0}]
    },
    {
      "SourcePinAddress":{
        "PinID":8,
        "PinOwnerID":937755859
      },
      "TargetPinAddress":{
        "PinID":0,
        "PinOwnerID":1787405944
      },
      "ConnectionType":0,
      "ConnectedWireIndex":-1,
      "ConnectedWireSegmentIndex":-1,
      "Points":[{"x":0.0,"y":0.0},{"x":0.0,"y":0.0}]
    },
    {
      "SourcePinAddress":{
        "PinID":8,
        "PinOwnerID":937755859
      },
      "TargetPinAddress":{
        "PinID":311779829,
        "PinOwnerID":663473562
      },
      "ConnectionType":1,
      "ConnectedWireIndex":33,
      "ConnectedWireSegmentIndex":0,
      "Points":[{"x":1.8125,"y":1.875},{"x":1.8125,"y":0.6875},{"x":0.625,"y":0.6875},{"x":0.625,"y":-0.8125},{"x":0.0,"y":0.0}]
    }
  ],
  "Displays":[
    {
      "SubChipID":663473562,
      "Position":{
        "x":-0.0625,
        "y":-0.15625
      },
      "Scale":0.6
    }
  ]
}