{
  "DLSVersion": "2.1.6",
  "Name": "8BUF",
  "NameLocation": 0,
  "ChipType": 0,
  "Size": {
    "x": 0.725,
    "y": 0.75
  },
  "Colour": {
    "r": 0.482295752,
    "g": 0.696280956,
    "b": 0.7491637,
    "a": 1
  },
  "InputPins":[
    {
      "Name":"IN",
      "ID":514723583,
      "Position":{
        "x":-3.375,
        "y":-0.9375
      },
      "BitCount":8,
      "Colour":0,
      "ValueDisplayMode":0
    },
    {
      "Name":"ENB",
      "ID":1497816961,
      "Position":{
        "x":-3.25,
        "y":-2.0
      },
      "BitCount":1,
      "Colour":0,
      "ValueDisplayMode":0
    }
  ],
  "OutputPins":[
    {
      "Name":"OUT",
      "ID":1321101400,
      "Position":{
        "x":6.25,
        "y":-1.0625
      },
      "BitCount":8,
      "Colour":0,
      "ValueDisplayMode":0
    }
  ],
  "SubChips":[
    {
      "Name":"BUS BUFFER",
      "ID":1844529245,
      "Label":"",
      "Position":{
        "x":0.81,
        "y":-0.875
      },
      "OutputPinColourInfo":[{"PinColour":0,"PinID":1946253703}],
      "InternalData":null
    },
    {
      "Name":"BUS BUFFER",
      "ID":682999412,
      "Label":"",
      "Position":{
        "x":0.81,
        "y":-1.5625
      },
      "OutputPinColourInfo":[{"PinColour":0,"PinID":1946253703}],
      "InternalData":null
    },
    {
      "Name":"8-4BIT",
      "ID":452148358,
      "Label":"",
      "Position":{
        "x":-1.3025,
        "y":-0.9375
      },
      "OutputPinColourInfo":[{"PinColour":0,"PinID":1},{"PinColour":0,"PinID":2}],
      "InternalData":null
    },
    {
      "Name":"4-8BIT",
      "ID":11133328,
      "Label":"",
      "Position":{
        "x":2.8225,
        "y":-1.0625
      },
      "OutputPinColourInfo":[{"PinColour":0,"PinID":2}],
      "InternalData":null
    }
  ],
  "Wires":[
    {
      "SourcePinAddress":{
        "PinID":1946253703,
        "PinOwnerID":1844529245
      },
      "TargetPinAddress":{
        "PinID":0,
        "PinOwnerID":11133328
      },
      "ConnectionType":0,
      "ConnectedWireIndex":-1,
      "ConnectedWireSegmentIndex":-1,
      "Points":[{"x":0.0,"y":0.0},{"x":0.0,"y":0.0}]
    },
    {
      "SourcePinAddress":{
        "PinID":1946253703,
        "PinOwnerID":682999412
      },
      "TargetPinAddress":{
        "PinID":1,
        "PinOwnerID":11133328
      },
      "ConnectionType":0,
      "ConnectedWireIndex":-1,
      "ConnectedWireSegmentIndex":-1,
      "Points":[{"x":0.0,"y":0.0},{"x":0.0,"y":0.0}]
    },
    {
      "SourcePinAddress":{
        "PinID":1,
        "PinOwnerID":452148358
      },
      "TargetPinAddress":{
        "PinID":1857830482,
        "PinOwnerID":1844529245
      },
      "ConnectionType":0,
      "ConnectedWireIndex":-1,
      "ConnectedWireSegmentIndex":-1,
      "Points":[{"x":0.0,"y":0.0},{"x":0.0,"y":0.0}]
    },
    {
      "SourcePinAddress":{
        "PinID":2,
        "PinOwnerID":452148358
      },
      "TargetPinAddress":{
        "PinID":1857830482,
        "PinOwnerID":682999412
      },
      "ConnectionType":0,
      "ConnectedWireIndex":-1,
      "ConnectedWireSegmentIndex":-1,
      "Points":[{"x":0.0,"y":0.0},{"x":0.0,"y":0.0}]
    },
    {
      "SourcePinAddress":{
        "PinID":0,
        "PinOwnerID":514723583
      },
      "TargetPinAddress":{
        "PinID":0,
        "PinOwnerID":452148358
      },
      "ConnectionType":0,
      "ConnectedWireIndex":-1,
      "ConnectedWireSegmentIndex":-1,
      "Points":[{"x":0.0,"y":0.0},{"x":0.0,"y":0.0}]
    },
    {
      "SourcePinAddress":{
        "PinID":0,
        "PinOwnerID":1497816961
      },
      "TargetPinAddress":{
        "PinID":2116089510,
        "PinOwnerID":682999412
      },
      "ConnectionType":0,
      "ConnectedWireIndex":-1,
      "ConnectedWireSegmentIndex":-1,
      "Points":[{"x":0.0,"y":0.0},{"x":0.0,"y":0.0}]
    },
    {
      "SourcePinAddress":{
        "PinID":0,
        "PinOwnerID":1497816961
      },
      "TargetPinAddress":{
        "PinID":2116089510,
        "PinOwnerID":1844529245
      },
      "ConnectionType":1,
      "ConnectedWireIndex":5,
      "ConnectedWireSegmentIndex":0,
      "Points":[{"x":-0.68545,"y":-1.83504},{"x":0.0,"y":0.0}]
    },
    {
      "SourcePinAddress":{
        "PinID":2,
        "PinOwnerID":11133328
      },
      "TargetPinAddress":{
        "PinID":0,
        "PinOwnerID":1321101400
      },
      "ConnectionType":0,
      "ConnectedWireIndex":-1,
      "ConnectedWireSegmentIndex":-1,
      "Points":[{"x":0.0,"y":0.0},{"x":0.0,"y":0.0}]
    }
  ],
  "Displays": null
}