{
  "DLSVersion": "2.1.6",
  "Name": "8mux",
  "NameLocation": 0,
  "ChipType": 0,
  "Size": {
    "x": 0.725,
    "y": 1.25
  },
  "Colour": {
    "r": 0.0286733378,
    "g": 0.05376776,
    "b": 0.439743161,
    "a": 1
  },
  "InputPins":[
    {
      "Name":"IN",
      "ID":2011728057,
      "Position":{
        "x":-0.25,
        "y":-7.0
      },
      "BitCount":8,
      "Colour":0,
      "ValueDisplayMode":0
    },
    {
      "Name":"IN",
      "ID":381176719,
      "Position":{
        "x":-0.125,
        "y":-8.0625
      },
      "BitCount":8,
      "Colour":0,
      "ValueDisplayMode":0
    },
    {
      "Name":"IN",
      "ID":2075623743,
      "Position":{
        "x":1.75,
        "y":-8.8125
      },
      "BitCount":1,
      "Colour":0,
      "ValueDisplayMode":0
    }
  ],
  "OutputPins":[
    {
      "Name":"OUT",
      "ID":1651850200,
      "Position":{
        "x":8.875,
        "y":-7.1875
      },
      "BitCount":8,
      "Colour":0,
      "ValueDisplayMode":0
    }
  ],
  "SubChips":[
    {
      "Name":"MUX",
      "ID":457178233,
      "Label":"",
      "Position":{
        "x":5.0475,
        "y":-6.6875
      },
      "OutputPinColourInfo":[{"PinColour":0,"PinID":191043076}],
      "InternalData":null
    },
    {
      "Name":"MUX",
      "ID":119555982,
      "Label":"",
      "Position":{
        "x":5.0475,
        "y":-7.75
      },
      "OutputPinColourInfo":[{"PinColour":0,"PinID":191043076}],
      "InternalData":null
    },
    {
      "Name":"8-4BIT",
      "ID":57940410,
      "Label":"",
      "Position":{
        "x":2.4475,
        "y":-6.75
      },
      "OutputPinColourInfo":[{"PinColour":0,"PinID":1},{"PinColour":0,"PinID":2}],
      "InternalData":null
    },
    {
      "Name":"8-4BIT",
      "ID":1227715219,
      "Label":"",
      "Position":{
        "x":2.1975,
        "y":-8.125
      },
      "OutputPinColourInfo":[{"PinColour":0,"PinID":1},{"PinColour":0,"PinID":2}],
      "InternalData":null
    },
    {
      "Name":"4-8BIT",
      "ID":181820334,
      "Label":"",
      "Position":{
        "x":6.6975,
        "y":-7.1875
      },
      "OutputPinColourInfo":[{"PinColour":0,"PinID":2}],
      "InternalData":null
    }
  ],
  "Wires":[
    {
      "SourcePinAddress":{
        "PinID":191043076,
        "PinOwnerID":457178233
      },
      "TargetPinAddress":{
        "PinID":0,
        "PinOwnerID":181820334
      },
      "ConnectionType":0,
      "ConnectedWireIndex":-1,
      "ConnectedWireSegmentIndex":-1,
      "Points":[{"x":0.0,"y":0.0},{"x":0.0,"y":0.0}]
    },
    {
      "SourcePinAddress":{
        "PinID":191043076,
        "PinOwnerID":119555982
      },
      "TargetPinAddress":{
        "PinID":1,
        "PinOwnerID":181820334
      },
      "ConnectionType":0,
      "ConnectedWireIndex":-1,
      "ConnectedWireSegmentIndex":-1,
      "Points":[{"x":0.0,"y":0.0},{"x":0.0,"y":0.0}]
    },
    {
      "SourcePinAddress":{
        "PinID":2,
        "PinOwnerID":181820334
      },
      "TargetPinAddress":{
        "PinID":0,
        "PinOwnerID":1651850200
      },
      "ConnectionType":0,
      "ConnectedWireIndex":-1,
      "ConnectedWireSegmentIndex":-1,
      "Points":[{"x":0.0,"y":0.0},{"x":0.0,"y":0.0}]
    },
    {
      "SourcePinAddress":{
        "PinID":1,
        "PinOwnerID":57940410
      },
      "TargetPinAddress":{
        "PinID":815322132,
        "PinOwnerID":457178233
      },
      "ConnectionType":0,
      "ConnectedWireIndex":-1,
      "ConnectedWireSegmentIndex":-1,
      "Points":[{"x":0.0,"y":0.0},{"x":0.0,"y":0.0}]
    },
    {
      "SourcePinAddress":{
        "PinID":2,
        "PinOwnerID":57940410
      },
      "TargetPinAddress":{
        "PinID":815322132,
        "PinOwnerID":119555982
      },
      "ConnectionType":0,
      "ConnectedWireIndex":-1,
      "ConnectedWireSegmentIndex":-1,
      "Points":[{"x":0.0,"y":0.0},{"x":0.0,"y":0.0}]
    },
    {
      "SourcePinAddress":{
        "PinID":1,
        "PinOwnerID":1227715219
      },
      "TargetPinAddress":{
        "PinID":1483774009,
        "PinOwnerID":457178233
      },
      "ConnectionType":0,
      "ConnectedWireIndex":-1,
      "ConnectedWireSegmentIndex":-1,
      "Points":[{"x":0.0,"y":0.0},{"x":0.0,"y":0.0}]
    },
    {
      "SourcePinAddress":{
        "PinID":2,
        "PinOwnerID":1227715219
      },
      "TargetPinAddress":{
        "PinID":1483774009,
        "PinOwnerID":119555982
      },
      "ConnectionType":0,
      "ConnectedWireIndex":-1,
      "ConnectedWireSegmentIndex":-1,
      "Points":[{"x":0.0,"y":0.0},{"x":0.0,"y":0.0}]
    },
    {
      "SourcePinAddress":{
        "PinID":0,
        "PinOwnerID":2075623743
      },
      "TargetPinAddress":{
        "PinID":1387398739,
        "PinOwnerID":119555982
      },
      "ConnectionType":0,
      "ConnectedWireIndex":-1,
      "ConnectedWireSegmentIndex":-1,
      "Points":[{"x":0.0,"y":0.0},{"x":0.0,"y":0.0}]
    },
    {
      "SourcePinAddress":{
        "PinID":0,
        "PinOwnerID":2075623743
      },
      "TargetPinAddress":{
        "PinID":1387398739,
        "PinOwnerID":457178233
      },
      "ConnectionType":1,
      "ConnectedWireIndex":7,
      "ConnectedWireSegmentIndex":0,
      "Points":[{"x":4.6452,"y":-8.15702},{"x":0.0,"y":0.0}]
    },
    {
      "SourcePinAddress":{
        "PinID":0,
        "PinOwnerID":381176719
      },
      "TargetPinAddress":{
        "PinID":0,
        "PinOwnerID":1227715219
      },
      "ConnectionType":0,
      "ConnectedWireIndex":-1,
      "ConnectedWireSegmentIndex":-1,
      "Points":[{"x":0.0,"y":0.0},{"x":0.0,"y":0.0}]
    },
    {
      "SourcePinAddress":{
        "PinID":0,
        "PinOwnerID":2011728057
      },
      "TargetPinAddress":{
        "PinID":0,
        "PinOwnerID":57940410
      },
      "ConnectionType":0,
      "ConnectedWireIndex":-1,
      "ConnectedWireSegmentIndex":-1,
      "Points":[{"x":0.0,"y":0.0},{"x":0.0,"y":0.0}]
    }
  ],
  "Displays": null
}