{
  "DLSVersion": "2.1.6",
  "Name": "ADDER",
  "NameLocation": 0,
  "ChipType": 0,
  "Size": {
    "x": 0.875,
    "y": 0.75
  },
  "Colour": {
    "r": 0.7313501,
    "g": 0.6950494,
    "b": 0.0244212952,
    "a": 1
  },
  "InputPins":[
    {
      "Name":"IN A",
      "ID":1774090392,
      "Position":{
        "x":-8.25,
        "y":-0.75
      },
      "BitCount":1,
      "Colour":0,
      "ValueDisplayMode":0
    },
    {
      "Name":"IN B",
      "ID":1684424209,
      "Position":{
        "x":-8.25,
        "y":-1.25
      },
      "BitCount":1,
      "Colour":0,
      "ValueDisplayMode":0
    },
    {
      "Name":"CARRY",
      "ID":1212098406,
      "Position":{
        "x":-8.25,
        "y":-1.75
      },
      "BitCount":1,
      "Colour":0,
      "ValueDisplayMode":0
    }
  ],
  "OutputPins":[
    {
      "Name":"SUM",
      "ID":1988018228,
      "Position":{
        "x":1.375,
        "y":-0.9375
      },
      "BitCount":1,
      "Colour":0,
      "ValueDisplayMode":0
    },
    {
      "Name":"CARRY",
      "ID":553602940,
      "Position":{
        "x":1.375,
        "y":-1.4375
      },
      "BitCount":1,
      "Colour":0,
      "ValueDisplayMode":0
    }
  ],
  "SubChips":[
    {
      "Name":"XOR",
      "ID":743971371,
      "Label":"",
      "Position":{
        "x":-6.4525,
        "y":-0.9375
      },
      "OutputPinColourInfo":[{"PinColour":0,"PinID":41096156}],
      "InternalData":null
    },
    {
      "Name":"XOR",
      "ID":489097337,
      "Label":"",
      "Position":{
        "x":-5.0775,
        "y":-1.0625
      },
      "OutputPinColourInfo":[{"PinColour":0,"PinID":41096156}],
      "InternalData":null
    },
    {
      "Name":"AND",
      "ID":818439876,
      "Label":"",
      "Position":{
        "x":-6.0775,
        "y":-2.3125
      },
      "OutputPinColourInfo":[{"PinColour":0,"PinID":1934042572}],
      "InternalData":null
    },
    {
      "Name":"AND",
      "ID":1737833399,
      "Label":"",
      "Position":{
        "x":-4.8275,
        "y":-1.8125
      },
      "OutputPinColourInfo":[{"PinColour":0,"PinID":1934042572}],
      "InternalData":null
    },
    {
      "Name":"OR",
      "ID":869275578,
      "Label":"",
      "Position":{
        "x":-3.515,
        "y":-2.1875
      },
      "OutputPinColourInfo":[{"PinColour":0,"PinID":41096156}],
      "InternalData":null
    }
  ],
  "Wires":[
    {
      "SourcePinAddress":{
        "PinID":41096156,
        "PinOwnerID":743971371
      },
      "TargetPinAddress":{
        "PinID":1059060280,
        "PinOwnerID":489097337
      },
      "ConnectionType":0,
      "ConnectedWireIndex":-1,
      "ConnectedWireSegmentIndex":-1,
      "Points":[{"x":0.0,"y":0.0},{"x":0.0,"y":0.0}]
    },
    {
      "SourcePinAddress":{
        "PinID":0,
        "PinOwnerID":1774090392
      },
      "TargetPinAddress":{
        "PinID":1059060280,
        "PinOwnerID":743971371
      },
      "ConnectionType":0,
      "ConnectedWireIndex":-1,
      "ConnectedWireSegmentIndex":-1,
      "Points":[{"x":0.0,"y":0.0},{"x":-7.125,"y":-0.75},{"x":-7.125,"y":-0.8125},{"x":0.0,"y":0.0}]
    },
    {
      "SourcePinAddress":{
        "PinID":0,
        "PinOwnerID":1684424209
      },
      "TargetPinAddress":{
        "PinID":198837197,
        "PinOwnerID":743971371
      },
      "ConnectionType":0,
      "ConnectedWireIndex":-1,
      "ConnectedWireSegmentIndex":-1,
      "Points":[{"x":0.0,"y":0.0},{"x":-7.25,"y":-1.25},{"x":-7.25,"y":-1.0625},{"x":0.0,"y":0.0}]
    },
    {
      "SourcePinAddress":{
        "PinID":0,
        "PinOwnerID":1212098406
      },
      "TargetPinAddress":{
        "PinID":198837197,
        "PinOwnerID":489097337
      },
      "ConnectionType":0,
      "ConnectedWireIndex":-1,
      "ConnectedWireSegmentIndex":-1,
      "Points":[{"x":0.0,"y":0.0},{"x":-5.6875,"y":-1.75},{"x":-5.6875,"y":-1.1875},{"x":0.0,"y":0.0}]
    },
    {
      "SourcePinAddress":{
        "PinID":41096156,
        "PinOwnerID":489097337
      },
      "TargetPinAddress":{
        "PinID":0,
        "PinOwnerID":1988018228
      },
      "ConnectionType":0,
      "ConnectedWireIndex":-1,
      "ConnectedWireSegmentIndex":-1,
      "Points":[{"x":0.0,"y":0.0},{"x":-3.75,"y":-1.0625},{"x":-3.75,"y":-0.9375},{"x":0.0,"y":0.0}]
    },
    {
      "SourcePinAddress":{
        "PinID":0,
        "PinOwnerID":1774090392
      },
      "TargetPinAddress":{
        "PinID":818357688,
        "PinOwnerID":818439876
      },
      "ConnectionType":1,
      "ConnectedWireIndex":1,
      "ConnectedWireSegmentIndex":2,
      "Points":[{"x":-7.0,"y":-0.8125},{"x":-7.0,"y":-2.1875},{"x":0.0,"y":0.0}]
    },
    {
      "SourcePinAddress":{
        "PinID":0,
        "PinOwnerID":1684424209
      },
      "TargetPinAddress":{
        "PinID":1522459734,
        "PinOwnerID":818439876
      },
      "ConnectionType":1,
      "ConnectedWireIndex":2,
      "ConnectedWireSegmentIndex":2,
      "Points":[{"x":-7.125,"y":-1.0625},{"x":-7.125,"y":-2.4375},{"x":0.0,"y":0.0}]
    },
    {
      "SourcePinAddress":{
        "PinID":0,
        "PinOwnerID":1212098406
      },
      "TargetPinAddress":{
        "PinID":818357688,
        "PinOwnerID":1737833399
      },
      "ConnectionType":1,
      "ConnectedWireIndex":3,
      "ConnectedWireSegmentIndex":1,
      "Points":[{"x":-5.6875,"y":-1.6875},{"x":0.0,"y":0.0}]
    },
    {
      "SourcePinAddress":{
        "PinID":41096156,
        "PinOwnerID":743971371
      },
      "TargetPinAddress":{
        "PinID":1522459734,
        "PinOwnerID":1737833399
      },
      "ConnectionType":1,
      "ConnectedWireIndex":0,
      "ConnectedWireSegmentIndex":0,
      "Points":[{"x":-5.75,"y":-0.9375},{"x":-5.75,"y":-1.9375},{"x":0.0,"y":0.0}]
    },
    {
      "SourcePinAddress":{
        "PinID":1934042572,
        "PinOwnerID":818439876
      },
      "TargetPinAddress":{
        "PinID":198837197,
        "PinOwnerID":869275578
      },
      "ConnectionType":0,
      "ConnectedWireIndex":-1,
      "ConnectedWireSegmentIndex":-1,
      "Points":[{"x":0.0,"y":0.0},{"x":0.0,"y":0.0}]
    },
    {
      "SourcePinAddress":{
        "PinID":1934042572,
        "PinOwnerID":1737833399
      },
      "TargetPinAddress":{
        "PinID":1059060280,
        "PinOwnerID":869275578
      },
      "ConnectionType":0,
      "ConnectedWireIndex":-1,
      "ConnectedWireSegmentIndex":-1,
      "Points":[{"x":0.0,"y":0.0},{"x":-4.25,"y":-1.8125},{"x":-4.25,"y":-2.0625},{"x":0.0,"y":0.0}]
    },
    {
      "SourcePinAddress":{
        "PinID":41096156,
        "PinOwnerID":869275578
      },
      "TargetPinAddress":{
        "PinID":0,
        "PinOwnerID":553602940
      },
      "ConnectionType":0,
      "ConnectedWireIndex":-1,
      "ConnectedWireSegmentIndex":-1,
      "Points":[{"x":0.0,"y":0.0},{"x":-2.0625,"y":-2.1875},{"x":-2.0625,"y":-1.4375},{"x":0.0,"y":0.0}]
    }
  ],
  "Displays": null
}