{
  "DLSVersion": "2.1.6",
  "Name": "ALU-3",
  "NameLocation": 0,
  "ChipType": 0,
  "Size": {
    "x": 0.875,
    "y": 1.75
  },
  "Colour": {
    "r": 0.5121942,
    "g": 0.04995165,
    "b": 0.42675364,
    "a": 1
  },
  "InputPins":[
    {
      "Name":"DATA",
      "ID":777538892,
      "Position":{
        "x":-4.25,
        "y":-0.5625
      },
      "BitCount":8,
      "Colour":0,
      "ValueDisplayMode":0
    },
    {
      "Name":"SAA",
      "ID":567052407,
      "Position":{
        "x":-4.25,
        "y":-1.0625
      },
      "BitCount":1,
      "Colour":3,
      "ValueDisplayMode":0
    },
    {
      "Name":"SAB",
      "ID":982175997,
      "Position":{
        "x":-4.25,
        "y":-1.5625
      },
      "BitCount":1,
      "Colour":3,
      "ValueDisplayMode":0
    },
    {
      "Name":"RAU",
      "ID":1932706713,
      "Position":{
        "x":-4.25,
        "y":-2.0625
      },
      "BitCount":1,
      "Colour":4,
      "ValueDisplayMode":0
    },
    {
      "Name":"CLK",
      "ID":189254798,
      "Position":{
        "x":-4.25,
        "y":-2.5625
      },
      "BitCount":1,
      "Colour":2,
      "ValueDisplayMode":0
    },
    {
      "Name":"SUB",
      "ID":2089556834,
      "Position":{
        "x":-4.25,
        "y":-3.0625
      },
      "BitCount":1,
      "Colour":5,
      "ValueDisplayMode":0
    }
  ],
  "OutputPins":[
    {
      "Name":"OUT",
      "ID":1520549759,
      "Position":{
        "x":9.75,
        "y":-0.6875
      },
      "BitCount":8,
      "Colour":0,
      "ValueDisplayMode":0
    }
  ],
  "SubChips":[
    {
      "Name":"8BUF",
      "ID":288295526,
      "Label":"",
      "Position":{
        "x":7.8725,
        "y":-0.6875
      },
      "OutputPinColourInfo":[{"PinColour":0,"PinID":1321101400}],
      "InternalData":null
    },
    {
      "Name":"ALU-1",
      "ID":1456942411,
      "Label":"",
      "Position":{
        "x":6.4475,
        "y":-0.9375
      },
      "OutputPinColourInfo":[{"PinColour":0,"PinID":693219258},{"PinColour":0,"PinID":957766586},{"PinColour":0,"PinID":738519111},{"PinColour":0,"PinID":2044926643}],
      "InternalData":null
    },
    {
      "Name":"8-BIT REGISTER",
      "ID":1198559053,
      "Label":"",
      "Position":{
        "x":-0.39,
        "y":-1.1875
      },
      "OutputPinColourInfo":[{"PinColour":0,"PinID":1787405944}],
      "InternalData":null
    },
    {
      "Name":"8-BIT REGISTER",
      "ID":553909233,
      "Label":"",
      "Position":{
        "x":-0.39,
        "y":-3.0625
      },
      "OutputPinColourInfo":[{"PinColour":0,"PinID":1787405944}],
      "InternalData":null
    }
  ],
  "Wires":[
    {
      "SourcePinAddress":{
        "PinID":693219258,
        "PinOwnerID":1456942411
      },
      "TargetPinAddress":{
        "PinID":514723583,
        "PinOwnerID":288295526
      },
      "ConnectionType":0,
      "ConnectedWireIndex":-1,
      "ConnectedWireSegmentIndex":-1,
      "Points":[{"x":0.0,"y":0.0},{"x":0.0,"y":0.0}]
    },
    {
      "SourcePinAddress":{
        "PinID":1321101400,
        "PinOwnerID":288295526
      },
      "TargetPinAddress":{
        "PinID":0,
        "PinOwnerID":1520549759
      },
      "ConnectionType":0,
      "ConnectedWireIndex":-1,
      "ConnectedWireSegmentIndex":-1,
      "Points":[{"x":0.0,"y":0.0},{"x":0.0,"y":0.0}]
    },
    {
      "SourcePinAddress":{
        "PinID":0,
        "PinOwnerID":777538892
      },
      "TargetPinAddress":{
        "PinID":1171991990,
        "PinOwnerID":1198559053
      },
      "ConnectionType":0,
      "ConnectedWireIndex":-1,
      "ConnectedWireSegmentIndex":-1,
      "Points":[{"x":0.0,"y":0.0},{"x":-1.75,"y":-0.5625},{"x":0.0,"y":0.0}]
    },
    {
      "SourcePinAddress":{
        "PinID":0,
        "PinOwnerID":777538892
      },
      "TargetPinAddress":{
        "PinID":1171991990,
        "PinOwnerID":553909233
      },
      "ConnectionType":1,
      "ConnectedWireIndex":2,
      "ConnectedWireSegmentIndex":0,
      "Points":[{"x":-2.375,"y":-0.5625},{"x":-2.375,"y":-2.4375},{"x":0.0,"y":0.0}]
    },
    {
      "SourcePinAddress":{
        "PinID":1787405944,
        "PinOwnerID":1198559053
      },
      "TargetPinAddress":{
        "PinID":929498511,
        "PinOwnerID":1456942411
      },
      "ConnectionType":0,
      "ConnectedWireIndex":-1,
      "ConnectedWireSegmentIndex":-1,
      "Points":[{"x":0.0,"y":0.0},{"x":0.845,"y":-0.5625},{"x":0.0,"y":0.0}]
    },
    {
      "SourcePinAddress":{
        "PinID":1787405944,
        "PinOwnerID":553909233
      },
      "TargetPinAddress":{
        "PinID":479805314,
        "PinOwnerID":1456942411
      },
      "ConnectionType":0,
      "ConnectedWireIndex":-1,
      "ConnectedWireSegmentIndex":-1,
      "Points":[{"x":0.0,"y":0.0},{"x":0.845,"y":-1.0625},{"x":0.0,"y":0.0}]
    },
    {
      "SourcePinAddress":{
        "PinID":0,
        "PinOwnerID":567052407
      },
      "TargetPinAddress":{
        "PinID":1560685193,
        "PinOwnerID":1198559053
      },
      "ConnectionType":0,
      "ConnectedWireIndex":-1,
      "ConnectedWireSegmentIndex":-1,
      "Points":[{"x":0.0,"y":0.0},{"x":-1.875,"y":-1.0625},{"x":-1.875,"y":-1.3125},{"x":0.0,"y":0.0}]
    },
    {
      "SourcePinAddress":{
        "PinID":0,
        "PinOwnerID":982175997
      },
      "TargetPinAddress":{
        "PinID":1560685193,
        "PinOwnerID":553909233
      },
      "ConnectionType":0,
      "ConnectedWireIndex":-1,
      "ConnectedWireSegmentIndex":-1,
      "Points":[{"x":0.0,"y":0.0},{"x":-1.875,"y":-1.5625},{"x":-1.875,"y":-3.1875},{"x":0.0,"y":0.0}]
    },
    {
      "SourcePinAddress":{
        "PinID":0,
        "PinOwnerID":1932706713
      },
      "TargetPinAddress":{
        "PinID":1497816961,
        "PinOwnerID":288295526
      },
      "ConnectionType":0,
      "ConnectedWireIndex":-1,
      "ConnectedWireSegmentIndex":-1,
      "Points":[{"x":0.0,"y":0.0},{"x":2.8125,"y":-2.0625},{"x":2.8125,"y":-0.9375},{"x":0.0,"y":0.0}]
    },
    {
      "SourcePinAddress":{
        "PinID":0,
        "PinOwnerID":189254798
      },
      "TargetPinAddress":{
        "PinID":1746065636,
        "PinOwnerID":553909233
      },
      "ConnectionType":0,
      "ConnectedWireIndex":-1,
      "ConnectedWireSegmentIndex":-1,
      "Points":[{"x":0.0,"y":0.0},{"x":-2.75,"y":-2.5625},{"x":-2.75,"y":-3.8125},{"x":0.0,"y":0.0}]
    },
    {
      "SourcePinAddress":{
        "PinID":0,
        "PinOwnerID":189254798
      },
      "TargetPinAddress":{
        "PinID":1746065636,
        "PinOwnerID":1198559053
      },
      "ConnectionType":1,
      "ConnectedWireIndex":9,
      "ConnectedWireSegmentIndex":1,
      "Points":[{"x":-2.75,"y":-2.625},{"x":-2.75,"y":-1.9375},{"x":0.0,"y":0.0}]
    },
    {
      "SourcePinAddress":{
        "PinID":0,
        "PinOwnerID":2089556834
      },
      "TargetPinAddress":{
        "PinID":890197340,
        "PinOwnerID":1456942411
      },
      "ConnectionType":0,
      "ConnectedWireIndex":-1,
      "ConnectedWireSegmentIndex":-1,
      "Points":[{"x":0.0,"y":0.0},{"x":5.8125,"y":-3.0625},{"x":5.8125,"y":-1.4375},{"x":0.0,"y":0.0}]
    }
  ],
  "Displays": null
}