{
  "DLSVersion": "2.1.6",
  "Name": "ALU-0",
  "NameLocation": 0,
  "ChipType": 0,
  "Size": {
    "x": 1.025,
    "y": 1.75
  },
  "Colour": {
    "r": 0.233191282,
    "g": 0.08098853,
    "b": 0.4569525,
    "a": 1
  },
  "InputPins":[
    {
      "Name":"A",
      "ID":929498511,
      "Position":{
        "x":-5.0,
        "y":-2.6875
      },
      "BitCount":8,
      "Colour":0,
      "ValueDisplayMode":0
    },
    {
      "Name":"-",
      "ID":890197340,
      "Position":{
        "x":-3.375,
        "y":-5.5625
      },
      "BitCount":1,
      "Colour":0,
      "ValueDisplayMode":0
    },
    {
      "Name":"+",
      "ID":1607120408,
      "Position":{
        "x":-3.375,
        "y":-6.0625
      },
      "BitCount":1,
      "Colour":0,
      "ValueDisplayMode":0
    },
    {
      "Name":"WRITE",
      "ID":1330365567,
      "Position":{
        "x":-3.375,
        "y":-6.5625
      },
      "BitCount":1,
      "Colour":0,
      "ValueDisplayMode":0
    },
    {
      "Name":"READ",
      "ID":1976807579,
      "Position":{
        "x":-3.375,
        "y":-7.0625
      },
      "BitCount":1,
      "Colour":0,
      "ValueDisplayMode":0
    },
    {
      "Name":"CLK",
      "ID":1465078024,
      "Position":{
        "x":-3.375,
        "y":-7.5625
      },
      "BitCount":1,
      "Colour":2,
      "ValueDisplayMode":0
    }
  ],
  "OutputPins":[
    {
      "Name":"OUT",
      "ID":693219258,
      "Position":{
        "x":5.0,
        "y":-4.1875
      },
      "BitCount":8,
      "Colour":0,
      "ValueDisplayMode":0
    }
  ],
  "SubChips":[
    {
      "Name":"NEGATE",
      "ID":1163046771,
      "Label":"",
      "Position":{
        "x":-0.8525,
        "y":-4.6875
      },
      "OutputPinColourInfo":[{"PinColour":0,"PinID":1552714108}],
      "InternalData":null
    },
    {
      "Name":"8ADD",
      "ID":1315635225,
      "Label":"",
      "Position":{
        "x":0.4475,
        "y":-4.5625
      },
      "OutputPinColourInfo":[{"PinColour":0,"PinID":572187979},{"PinColour":0,"PinID":3129408}],
      "InternalData":null
    },
    {
      "Name":"1-8BIT",
      "ID":159184041,
      "Label":"",
      "Position":{
        "x":-4.4275,
        "y":-4.8125
      },
      "OutputPinColourInfo":[{"PinColour":0,"PinID":8}],
      "InternalData":null
    },
    {
      "Name":"8-BIT REGISTER",
      "ID":1280099385,
      "Label":"",
      "Position":{
        "x":-2.265,
        "y":-3.3125
      },
      "OutputPinColourInfo":[{"PinColour":0,"PinID":1787405944}],
      "InternalData":null
    },
    {
      "Name":"8BUF",
      "ID":1472520224,
      "Label":"",
      "Position":{
        "x":1.7475,
        "y":-4.3125
      },
      "OutputPinColourInfo":[{"PinColour":0,"PinID":1321101400}],
      "InternalData":null
    }
  ],
  "Wires":[
    {
      "SourcePinAddress":{
        "PinID":1552714108,
        "PinOwnerID":1163046771
      },
      "TargetPinAddress":{
        "PinID":2024689954,
        "PinOwnerID":1315635225
      },
      "ConnectionType":0,
      "ConnectedWireIndex":-1,
      "ConnectedWireSegmentIndex":-1,
      "Points":[{"x":0.0,"y":0.0},{"x":0.0,"y":0.0}]
    },
    {
      "SourcePinAddress":{
        "PinID":0,
        "PinOwnerID":890197340
      },
      "TargetPinAddress":{
        "PinID":958202752,
        "PinOwnerID":1163046771
      },
      "ConnectionType":0,
      "ConnectedWireIndex":-1,
      "ConnectedWireSegmentIndex":-1,
      "Points":[{"x":0.0,"y":0.0},{"x":-1.91409,"y":-5.42709},{"x":-1.94006,"y":-4.4375},{"x":0.0,"y":0.0}]
    },
    {
      "SourcePinAddress":{
        "PinID":8,
        "PinOwnerID":159184041
      },
      "TargetPinAddress":{
        "PinID":1053646936,
        "PinOwnerID":1163046771
      },
      "ConnectionType":0,
      "ConnectedWireIndex":-1,
      "ConnectedWireSegmentIndex":-1,
      "Points":[{"x":0.0,"y":0.0},{"x":0.0,"y":0.0}]
    },
    {
      "SourcePinAddress":{
        "PinID":0,
        "PinOwnerID":890197340
      },
      "TargetPinAddress":{
        "PinID":7,
        "PinOwnerID":159184041
      },
      "ConnectionType":1,
      "ConnectedWireIndex":1,
      "ConnectedWireSegmentIndex":1,
      "Points":[{"x":-1.91875,"y":-5.24951},{"x":0.0,"y":0.0}]
    },
    {
      "SourcePinAddress":{
        "PinID":0,
        "PinOwnerID":1607120408
      },
      "TargetPinAddress":{
        "PinID":599892718,
        "PinOwnerID":1315635225
      },
      "ConnectionType":0,
      "ConnectedWireIndex":-1,
      "ConnectedWireSegmentIndex":-1,
      "Points":[{"x":0.0,"y":0.0},{"x":0.0,"y":0.0}]
    },
    {
      "SourcePinAddress":{
        "PinID":0,
        "PinOwnerID":929498511
      },
      "TargetPinAddress":{
        "PinID":1171991990,
        "PinOwnerID":1280099385
      },
      "ConnectionType":0,
      "ConnectedWireIndex":-1,
      "ConnectedWireSegmentIndex":-1,
      "Points":[{"x":0.0,"y":0.0},{"x":0.0,"y":0.0}]
    },
    {
      "SourcePinAddress":{
        "PinID":1787405944,
        "PinOwnerID":1280099385
      },
      "TargetPinAddress":{
        "PinID":520004634,
        "PinOwnerID":1315635225
      },
      "ConnectionType":0,
      "ConnectedWireIndex":-1,
      "ConnectedWireSegmentIndex":-1,
      "Points":[{"x":0.0,"y":0.0},{"x":0.0,"y":0.0}]
    },
    {
      "SourcePinAddress":{
        "PinID":572187979,
        "PinOwnerID":1315635225
      },
      "TargetPinAddress":{
        "PinID":514723583,
        "PinOwnerID":1472520224
      },
      "ConnectionType":0,
      "ConnectedWireIndex":-1,
      "ConnectedWireSegmentIndex":-1,
      "Points":[{"x":0.0,"y":0.0},{"x":0.0,"y":0.0}]
    },
    {
      "SourcePinAddress":{
        "PinID":1321101400,
        "PinOwnerID":1472520224
      },
      "TargetPinAddress":{
        "PinID":0,
        "PinOwnerID":693219258
      },
      "ConnectionType":0,
      "ConnectedWireIndex":-1,
      "ConnectedWireSegmentIndex":-1,
      "Points":[{"x":0.0,"y":0.0},{"x":0.0,"y":0.0}]
    },
    {
      "SourcePinAddress":{
        "PinID":0,
        "PinOwnerID":1330365567
      },
      "TargetPinAddress":{
        "PinID":1560685193,
        "PinOwnerID":1280099385
      },
      "ConnectionType":0,
      "ConnectedWireIndex":-1,
      "ConnectedWireSegmentIndex":-1,
      "Points":[{"x":0.0,"y":0.0},{"x":0.0,"y":0.0}]
    },
    {
      "SourcePinAddress":{
        "PinID":0,
        "PinOwnerID":1976807579
      },
      "TargetPinAddress":{
        "PinID":1497816961,
        "PinOwnerID":1472520224
      },
      "ConnectionType":0,
      "ConnectedWireIndex":-1,
      "ConnectedWireSegmentIndex":-1,
      "Points":[{"x":0.0,"y":0.0},{"x":0.0,"y":0.0}]
    },
    {
      "SourcePinAddress":{
        "PinID":0,
        "PinOwnerID":1465078024
      },
      "TargetPinAddress":{
        "PinID":1746065636,
        "PinOwnerID":1280099385
      },
      "ConnectionType":0,
      "ConnectedWireIndex":-1,
      "ConnectedWireSegmentIndex":-1,
      "Points":[{"x":0.0,"y":0.0},{"x":0.0,"y":0.0}]
    }
  ],
  "Displays": null
}