{
  "DLSVersion": "2.1.6",
  "Name": "ALU",
  "NameLocation": 0,
  "ChipType": 0,
  "Size": {
    "x": 0.575,
    "y": 1.125
  },
  "Colour": {
    "r": 0.347371936,
    "g": 1.0,
    "b": 0.0,
    "a": 1
  },
  "InputPins":[
    {
      "Name":"IN A",
      "ID":451127694,
      "Position":{
        "x":-9.875,
        "y":1.5625
      },
      "BitCount":4,
      "Colour":0,
      "ValueDisplayMode":0
    },
    {
      "Name":"IN B",
      "ID":767454520,
      "Position":{
        "x":-9.875,
        "y":0.25
      },
      "BitCount":4,
      "Colour":0,
      "ValueDisplayMode":0
    },
    {
      "Name":"SUBTRACT",
      "ID":1136263935,
      "Position":{
        "x":-9.375,
        "y":-2.6875
      },
      "BitCount":1,
      "Colour":0,
      "ValueDisplayMode":0
    }
  ],
  "OutputPins":[
    {
      "Name":"OUT",
      "ID":1774765796,
      "Position":{
        "x":0.375,
        "y":1.0
      },
      "BitCount":4,
      "Colour":0,
      "ValueDisplayMode":0
    },
    {
      "Name":"CARRY",
      "ID":372984911,
      "Position":{
        "x":2.0,
        "y":-0.1875
      },
      "BitCount":1,
      "Colour":0,
      "ValueDisplayMode":0
    },
    {
      "Name":"NEGATIVE",
      "ID":548848063,
      "Position":{
        "x":2.0,
        "y":-0.6875
      },
      "BitCount":1,
      "Colour":0,
      "ValueDisplayMode":0
    },
    {
      "Name":"ZEROSUM",
      "ID":1634976863,
      "Position":{
        "x":2.0,
        "y":-1.1875
      },
      "BitCount":1,
      "Colour":0,
      "ValueDisplayMode":0
    }
  ],
  "SubChips":[
    {
      "Name":"4-BIT ADDER",
      "ID":830003337,
      "Label":"",
      "Position":{
        "x":-4.1025,
        "y":0.6875
      },
      "OutputPinColourInfo":[{"PinColour":0,"PinID":921799949},{"PinColour":0,"PinID":1545428429}],
      "InternalData":null
    },
    {
      "Name":"4-1BIT",
      "ID":1244461554,
      "Label":"",
      "Position":{
        "x":-8.3025,
        "y":0.25
      },
      "OutputPinColourInfo":[{"PinColour":0,"PinID":1},{"PinColour":0,"PinID":2},{"PinColour":0,"PinID":3},{"PinColour":0,"PinID":4}],
      "InternalData":null
    },
    {
      "Name":"XOR",
      "ID":1279844950,
      "Label":"",
      "Position":{
        "x":-6.5775,
        "y":0.75
      },
      "OutputPinColourInfo":[{"PinColour":0,"PinID":41096156}],
      "InternalData":null
    },
    {
      "Name":"XOR",
      "ID":1382527035,
      "Label":"",
      "Position":{
        "x":-6.5775,
        "y":0.125
      },
      "OutputPinColourInfo":[{"PinColour":0,"PinID":41096156}],
      "InternalData":null
    },
    {
      "Name":"XOR",
      "ID":1154811333,
      "Label":"",
      "Position":{
        "x":-6.5775,
        "y":-0.5
      },
      "OutputPinColourInfo":[{"PinColour":0,"PinID":41096156}],
      "InternalData":null
    },
    {
      "Name":"XOR",
      "ID":634413013,
      "Label":"",
      "Position":{
        "x":-6.5775,
        "y":-1.125
      },
      "OutputPinColourInfo":[{"PinColour":0,"PinID":41096156}],
      "InternalData":null
    },
    {
      "Name":"1-4BIT",
      "ID":720459133,
      "Label":"",
      "Position":{
        "x":-5.4275,
        "y":0.625
      },
      "OutputPinColourInfo":[{"PinColour":0,"PinID":4}],
      "InternalData":null
    },
    {
      "Name":"4-1BIT",
      "ID":20809287,
      "Label":"",
      "Position":{
        "x":-2.1775,
        "y":1.5625
      },
      "OutputPinColourInfo":[{"PinColour":0,"PinID":1},{"PinColour":0,"PinID":2},{"PinColour":0,"PinID":3},{"PinColour":0,"PinID":4}],
      "InternalData":null
    },
    {
      "Name":"NOT",
      "ID":1654444000,
      "Label":"",
      "Position":{
        "x":-1.765,
        "y":-1.25
      },
      "OutputPinColourInfo":[{"PinColour":0,"PinID":722248817}],
      "InternalData":null
    },
    {
      "Name":"NOT",
      "ID":1225601510,
      "Label":"",
      "Position":{
        "x":-1.765,
        "y":-1.75
      },
      "OutputPinColourInfo":[{"PinColour":0,"PinID":722248817}],
      "InternalData":null
    },
    {
      "Name":"NOT",
      "ID":1339867221,
      "Label":"",
      "Position":{
        "x":-1.765,
        "y":-2.25
      },
      "OutputPinColourInfo":[{"PinColour":0,"PinID":722248817}],
      "InternalData":null
    },
    {
      "Name":"NOT",
      "ID":475999127,
      "Label":"",
      "Position":{
        "x":-1.765,
        "y":-2.75
      },
      "OutputPinColourInfo":[{"PinColour":0,"PinID":722248817}],
      "InternalData":null
    },
    {
      "Name":"AND",
      "ID":528777618,
      "Label":"",
      "Position":{
        "x":-0.5775,
        "y":-1.5
      },
      "OutputPinColourInfo":[{"PinColour":0,"PinID":1934042572}],
      "InternalData":null
    },
    {
      "Name":"AND",
      "ID":1181856600,
      "Label":"",
      "Position":{
        "x":-0.5775,
        "y":-2.4375
      },
      "OutputPinColourInfo":[{"PinColour":0,"PinID":1934042572}],
      "InternalData":null
    },
    {
      "Name":"AND",
      "ID":1524904627,
      "Label":"",
      "Position":{
        "x":0.4225,
        "y":-1.9375
      },
      "OutputPinColourInfo":[{"PinColour":0,"PinID":1934042572}],
      "InternalData":null
    }
  ],
  "Wires":[
    {
      "SourcePinAddress":{
        "PinID":0,
        "PinOwnerID":451127694
      },
      "TargetPinAddress":{
        "PinID":932868993,
        "PinOwnerID":830003337
      },
      "ConnectionType":0,
      "ConnectedWireIndex":-1,
      "ConnectedWireSegmentIndex":-1,
      "Points":[{"x":0.0,"y":0.0},{"x":-4.875,"y":1.5625},{"x":-4.875,"y":1.0},{"x":0.0,"y":0.0}]
    },
    {
      "SourcePinAddress":{
        "PinID":0,
        "PinOwnerID":767454520
      },
      "TargetPinAddress":{
        "PinID":0,
        "PinOwnerID":1244461554
      },
      "ConnectionType":0,
      "ConnectedWireIndex":-1,
      "ConnectedWireSegmentIndex":-1,
      "Points":[{"x":0.0,"y":0.0},{"x":0.0,"y":0.0}]
    },
    {
      "SourcePinAddress":{
        "PinID":1,
        "PinOwnerID":1244461554
      },
      "TargetPinAddress":{
        "PinID":1059060280,
        "PinOwnerID":1279844950
      },
      "ConnectionType":0,
      "ConnectedWireIndex":-1,
      "ConnectedWireSegmentIndex":-1,
      "Points":[{"x":0.0,"y":0.0},{"x":0.0,"y":0.0}]
    },
    {
      "SourcePinAddress":{
        "PinID":2,
        "PinOwnerID":1244461554
      },
      "TargetPinAddress":{
        "PinID":1059060280,
        "PinOwnerID":1382527035
      },
      "ConnectionType":0,
      "ConnectedWireIndex":-1,
      "ConnectedWireSegmentIndex":-1,
      "Points":[{"x":0.0,"y":0.0},{"x":0.0,"y":0.0}]
    },
    {
      "SourcePinAddress":{
        "PinID":3,
        "PinOwnerID":1244461554
      },
      "TargetPinAddress":{
        "PinID":1059060280,
        "PinOwnerID":1154811333
      },
      "ConnectionType":0,
      "ConnectedWireIndex":-1,
      "ConnectedWireSegmentIndex":-1,
      "Points":[{"x":0.0,"y":0.0},{"x":0.0,"y":0.0}]
    },
    {
      "SourcePinAddress":{
        "PinID":4,
        "PinOwnerID":1244461554
      },
      "TargetPinAddress":{
        "PinID":1059060280,
        "PinOwnerID":634413013
      },
      "ConnectionType":0,
      "ConnectedWireIndex":-1,
      "ConnectedWireSegmentIndex":-1,
      "Points":[{"x":0.0,"y":0.0},{"x":0.0,"y":0.0}]
    },
    {
      "SourcePinAddress":{
        "PinID":0,
        "PinOwnerID":1136263935
      },
      "TargetPinAddress":{
        "PinID":198837197,
        "PinOwnerID":1279844950
      },
      "ConnectionType":0,
      "ConnectedWireIndex":-1,
      "ConnectedWireSegmentIndex":-1,
      "Points":[{"x":0.0,"y":0.0},{"x":-7.25,"y":-2.6875},{"x":-7.25,"y":0.625},{"x":0.0,"y":0.0}]
    },
    {
      "SourcePinAddress":{
        "PinID":0,
        "PinOwnerID":1136263935
      },
      "TargetPinAddress":{
        "PinID":198837197,
        "PinOwnerID":1382527035
      },
      "ConnectionType":1,
      "ConnectedWireIndex":6,
      "ConnectedWireSegmentIndex":1,
      "Points":[{"x":-7.25,"y":0.0},{"x":0.0,"y":0.0}]
    },
    {
      "SourcePinAddress":{
        "PinID":0,
        "PinOwnerID":1136263935
      },
      "TargetPinAddress":{
        "PinID":198837197,
        "PinOwnerID":1154811333
      },
      "ConnectionType":1,
      "ConnectedWireIndex":6,
      "ConnectedWireSegmentIndex":1,
      "Points":[{"x":-7.25,"y":-0.625},{"x":0.0,"y":0.0}]
    },
    {
      "SourcePinAddress":{
        "PinID":0,
        "PinOwnerID":1136263935
      },
      "TargetPinAddress":{
        "PinID":198837197,
        "PinOwnerID":634413013
      },
      "ConnectionType":1,
      "ConnectedWireIndex":6,
      "ConnectedWireSegmentIndex":1,
      "Points":[{"x":-7.25,"y":-1.25},{"x":0.0,"y":0.0}]
    },
    {
      "SourcePinAddress":{
        "PinID":4,
        "PinOwnerID":720459133
      },
      "TargetPinAddress":{
        "PinID":1510848574,
        "PinOwnerID":830003337
      },
      "ConnectionType":0,
      "ConnectedWireIndex":-1,
      "ConnectedWireSegmentIndex":-1,
      "Points":[{"x":0.0,"y":0.0},{"x":0.0,"y":0.0}]
    },
    {
      "SourcePinAddress":{
        "PinID":41096156,
        "PinOwnerID":1279844950
      },
      "TargetPinAddress":{
        "PinID":0,
        "PinOwnerID":720459133
      },
      "ConnectionType":0,
      "ConnectedWireIndex":-1,
      "ConnectedWireSegmentIndex":-1,
      "Points":[{"x":0.0,"y":0.0},{"x":0.0,"y":0.0}]
    },
    {
      "SourcePinAddress":{
        "PinID":41096156,
        "PinOwnerID":1382527035
      },
      "TargetPinAddress":{
        "PinID":1,
        "PinOwnerID":720459133
      },
      "ConnectionType":0,
      "ConnectedWireIndex":-1,
      "ConnectedWireSegmentIndex":-1,
      "Points":[{"x":0.0,"y":0.0},{"x":0.0,"y":0.0}]
    },
    {
      "SourcePinAddress":{
        "PinID":41096156,
        "PinOwnerID":1154811333
      },
      "TargetPinAddress":{
        "PinID":2,
        "PinOwnerID":720459133
      },
      "ConnectionType":0,
      "ConnectedWireIndex":-1,
      "ConnectedWireSegmentIndex":-1,
      "Points":[{"x":0.0,"y":0.0},{"x":0.0,"y":0.0}]
    },
    {
      "SourcePinAddress":{
        "PinID":41096156,
        "PinOwnerID":634413013
      },
      "TargetPinAddress":{
        "PinID":3,
        "PinOwnerID":720459133
      },
      "ConnectionType":0,
      "ConnectedWireIndex":-1,
      "ConnectedWireSegmentIndex":-1,
      "Points":[{"x":0.0,"y":0.0},{"x":0.0,"y":0.0}]
    },
    {
      "SourcePinAddress":{
        "PinID":0,
        "PinOwnerID":1136263935
      },
      "TargetPinAddress":{
        "PinID":767098531,
        "PinOwnerID":830003337
      },
      "ConnectionType":1,
      "ConnectedWireIndex":6,
      "ConnectedWireSegmentIndex":1,
      "Points":[{"x":-7.25,"y":-1.8125},{"x":-4.625,"y":-1.8125},{"x":0.0,"y":0.0}]
    },
    {
      "SourcePinAddress":{
        "PinID":921799949,
        "PinOwnerID":830003337
      },
      "TargetPinAddress":{
        "PinID":0,
        "PinOwnerID":1774765796
      },
      "ConnectionType":0,
      "ConnectedWireIndex":-1,
      "ConnectedWireSegmentIndex":-1,
      "Points":[{"x":0.0,"y":0.0},{"x":0.0,"y":0.0}]
    },
    {
      "SourcePinAddress":{
        "PinID":921799949,
        "PinOwnerID":830003337
      },
      "TargetPinAddress":{
        "PinID":0,
        "PinOwnerID":20809287
      },
      "ConnectionType":1,
      "ConnectedWireIndex":16,
      "ConnectedWireSegmentIndex":0,
      "Points":[{"x":-3.1875,"y":1.0},{"x":-3.1875,"y":1.5625},{"x":0.0,"y":0.0}]
    },
    {
      "SourcePinAddress":{
        "PinID":1,
        "PinOwnerID":20809287
      },
      "TargetPinAddress":{
        "PinID":0,
        "PinOwnerID":548848063
      },
      "ConnectionType":0,
      "ConnectedWireIndex":-1,
      "ConnectedWireSegmentIndex":-1,
      "Points":[{"x":0.0,"y":0.0},{"x":-1.0625,"y":1.9375},{"x":-1.0625,"y":0.1875},{"x":-1.6875,"y":0.1875},{"x":-1.6875,"y":-0.6875},{"x":0.0,"y":0.0}]
    },
    {
      "SourcePinAddress":{
        "PinID":1545428429,
        "PinOwnerID":830003337
      },
      "TargetPinAddress":{
        "PinID":0,
        "PinOwnerID":372984911
      },
      "ConnectionType":0,
      "ConnectedWireIndex":-1,
      "ConnectedWireSegmentIndex":-1,
      "Points":[{"x":0.0,"y":0.0},{"x":-3.3125,"y":0.3125},{"x":-3.3125,"y":-0.1875},{"x":0.0,"y":0.0}]
    },
    {
      "SourcePinAddress":{
        "PinID":1934042572,
        "PinOwnerID":1524904627
      },
      "TargetPinAddress":{
        "PinID":0,
        "PinOwnerID":1634976863
      },
      "ConnectionType":0,
      "ConnectedWireIndex":-1,
      "ConnectedWireSegmentIndex":-1,
      "Points":[{"x":0.0,"y":0.0},{"x":1.0,"y":-1.9375},{"x":1.0,"y":-1.1875},{"x":0.0,"y":0.0}]
    },
    {
      "SourcePinAddress":{
        "PinID":1,
        "PinOwnerID":20809287
      },
      "TargetPinAddress":{
        "PinID":71014366,
        "PinOwnerID":1654444000
      },
      "ConnectionType":1,
      "ConnectedWireIndex":18,
      "ConnectedWireSegmentIndex":3,
      "Points":[{"x":-1.6875,"y":0.0625},{"x":-2.375,"y":0.0625},{"x":-2.375,"y":-1.25},{"x":0.0,"y":0.0}]
    },
    {
      "SourcePinAddress":{
        "PinID":2,
        "PinOwnerID":20809287
      },
      "TargetPinAddress":{
        "PinID":71014366,
        "PinOwnerID":1225601510
      },
      "ConnectionType":0,
      "ConnectedWireIndex":-1,
      "ConnectedWireSegmentIndex":-1,
      "Points":[{"x":0.0,"y":0.0},{"x":-1.25,"y":1.6875},{"x":-1.25,"y":0.5},{"x":-2.5625,"y":0.5},{"x":-2.5625,"y":-1.75},{"x":0.0,"y":0.0}]
    },
    {
      "SourcePinAddress":{
        "PinID":3,
        "PinOwnerID":20809287
      },
      "TargetPinAddress":{
        "PinID":71014366,
        "PinOwnerID":1339867221
      },
      "ConnectionType":0,
      "ConnectedWireIndex":-1,
      "ConnectedWireSegmentIndex":-1,
      "Points":[{"x":0.0,"y":0.0},{"x":-1.375,"y":1.4375},{"x":-1.375,"y":0.625},{"x":-2.875,"y":0.625},{"x":-2.875,"y":-2.25},{"x":0.0,"y":0.0}]
    },
    {
      "SourcePinAddress":{
        "PinID":4,
        "PinOwnerID":20809287
      },
      "TargetPinAddress":{
        "PinID":71014366,
        "PinOwnerID":475999127
      },
      "ConnectionType":0,
      "ConnectedWireIndex":-1,
      "ConnectedWireSegmentIndex":-1,
      "Points":[{"x":0.0,"y":0.0},{"x":-1.4375,"y":1.1875},{"x":-1.4375,"y":0.8125},{"x":-3.0625,"y":0.8125},{"x":-3.0625,"y":-2.75},{"x":0.0,"y":0.0}]
    },
    {
      "SourcePinAddress":{
        "PinID":722248817,
        "PinOwnerID":475999127
      },
      "TargetPinAddress":{
        "PinID":1522459734,
        "PinOwnerID":1181856600
      },
      "ConnectionType":0,
      "ConnectedWireIndex":-1,
      "ConnectedWireSegmentIndex":-1,
      "Points":[{"x":0.0,"y":0.0},{"x":0.0,"y":0.0}]
    },
    {
      "SourcePinAddress":{
        "PinID":722248817,
        "PinOwnerID":1339867221
      },
      "TargetPinAddress":{
        "PinID":818357688,
        "PinOwnerID":1181856600
      },
      "ConnectionType":0,
      "ConnectedWireIndex":-1,
      "ConnectedWireSegmentIndex":-1,
      "Points":[{"x":0.0,"y":0.0},{"x":0.0,"y":0.0}]
    },
    {
      "SourcePinAddress":{
        "PinID":722248817,
        "PinOwnerID":1225601510
      },
      "TargetPinAddress":{
        "PinID":1522459734,
        "PinOwnerID":528777618
      },
      "ConnectionType":0,
      "ConnectedWireIndex":-1,
      "ConnectedWireSegmentIndex":-1,
      "Points":[{"x":0.0,"y":0.0},{"x":0.0,"y":0.0}]
    },
    {
      "SourcePinAddress":{
        "PinID":722248817,
        "PinOwnerID":1654444000
      },
      "TargetPinAddress":{
        "PinID":818357688,
        "PinOwnerID":528777618
      },
      "ConnectionType":0,
      "ConnectedWireIndex":-1,
      "ConnectedWireSegmentIndex":-1,
      "Points":[{"x":0.0,"y":0.0},{"x":0.0,"y":0.0}]
    },
    {
      "SourcePinAddress":{
        "PinID":1934042572,
        "PinOwnerID":528777618
      },
      "TargetPinAddress":{
        "PinID":818357688,
        "PinOwnerID":1524904627
      },
      "ConnectionType":0,
      "ConnectedWireIndex":-1,
      "ConnectedWireSegmentIndex":-1,
      "Points":[{"x":0.0,"y":0.0},{"x":0.0,"y":0.0}]
    },
    {
      "SourcePinAddress":{
        "PinID":1934042572,
        "PinOwnerID":1181856600
      },
      "TargetPinAddress":{
        "PinID":1522459734,
        "PinOwnerID":1524904627
      },
      "ConnectionType":0,
      "ConnectedWireIndex":-1,
      "ConnectedWireSegmentIndex":-1,
      "Points":[{"x":0.0,"y":0.0},{"x":0.0,"y":0.0}]
    }
  ],
  "Displays":[]
}