{
  "DLSVersion": "2.1.6",
  "Name": "BUS BUFFER",
  "NameLocation": 0,
  "ChipType": 0,
  "Size": {
    "x": 1.1,
    "y": 0.625
  },
  "Colour": {
    "r": 0.0,
    "g": 0.0,
    "b": 0.0,
    "a": 1
  },
  "InputPins":[
    {
      "Name":"IN",
      "ID":1857830482,
      "Position":{
        "x":-8.125,
        "y":1.6875
      },
      "BitCount":4,
      "Colour":0,
      "ValueDisplayMode":0
    },
    {
      "Name":"ENABLE",
      "ID":2116089510,
      "Position":{
        "x":-8.125,
        "y":1.1875
      },
      "BitCount":1,
      "Colour":0,
      "ValueDisplayMode":0
    }
  ],
  "OutputPins":[
    {
      "Name":"OUT",
      "ID":1946253703,
      "Position":{
        "x":5.375,
        "y":1.0
      },
      "BitCount":4,
      "Colour":0,
      "ValueDisplayMode":0
    }
  ],
  "SubChips":[
    {
      "Name":"3-STATE BUFFER",
      "ID":1494339052,
      "Label":"",
      "Position":{
        "x":-1.5,
        "y":1.8125
      },
      "OutputPinColourInfo":[{"PinColour":0,"PinID":2}],
      "InternalData":null
    },
    {
      "Name":"3-STATE BUFFER",
      "ID":1476692704,
      "Label":"",
      "Position":{
        "x":-1.5,
        "y":1.0625
      },
      "OutputPinColourInfo":[{"PinColour":0,"PinID":2}],
      "InternalData":null
    },
    {
      "Name":"3-STATE BUFFER",
      "ID":1205979231,
      "Label":"",
      "Position":{
        "x":-1.5,
        "y":0.3125
      },
      "OutputPinColourInfo":[{"PinColour":0,"PinID":2}],
      "InternalData":null
    },
    {
      "Name":"3-STATE BUFFER",
      "ID":2086666939,
      "Label":"",
      "Position":{
        "x":-1.5,
        "y":-0.4375
      },
      "OutputPinColourInfo":[{"PinColour":0,"PinID":2}],
      "InternalData":null
    },
    {
      "Name":"4-1BIT",
      "ID":375924476,
      "Label":"",
      "Position":{
        "x":-6.3025,
        "y":2.0625
      },
      "OutputPinColourInfo":[{"PinColour":0,"PinID":1},{"PinColour":0,"PinID":2},{"PinColour":0,"PinID":3},{"PinColour":0,"PinID":4}],
      "InternalData":null
    },
    {
      "Name":"1-4BIT",
      "ID":10860015,
      "Label":"",
      "Position":{
        "x":2.3225,
        "y":1.0
      },
      "OutputPinColourInfo":[{"PinColour":0,"PinID":4}],
      "InternalData":null
    }
  ],
  "Wires":[
    {
      "SourcePinAddress":{
        "PinID":0,
        "PinOwnerID":1857830482
      },
      "TargetPinAddress":{
        "PinID":0,
        "PinOwnerID":375924476
      },
      "ConnectionType":0,
      "ConnectedWireIndex":-1,
      "ConnectedWireSegmentIndex":-1,
      "Points":[{"x":0.0,"y":0.0},{"x":-7.25,"y":1.6875},{"x":-7.25,"y":2.0625},{"x":0.0,"y":0.0}]
    },
    {
      "SourcePinAddress":{
        "PinID":0,
        "PinOwnerID":2116089510
      },
      "TargetPinAddress":{
        "PinID":1,
        "PinOwnerID":1494339052
      },
      "ConnectionType":0,
      "ConnectedWireIndex":-1,
      "ConnectedWireSegmentIndex":-1,
      "Points":[{"x":0.0,"y":0.0},{"x":-3.3125,"y":1.1875},{"x":-3.3125,"y":1.625},{"x":0.0,"y":0.0}]
    },
    {
      "SourcePinAddress":{
        "PinID":1,
        "PinOwnerID":375924476
      },
      "TargetPinAddress":{
        "PinID":0,
        "PinOwnerID":1494339052
      },
      "ConnectionType":0,
      "ConnectedWireIndex":-1,
      "ConnectedWireSegmentIndex":-1,
      "Points":[{"x":0.0,"y":0.0},{"x":-3.9375,"y":2.4375},{"x":-3.9375,"y":2.0},{"x":0.0,"y":0.0}]
    },
    {
      "SourcePinAddress":{
        "PinID":2,
        "PinOwnerID":375924476
      },
      "TargetPinAddress":{
        "PinID":0,
        "PinOwnerID":1476692704
      },
      "ConnectionType":0,
      "ConnectedWireIndex":-1,
      "ConnectedWireSegmentIndex":-1,
      "Points":[{"x":0.0,"y":0.0},{"x":-4.4375,"y":2.1875},{"x":-4.4375,"y":1.0625},{"x":-3.1875,"y":1.0625},{"x":-3.1875,"y":1.1875},{"x":-2.75,"y":1.1875},{"x":-2.75,"y":1.25},{"x":0.0,"y":0.0}]
    },
    {
      "SourcePinAddress":{
        "PinID":3,
        "PinOwnerID":375924476
      },
      "TargetPinAddress":{
        "PinID":0,
        "PinOwnerID":1205979231
      },
      "ConnectionType":0,
      "ConnectedWireIndex":-1,
      "ConnectedWireSegmentIndex":-1,
      "Points":[{"x":0.0,"y":0.0},{"x":-4.875,"y":1.9375},{"x":-4.875,"y":0.5},{"x":0.0,"y":0.0}]
    },
    {
      "SourcePinAddress":{
        "PinID":4,
        "PinOwnerID":375924476
      },
      "TargetPinAddress":{
        "PinID":0,
        "PinOwnerID":2086666939
      },
      "ConnectionType":0,
      "ConnectedWireIndex":-1,
      "ConnectedWireSegmentIndex":-1,
      "Points":[{"x":0.0,"y":0.0},{"x":-5.0625,"y":1.6875},{"x":-5.0625,"y":-0.25},{"x":0.0,"y":0.0}]
    },
    {
      "SourcePinAddress":{
        "PinID":0,
        "PinOwnerID":2116089510
      },
      "TargetPinAddress":{
        "PinID":1,
        "PinOwnerID":2086666939
      },
      "ConnectionType":1,
      "ConnectedWireIndex":1,
      "ConnectedWireSegmentIndex":0,
      "Points":[{"x":-5.75,"y":1.1875},{"x":-5.75,"y":-0.625},{"x":0.0,"y":0.0}]
    },
    {
      "SourcePinAddress":{
        "PinID":0,
        "PinOwnerID":2116089510
      },
      "TargetPinAddress":{
        "PinID":1,
        "PinOwnerID":1205979231
      },
      "ConnectionType":1,
      "ConnectedWireIndex":6,
      "ConnectedWireSegmentIndex":1,
      "Points":[{"x":-3.0625,"y":-0.625},{"x":-3.0625,"y":0.125},{"x":0.0,"y":0.0}]
    },
    {
      "SourcePinAddress":{
        "PinID":0,
        "PinOwnerID":2116089510
      },
      "TargetPinAddress":{
        "PinID":1,
        "PinOwnerID":1476692704
      },
      "ConnectionType":1,
      "ConnectedWireIndex":7,
      "ConnectedWireSegmentIndex":1,
      "Points":[{"x":-2.5625,"y":0.125},{"x":-2.5625,"y":0.875},{"x":0.0,"y":0.0}]
    },
    {
      "SourcePinAddress":{
        "PinID":2,
        "PinOwnerID":1494339052
      },
      "TargetPinAddress":{
        "PinID":0,
        "PinOwnerID":10860015
      },
      "ConnectionType":0,
      "ConnectedWireIndex":-1,
      "ConnectedWireSegmentIndex":-1,
      "Points":[{"x":0.0,"y":0.0},{"x":0.9375,"y":1.8125},{"x":0.9375,"y":1.375},{"x":0.0,"y":0.0}]
    },
    {
      "SourcePinAddress":{
        "PinID":2,
        "PinOwnerID":1476692704
      },
      "TargetPinAddress":{
        "PinID":1,
        "PinOwnerID":10860015
      },
      "ConnectionType":0,
      "ConnectedWireIndex":-1,
      "ConnectedWireSegmentIndex":-1,
      "Points":[{"x":0.0,"y":0.0},{"x":1.125,"y":1.0625},{"x":1.125,"y":1.125},{"x":0.0,"y":0.0}]
    },
    {
      "SourcePinAddress":{
        "PinID":2,
        "PinOwnerID":1205979231
      },
      "TargetPinAddress":{
        "PinID":2,
        "PinOwnerID":10860015
      },
      "ConnectionType":0,
      "ConnectedWireIndex":-1,
      "ConnectedWireSegmentIndex":-1,
      "Points":[{"x":0.0,"y":0.0},{"x":0.875,"y":0.3125},{"x":0.875,"y":0.875},{"x":0.0,"y":0.0}]
    },
    {
      "SourcePinAddress":{
        "PinID":2,
        "PinOwnerID":2086666939
      },
      "TargetPinAddress":{
        "PinID":3,
        "PinOwnerID":10860015
      },
      "ConnectionType":0,
      "ConnectedWireIndex":-1,
      "ConnectedWireSegmentIndex":-1,
      "Points":[{"x":0.0,"y":0.0},{"x":-0.3125,"y":-0.4375},{"x":-0.3125,"y":-0.5},{"x":1.0,"y":-0.5},{"x":1.0,"y":0.625},{"x":0.0,"y":0.0}]
    },
    {
      "SourcePinAddress":{
        "PinID":4,
        "PinOwnerID":10860015
      },
      "TargetPinAddress":{
        "PinID":0,
        "PinOwnerID":1946253703
      },
      "ConnectionType":0,
      "ConnectedWireIndex":-1,
      "ConnectedWireSegmentIndex":-1,
      "Points":[{"x":0.0,"y":0.0},{"x":0.0,"y":0.0}]
    }
  ],
  "Displays":[]
}