{
  "DLSVersion": "2.1.6",
  "Name": "CLK",
  "NameLocation": 0,
  "ChipType": 0,
  "Size": {
    "x": 0.575,
    "y": 0.375
  },
  "Colour": {
    "r": 0.234299317,
    "g": 0.464862019,
    "b": 0.540086448,
    "a": 1
  },
  "InputPins":[],
  "OutputPins":[
    {
      "Name":"OUT",
      "ID":1390412322,
      "Position":{
        "x":-1.375,
        "y":-1.0
      },
      "BitCount":1,
      "Colour":0,
      "ValueDisplayMode":0
    }
  ],
  "SubChips":[
    {
      "Name":"KEY",
      "ID":643814737,
      "Label":"",
      "Position":{
        "x":-6.6975,
        "y":-1.1875
      },
      "OutputPinColourInfo":[{"PinColour":0,"PinID":0}],
      "InternalData":[75]
    },
    {
      "Name":"3-STATE BUFFER",
      "ID":1016256298,
      "Label":"",
      "Position":{
        "x":-3.5,
        "y":-1.0
      },
      "OutputPinColourInfo":[{"PinColour":0,"PinID":2}],
      "InternalData":null
    },
    {
      "Name":"3-STATE BUFFER",
      "ID":170761875,
      "Label":"",
      "Position":{
        "x":-3.5,
        "y":-0.3125
      },
      "OutputPinColourInfo":[{"PinColour":0,"PinID":2}],
      "InternalData":null
    },
    {
      "Name":"NOT",
      "ID":1659864936,
      "Label":"",
      "Position":{
        "x":-5.14,
        "y":-0.5
      },
      "OutputPinColourInfo":[{"PinColour":0,"PinID":722248817}],
      "InternalData":null
    },
    {
      "Name":"KEY",
      "ID":2080557281,
      "Label":"",
      "Position":{
        "x":-6.6975,
        "y":-0.125
      },
      "OutputPinColourInfo":[{"PinColour":0,"PinID":0}],
      "InternalData":[74]
    },
    {
      "Name":"CLOCK",
      "ID":2128038718,
      "Label":"",
      "Position":{
        "x":-7.635,
        "y":-0.8125
      },
      "OutputPinColourInfo":[{"PinColour":0,"PinID":0}],
      "InternalData":null
    }
  ],
  "Wires":[
    {
      "SourcePinAddress":{
        "PinID":0,
        "PinOwnerID":643814737
      },
      "TargetPinAddress":{
        "PinID":1,
        "PinOwnerID":1016256298
      },
      "ConnectionType":0,
      "ConnectedWireIndex":-1,
      "ConnectedWireSegmentIndex":-1,
      "Points":[{"x":0.0,"y":0.0},{"x":0.0,"y":0.0}]
    },
    {
      "SourcePinAddress":{
        "PinID":2,
        "PinOwnerID":1016256298
      },
      "TargetPinAddress":{
        "PinID":0,
        "PinOwnerID":1390412322
      },
      "ConnectionType":0,
      "ConnectedWireIndex":-1,
      "ConnectedWireSegmentIndex":-1,
      "Points":[{"x":0.0,"y":0.0},{"x":0.0,"y":0.0}]
    },
    {
      "SourcePinAddress":{
        "PinID":2,
        "PinOwnerID":170761875
      },
      "TargetPinAddress":{
        "PinID":0,
        "PinOwnerID":1390412322
      },
      "ConnectionType":0,
      "ConnectedWireIndex":-1,
      "ConnectedWireSegmentIndex":-1,
      "Points":[{"x":0.0,"y":0.0},{"x":-2.4375,"y":-0.3125},{"x":-2.125,"y":-0.3125},{"x":0.0,"y":0.0}]
    },
    {
      "SourcePinAddress":{
        "PinID":0,
        "PinOwnerID":643814737
      },
      "TargetPinAddress":{
        "PinID":71014366,
        "PinOwnerID":1659864936
      },
      "ConnectionType":1,
      "ConnectedWireIndex":0,
      "ConnectedWireSegmentIndex":0,
      "Points":[{"x":-6.0,"y":-1.1875},{"x":-6.0,"y":-0.5},{"x":0.0,"y":0.0}]
    },
    {
      "SourcePinAddress":{
        "PinID":722248817,
        "PinOwnerID":1659864936
      },
      "TargetPinAddress":{
        "PinID":1,
        "PinOwnerID":170761875
      },
      "ConnectionType":0,
      "ConnectedWireIndex":-1,
      "ConnectedWireSegmentIndex":-1,
      "Points":[{"x":0.0,"y":0.0},{"x":0.0,"y":0.0}]
    },
    {
      "SourcePinAddress":{
        "PinID":0,
        "PinOwnerID":2080557281
      },
      "TargetPinAddress":{
        "PinID":0,
        "PinOwnerID":170761875
      },
      "ConnectionType":0,
      "ConnectedWireIndex":-1,
      "ConnectedWireSegmentIndex":-1,
      "Points":[{"x":0.0,"y":0.0},{"x":0.0,"y":0.0}]
    },
    {
      "SourcePinAddress":{
        "PinID":0,
        "PinOwnerID":2128038718
      },
      "TargetPinAddress":{
        "PinID":0,
        "PinOwnerID":1016256298
      },
      "ConnectionType":0,
      "ConnectedWireIndex":-1,
      "ConnectedWireSegmentIndex":-1,
      "Points":[{"x":0.0,"y":0.0},{"x":0.0,"y":0.0}]
    }
  ],
  "Displays": null
}