{
  "DLSVersion": "2.1.6",
  "Name": "CLU",
  "NameLocation": 0,
  "ChipType": 0,
  "Size": {
    "x": 0.575,
    "y": 1.25
  },
  "Colour": {
    "r": 0.259159267,
    "g": 0.176028147,
    "b": 0.346048176,
    "a": 1
  },
  "InputPins":[
    {
      "Name":"IN",
      "ID":1554822002,
      "Position":{
        "x":-1.625,
        "y":-0.125
      },
      "BitCount":8,
      "Colour":0,
      "ValueDisplayMode":0
    },
    {
      "Name":"ZER",
      "ID":307567181,
      "Position":{
        "x":-1.625,
        "y":-0.625
      },
      "BitCount":1,
      "Colour":0,
      "ValueDisplayMode":0
    },
    {
      "Name":"NEG",
      "ID":776251269,
      "Position":{
        "x":-1.625,
        "y":-1.125
      },
      "BitCount":1,
      "Colour":0,
      "ValueDisplayMode":0
    },
    {
      "Name":"POS",
      "ID":1334631865,
      "Position":{
        "x":-1.625,
        "y":-1.625
      },
      "BitCount":1,
      "Colour":0,
      "ValueDisplayMode":0
    }
  ],
  "OutputPins":[
    {
      "Name":"OUT",
      "ID":1784765609,
      "Position":{
        "x":9.375,
        "y":-1.9375
      },
      "BitCount":1,
      "Colour":0,
      "ValueDisplayMode":0
    }
  ],
  "SubChips":[
    {
      "Name":"ALU-1",
      "ID":511831671,
      "Label":"",
      "Position":{
        "x":1.1975,
        "y":-0.625
      },
      "OutputPinColourInfo":[{"PinColour":0,"PinID":693219258},{"PinColour":0,"PinID":957766586},{"PinColour":0,"PinID":738519111},{"PinColour":0,"PinID":2044926643}],
      "InternalData":null
    },
    {
      "Name":"NOR",
      "ID":2117937120,
      "Label":"",
      "Position":{
        "x":2.9225,
        "y":-1.1875
      },
      "OutputPinColourInfo":[{"PinColour":0,"PinID":424647267}],
      "InternalData":null
    },
    {
      "Name":"MUX 1B",
      "ID":214625257,
      "Label":"",
      "Position":{
        "x":5.0225,
        "y":-0.125
      },
      "OutputPinColourInfo":[{"PinColour":0,"PinID":503901531}],
      "InternalData":null
    },
    {
      "Name":"MUX 1B",
      "ID":1949529466,
      "Label":"",
      "Position":{
        "x":5.0225,
        "y":-1.1875
      },
      "OutputPinColourInfo":[{"PinColour":0,"PinID":503901531}],
      "InternalData":null
    },
    {
      "Name":"MUX 1B",
      "ID":1441551226,
      "Label":"",
      "Position":{
        "x":7.8975,
        "y":-0.75
      },
      "OutputPinColourInfo":[{"PinColour":0,"PinID":503901531}],
      "InternalData":null
    },
    {
      "Name":"OR",
      "ID":1233493970,
      "Label":"",
      "Position":{
        "x":6.235,
        "y":-1.75
      },
      "OutputPinColourInfo":[{"PinColour":0,"PinID":41096156}],
      "InternalData":null
    }
  ],
  "Wires":[
    {
      "SourcePinAddress":{
        "PinID":0,
        "PinOwnerID":1554822002
      },
      "TargetPinAddress":{
        "PinID":929498511,
        "PinOwnerID":511831671
      },
      "ConnectionType":0,
      "ConnectedWireIndex":-1,
      "ConnectedWireSegmentIndex":-1,
      "Points":[{"x":0.0,"y":0.0},{"x":0.0,"y":0.0}]
    },
    {
      "SourcePinAddress":{
        "PinID":738519111,
        "PinOwnerID":511831671
      },
      "TargetPinAddress":{
        "PinID":1274376417,
        "PinOwnerID":2117937120
      },
      "ConnectionType":0,
      "ConnectedWireIndex":-1,
      "ConnectedWireSegmentIndex":-1,
      "Points":[{"x":0.0,"y":0.0},{"x":0.0,"y":0.0}]
    },
    {
      "SourcePinAddress":{
        "PinID":2044926643,
        "PinOwnerID":511831671
      },
      "TargetPinAddress":{
        "PinID":119103719,
        "PinOwnerID":2117937120
      },
      "ConnectionType":0,
      "ConnectedWireIndex":-1,
      "ConnectedWireSegmentIndex":-1,
      "Points":[{"x":0.0,"y":0.0},{"x":0.0,"y":0.0}]
    },
    {
      "SourcePinAddress":{
        "PinID":503901531,
        "PinOwnerID":214625257
      },
      "TargetPinAddress":{
        "PinID":689997593,
        "PinOwnerID":1441551226
      },
      "ConnectionType":0,
      "ConnectedWireIndex":-1,
      "ConnectedWireSegmentIndex":-1,
      "Points":[{"x":0.0,"y":0.0},{"x":0.0,"y":0.0}]
    },
    {
      "SourcePinAddress":{
        "PinID":503901531,
        "PinOwnerID":1949529466
      },
      "TargetPinAddress":{
        "PinID":1785525971,
        "PinOwnerID":1441551226
      },
      "ConnectionType":0,
      "ConnectedWireIndex":-1,
      "ConnectedWireSegmentIndex":-1,
      "Points":[{"x":0.0,"y":0.0},{"x":0.0,"y":0.0}]
    },
    {
      "SourcePinAddress":{
        "PinID":503901531,
        "PinOwnerID":1441551226
      },
      "TargetPinAddress":{
        "PinID":0,
        "PinOwnerID":1784765609
      },
      "ConnectionType":0,
      "ConnectedWireIndex":-1,
      "ConnectedWireSegmentIndex":-1,
      "Points":[{"x":0.0,"y":0.0},{"x":0.0,"y":0.0}]
    },
    {
      "SourcePinAddress":{
        "PinID":424647267,
        "PinOwnerID":2117937120
      },
      "TargetPinAddress":{
        "PinID":1785525971,
        "PinOwnerID":1949529466
      },
      "ConnectionType":0,
      "ConnectedWireIndex":-1,
      "ConnectedWireSegmentIndex":-1,
      "Points":[{"x":0.0,"y":0.0},{"x":0.0,"y":0.0}]
    },
    {
      "SourcePinAddress":{
        "PinID":2044926643,
        "PinOwnerID":511831671
      },
      "TargetPinAddress":{
        "PinID":1785525971,
        "PinOwnerID":214625257
      },
      "ConnectionType":0,
      "ConnectedWireIndex":-1,
      "ConnectedWireSegmentIndex":-1,
      "Points":[{"x":0.0,"y":0.0},{"x":0.0,"y":0.0}]
    },
    {
      "SourcePinAddress":{
        "PinID":738519111,
        "PinOwnerID":511831671
      },
      "TargetPinAddress":{
        "PinID":689997593,
        "PinOwnerID":1949529466
      },
      "ConnectionType":0,
      "ConnectedWireIndex":-1,
      "ConnectedWireSegmentIndex":-1,
      "Points":[{"x":0.0,"y":0.0},{"x":0.0,"y":0.0}]
    },
    {
      "SourcePinAddress":{
        "PinID":0,
        "PinOwnerID":776251269
      },
      "TargetPinAddress":{
        "PinID":1387398739,
        "PinOwnerID":214625257
      },
      "ConnectionType":0,
      "ConnectedWireIndex":-1,
      "ConnectedWireSegmentIndex":-1,
      "Points":[{"x":0.0,"y":0.0},{"x":0.0,"y":0.0}]
    },
    {
      "SourcePinAddress":{
        "PinID":0,
        "PinOwnerID":1334631865
      },
      "TargetPinAddress":{
        "PinID":1387398739,
        "PinOwnerID":1949529466
      },
      "ConnectionType":0,
      "ConnectedWireIndex":-1,
      "ConnectedWireSegmentIndex":-1,
      "Points":[{"x":0.0,"y":0.0},{"x":0.0,"y":0.0}]
    },
    {
      "SourcePinAddress":{
        "PinID":41096156,
        "PinOwnerID":1233493970
      },
      "TargetPinAddress":{
        "PinID":1387398739,
        "PinOwnerID":1441551226
      },
      "ConnectionType":0,
      "ConnectedWireIndex":-1,
      "ConnectedWireSegmentIndex":-1,
      "Points":[{"x":0.0,"y":0.0},{"x":0.0,"y":0.0}]
    },
    {
      "SourcePinAddress":{
        "PinID":0,
        "PinOwnerID":307567181
      },
      "TargetPinAddress":{
        "PinID":1059060280,
        "PinOwnerID":1233493970
      },
      "ConnectionType":0,
      "ConnectedWireIndex":-1,
      "ConnectedWireSegmentIndex":-1,
      "Points":[{"x":0.0,"y":0.0},{"x":0.0,"y":0.0}]
    },
    {
      "SourcePinAddress":{
        "PinID":0,
        "PinOwnerID":1334631865
      },
      "TargetPinAddress":{
        "PinID":198837197,
        "PinOwnerID":1233493970
      },
      "ConnectionType":0,
      "ConnectedWireIndex":-1,
      "ConnectedWireSegmentIndex":-1,
      "Points":[{"x":0.0,"y":0.0},{"x":0.0,"y":0.0}]
    }
  ],
  "Displays": null
}