{
  "DLSVersion": "2.1.6",
  "Name": "CPU",
  "NameLocation": 0,
  "ChipType": 0,
  "Size": {
    "x": 0.575,
    "y": 2.25
  },
  "Colour": {
    "r": 0.7736499,
    "g": 0.0996356159,
    "b": 0.165979579,
    "a": 1
  },
  "InputPins":[
    {
      "Name":"IN",
      "ID":1775298150,
      "Position":{
        "x":-25.25,
        "y":30.25
      },
      "BitCount":1,
      "Colour":0,
      "ValueDisplayMode":0
    },
    {
      "Name":"ADR",
      "ID":762424315,
      "Position":{
        "x":-25.25,
        "y":29.6875
      },
      "BitCount":8,
      "Colour":0,
      "ValueDisplayMode":0
    },
    {
      "Name":"src",
      "ID":1099735210,
      "Position":{
        "x":-25.25,
        "y":29.1875
      },
      "BitCount":1,
      "Colour":0,
      "ValueDisplayMode":0
    },
    {
      "Name":"jmp",
      "ID":103012989,
      "Position":{
        "x":-25.25,
        "y":28.6875
      },
      "BitCount":1,
      "Colour":0,
      "ValueDisplayMode":0
    },
    {
      "Name":"0",
      "ID":700473170,
      "Position":{
        "x":-25.25,
        "y":27.9375
      },
      "BitCount":1,
      "Colour":0,
      "ValueDisplayMode":0
    },
    {
      "Name":"RUN",
      "ID":1686316398,
      "Position":{
        "x":-25.25,
        "y":27.5
      },
      "BitCount":1,
      "Colour":0,
      "ValueDisplayMode":0
    },
    {
      "Name":"CLK",
      "ID":1811123134,
      "Position":{
        "x":-25.25,
        "y":27.0625
      },
      "BitCount":1,
      "Colour":2,
      "ValueDisplayMode":0
    },
    {
      "Name":"OUT",
      "ID":213235109,
      "Position":{
        "x":-25.25,
        "y":26.5625
      },
      "BitCount":1,
      "Colour":0,
      "ValueDisplayMode":0
    }
  ],
  "OutputPins":[
    {
      "Name":"OUT",
      "ID":473656107,
      "Position":{
        "x":-3.125,
        "y":29.0
      },
      "BitCount":1,
      "Colour":0,
      "ValueDisplayMode":0
    },
    {
      "Name":"OUT",
      "ID":381853444,
      "Position":{
        "x":-3.125,
        "y":28.25
      },
      "BitCount":4,
      "Colour":0,
      "ValueDisplayMode":0
    },
    {
      "Name":"OUT",
      "ID":1053819713,
      "Position":{
        "x":-2.75,
        "y":27.5625
      },
      "BitCount":8,
      "Colour":0,
      "ValueDisplayMode":0
    }
  ],
  "SubChips":[
    {
      "Name":"COUNTER",
      "ID":2008956999,
      "Label":"",
      "Position":{
        "x":-21.5275,
        "y":27.9375
      },
      "OutputPinColourInfo":[{"PinColour":0,"PinID":565785416}],
      "InternalData":null
    },
    {
      "Name":"8-4BIT",
      "ID":400734549,
      "Label":"",
      "Position":{
        "x":-11.5525,
        "y":28.3125
      },
      "OutputPinColourInfo":[{"PinColour":0,"PinID":1},{"PinColour":0,"PinID":2}],
      "InternalData":null
    },
    {
      "Name":"8-BIT REGISTER",
      "ID":1777019755,
      "Label":"",
      "Position":{
        "x":-20.89,
        "y":29.75
      },
      "OutputPinColourInfo":[{"PinColour":0,"PinID":1787405944}],
      "InternalData":null
    },
    {
      "Name":"4-1BIT",
      "ID":1415724957,
      "Label":"",
      "Position":{
        "x":-9.9275,
        "y":29.1875
      },
      "OutputPinColourInfo":[{"PinColour":0,"PinID":1},{"PinColour":0,"PinID":2},{"PinColour":0,"PinID":3},{"PinColour":0,"PinID":4}],
      "InternalData":null
    },
    {
      "Name":"NOT",
      "ID":325571910,
      "Label":"",
      "Position":{
        "x":-8.14,
        "y":29.375
      },
      "OutputPinColourInfo":[{"PinColour":0,"PinID":722248817}],
      "InternalData":null
    },
    {
      "Name":"OR",
      "ID":653662259,
      "Label":"",
      "Position":{
        "x":-6.89,
        "y":28.6875
      },
      "OutputPinColourInfo":[{"PinColour":0,"PinID":41096156}],
      "InternalData":null
    },
    {
      "Name":"3-STATE BUFFER",
      "ID":1393927825,
      "Label":"",
      "Position":{
        "x":-5.0,
        "y":29.0
      },
      "OutputPinColourInfo":[{"PinColour":0,"PinID":2}],
      "InternalData":null
    },
    {
      "Name":"BUS BUFFER",
      "ID":1939394623,
      "Label":"",
      "Position":{
        "x":-4.815,
        "y":28.25
      },
      "OutputPinColourInfo":[{"PinColour":0,"PinID":1946253703}],
      "InternalData":null
    },
    {
      "Name":"8BUF",
      "ID":1470561370,
      "Label":"",
      "Position":{
        "x":-5.1275,
        "y":27.375
      },
      "OutputPinColourInfo":[{"PinColour":0,"PinID":1321101400}],
      "InternalData":null
    },
    {
      "Name":"ROM 256×16",
      "ID":1176108813,
      "Label":"",
      "Position":{
        "x":-15.865,
        "y":28.1875
      },
      "OutputPinColourInfo":[{"PinColour":0,"PinID":1},{"PinColour":0,"PinID":2}],
      "InternalData":[15,22,1,2,3,4,18,25,7,8,0,0,0,0,0,0,0,0,0,0,0,0,0,0,0,0,0,0,0,0,0,0,0,0,0,0,0,0,0,0,0,0,0,0,0,0,0,0,0,0,0,0,0,0,0,0,0,0,0,0,0,0,0,0,0,0,0,0,0,0,0,0,0,0,0,0,0,0,0,0,0,0,0,0,0,0,0,0,0,0,0,0,0,0,0,0,0,0,0,0,0,0,0,0,0,0,0,0,0,0,0,0,0,0,0,0,0,0,0,0,0,0,0,0,0,0,0,0,0,0,0,0,0,0,0,0,0,0,0,0,0,0,0,0,0,0,0,0,0,0,0,0,0,0,0,0,0,0,0,0,0,0,0,0,0,0,0,0,0,0,0,0,0,0,0,0,0,0,0,0,0,0,0,0,0,0,0,0,0,0,0,0,0,0,0,0,0,0,0,0,0,0,0,0,0,0,0,0,0,0,0,0,0,0,0,0,0,0,0,0,0,0,0,0,0,0,0,0,0,0,0,0,0,0,0,0,0,0,0,0,0,0,0,0,0,0,0,0,0,0,0,0,0,0,0,0]
    }
  ],
  "Wires":[
    {
      "SourcePinAddress":{
        "PinID":565785416,
        "PinOwnerID":2008956999
      },
      "TargetPinAddress":{
        "PinID":0,
        "PinOwnerID":1176108813
      },
      "ConnectionType":0,
      "ConnectedWireIndex":-1,
      "ConnectedWireSegmentIndex":-1,
      "Points":[{"x":0.0,"y":0.0},{"x":-20.75,"y":27.9375},{"x":0.0,"y":0.0}]
    },
    {
      "SourcePinAddress":{
        "PinID":2,
        "PinOwnerID":1176108813
      },
      "TargetPinAddress":{
        "PinID":0,
        "PinOwnerID":400734549
      },
      "ConnectionType":0,
      "ConnectedWireIndex":-1,
      "ConnectedWireSegmentIndex":-1,
      "Points":[{"x":0.0,"y":0.0},{"x":0.0,"y":0.0}]
    },
    {
      "SourcePinAddress":{
        "PinID":0,
        "PinOwnerID":1811123134
      },
      "TargetPinAddress":{
        "PinID":396608987,
        "PinOwnerID":2008956999
      },
      "ConnectionType":0,
      "ConnectedWireIndex":-1,
      "ConnectedWireSegmentIndex":-1,
      "Points":[{"x":0.0,"y":0.0},{"x":0.0,"y":0.0}]
    },
    {
      "SourcePinAddress":{
        "PinID":0,
        "PinOwnerID":1686316398
      },
      "TargetPinAddress":{
        "PinID":1415770500,
        "PinOwnerID":2008956999
      },
      "ConnectionType":0,
      "ConnectedWireIndex":-1,
      "ConnectedWireSegmentIndex":-1,
      "Points":[{"x":0.0,"y":0.0},{"x":0.0,"y":0.0}]
    },
    {
      "SourcePinAddress":{
        "PinID":0,
        "PinOwnerID":700473170
      },
      "TargetPinAddress":{
        "PinID":2003294751,
        "PinOwnerID":2008956999
      },
      "ConnectionType":0,
      "ConnectedWireIndex":-1,
      "ConnectedWireSegmentIndex":-1,
      "Points":[{"x":0.0,"y":0.0},{"x":0.0,"y":0.0}]
    },
    {
      "SourcePinAddress":{
        "PinID":1787405944,
        "PinOwnerID":1777019755
      },
      "TargetPinAddress":{
        "PinID":445570175,
        "PinOwnerID":2008956999
      },
      "ConnectionType":0,
      "ConnectedWireIndex":-1,
      "ConnectedWireSegmentIndex":-1,
      "Points":[{"x":0.0,"y":0.0},{"x":0.0,"y":0.0}]
    },
    {
      "SourcePinAddress":{
        "PinID":0,
        "PinOwnerID":1811123134
      },
      "TargetPinAddress":{
        "PinID":1746065636,
        "PinOwnerID":1777019755
      },
      "ConnectionType":1,
      "ConnectedWireIndex":2,
      "ConnectedWireSegmentIndex":0,
      "Points":[{"x":-24.23322,"y":27.09058},{"x":0.0,"y":0.0}]
    },
    {
      "SourcePinAddress":{
        "PinID":0,
        "PinOwnerID":762424315
      },
      "TargetPinAddress":{
        "PinID":1171991990,
        "PinOwnerID":1777019755
      },
      "ConnectionType":0,
      "ConnectedWireIndex":-1,
      "ConnectedWireSegmentIndex":-1,
      "Points":[{"x":0.0,"y":0.0},{"x":0.0,"y":0.0}]
    },
    {
      "SourcePinAddress":{
        "PinID":0,
        "PinOwnerID":103012989
      },
      "TargetPinAddress":{
        "PinID":1979155043,
        "PinOwnerID":2008956999
      },
      "ConnectionType":0,
      "ConnectedWireIndex":-1,
      "ConnectedWireSegmentIndex":-1,
      "Points":[{"x":0.0,"y":0.0},{"x":0.0,"y":0.0}]
    },
    {
      "SourcePinAddress":{
        "PinID":0,
        "PinOwnerID":1099735210
      },
      "TargetPinAddress":{
        "PinID":1560685193,
        "PinOwnerID":1777019755
      },
      "ConnectionType":0,
      "ConnectedWireIndex":-1,
      "ConnectedWireSegmentIndex":-1,
      "Points":[{"x":0.0,"y":0.0},{"x":0.0,"y":0.0}]
    },
    {
      "SourcePinAddress":{
        "PinID":1,
        "PinOwnerID":400734549
      },
      "TargetPinAddress":{
        "PinID":0,
        "PinOwnerID":1415724957
      },
      "ConnectionType":0,
      "ConnectedWireIndex":-1,
      "ConnectedWireSegmentIndex":-1,
      "Points":[{"x":0.0,"y":0.0},{"x":0.0,"y":0.0}]
    },
    {
      "SourcePinAddress":{
        "PinID":3,
        "PinOwnerID":1415724957
      },
      "TargetPinAddress":{
        "PinID":71014366,
        "PinOwnerID":325571910
      },
      "ConnectionType":0,
      "ConnectedWireIndex":-1,
      "ConnectedWireSegmentIndex":-1,
      "Points":[{"x":0.0,"y":0.0},{"x":0.0,"y":0.0}]
    },
    {
      "SourcePinAddress":{
        "PinID":722248817,
        "PinOwnerID":325571910
      },
      "TargetPinAddress":{
        "PinID":1059060280,
        "PinOwnerID":653662259
      },
      "ConnectionType":0,
      "ConnectedWireIndex":-1,
      "ConnectedWireSegmentIndex":-1,
      "Points":[{"x":0.0,"y":0.0},{"x":0.0,"y":0.0}]
    },
    {
      "SourcePinAddress":{
        "PinID":41096156,
        "PinOwnerID":653662259
      },
      "TargetPinAddress":{
        "PinID":1,
        "PinOwnerID":1393927825
      },
      "ConnectionType":0,
      "ConnectedWireIndex":-1,
      "ConnectedWireSegmentIndex":-1,
      "Points":[{"x":0.0,"y":0.0},{"x":0.0,"y":0.0}]
    },
    {
      "SourcePinAddress":{
        "PinID":41096156,
        "PinOwnerID":653662259
      },
      "TargetPinAddress":{
        "PinID":2116089510,
        "PinOwnerID":1939394623
      },
      "ConnectionType":0,
      "ConnectedWireIndex":-1,
      "ConnectedWireSegmentIndex":-1,
      "Points":[{"x":0.0,"y":0.0},{"x":0.0,"y":0.0}]
    },
    {
      "SourcePinAddress":{
        "PinID":2,
        "PinOwnerID":400734549
      },
      "TargetPinAddress":{
        "PinID":1857830482,
        "PinOwnerID":1939394623
      },
      "ConnectionType":0,
      "ConnectedWireIndex":-1,
      "ConnectedWireSegmentIndex":-1,
      "Points":[{"x":0.0,"y":0.0},{"x":0.0,"y":0.0}]
    },
    {
      "SourcePinAddress":{
        "PinID":4,
        "PinOwnerID":1415724957
      },
      "TargetPinAddress":{
        "PinID":0,
        "PinOwnerID":1393927825
      },
      "ConnectionType":0,
      "ConnectedWireIndex":-1,
      "ConnectedWireSegmentIndex":-1,
      "Points":[{"x":0.0,"y":0.0},{"x":0.0,"y":0.0}]
    },
    {
      "SourcePinAddress":{
        "PinID":1946253703,
        "PinOwnerID":1939394623
      },
      "TargetPinAddress":{
        "PinID":0,
        "PinOwnerID":381853444
      },
      "ConnectionType":0,
      "ConnectedWireIndex":-1,
      "ConnectedWireSegmentIndex":-1,
      "Points":[{"x":0.0,"y":0.0},{"x":0.0,"y":0.0}]
    },
    {
      "SourcePinAddress":{
        "PinID":2,
        "PinOwnerID":1393927825
      },
      "TargetPinAddress":{
        "PinID":0,
        "PinOwnerID":473656107
      },
      "ConnectionType":0,
      "ConnectedWireIndex":-1,
      "ConnectedWireSegmentIndex":-1,
      "Points":[{"x":0.0,"y":0.0},{"x":0.0,"y":0.0}]
    },
    {
      "SourcePinAddress":{
        "PinID":0,
        "PinOwnerID":1775298150
      },
      "TargetPinAddress":{
        "PinID":198837197,
        "PinOwnerID":653662259
      },
      "ConnectionType":0,
      "ConnectedWireIndex":-1,
      "ConnectedWireSegmentIndex":-1,
      "Points":[{"x":0.0,"y":0.0},{"x":0.0,"y":0.0}]
    },
    {
      "SourcePinAddress":{
        "PinID":1321101400,
        "PinOwnerID":1470561370
      },
      "TargetPinAddress":{
        "PinID":0,
        "PinOwnerID":1053819713
      },
      "ConnectionType":0,
      "ConnectedWireIndex":-1,
      "ConnectedWireSegmentIndex":-1,
      "Points":[{"x":0.0,"y":0.0},{"x":0.0,"y":0.0}]
    },
    {
      "SourcePinAddress":{
        "PinID":1,
        "PinOwnerID":1176108813
      },
      "TargetPinAddress":{
        "PinID":514723583,
        "PinOwnerID":1470561370
      },
      "ConnectionType":0,
      "ConnectedWireIndex":-1,
      "ConnectedWireSegmentIndex":-1,
      "Points":[{"x":0.0,"y":0.0},{"x":0.0,"y":0.0}]
    },
    {
      "SourcePinAddress":{
        "PinID":0,
        "PinOwnerID":213235109
      },
      "TargetPinAddress":{
        "PinID":1497816961,
        "PinOwnerID":1470561370
      },
      "ConnectionType":0,
      "ConnectedWireIndex":-1,
      "ConnectedWireSegmentIndex":-1,
      "Points":[{"x":0.0,"y":0.0},{"x":0.0,"y":0.0}]
    }
  ],
  "Displays": null
}