{
  "DLSVersion": "2.1.6",
  "Name": "D FLIP-FLOP",
  "NameLocation": 0,
  "ChipType": 0,
  "Size": {
    "x": 1.475,
    "y": 0.5
  },
  "Colour": {
    "r": 0.145456776,
    "g": 0.8663094,
    "b": 0.9901369,
    "a": 1
  },
  "InputPins":[
    {
      "Name":"DATA",
      "ID":712733745,
      "Position":{
        "x":-8.625,
        "y":-1.125
      },
      "BitCount":1,
      "Colour":0,
      "ValueDisplayMode":0
    },
    {
      "Name":"CLOCK",
      "ID":93034039,
      "Position":{
        "x":-8.625,
        "y":-2.0625
      },
      "BitCount":1,
      "Colour":0,
      "ValueDisplayMode":0
    }
  ],
  "OutputPins":[
    {
      "Name":"OUT",
      "ID":559884082,
      "Position":{
        "x":-1.0,
        "y":-1.4375
      },
      "BitCount":1,
      "Colour":0,
      "ValueDisplayMode":0
    }
  ],
  "SubChips":[
    {
      "Name":"D LATCH",
      "ID":64901590,
      "Label":"",
      "Position":{
        "x":-4.7275,
        "y":-1.3125
      },
      "OutputPinColourInfo":[{"PinColour":0,"PinID":2124000498}],
      "InternalData":null
    },
    {
      "Name":"D LATCH",
      "ID":1435253269,
      "Label":"",
      "Position":{
        "x":-3.1025,
        "y":-1.4375
      },
      "OutputPinColourInfo":[{"PinColour":0,"PinID":2124000498}],
      "InternalData":null
    },
    {
      "Name":"NOT",
      "ID":2021582585,
      "Label":"",
      "Position":{
        "x":-6.015,
        "y":-1.4375
      },
      "OutputPinColourInfo":[{"PinColour":0,"PinID":722248817}],
      "InternalData":null
    }
  ],
  "Wires":[
    {
      "SourcePinAddress":{
        "PinID":2124000498,
        "PinOwnerID":64901590
      },
      "TargetPinAddress":{
        "PinID":1181847631,
        "PinOwnerID":1435253269
      },
      "ConnectionType":0,
      "ConnectedWireIndex":-1,
      "ConnectedWireSegmentIndex":-1,
      "Points":[{"x":0.0,"y":0.0},{"x":0.0,"y":0.0}]
    },
    {
      "SourcePinAddress":{
        "PinID":0,
        "PinOwnerID":712733745
      },
      "TargetPinAddress":{
        "PinID":1181847631,
        "PinOwnerID":64901590
      },
      "ConnectionType":0,
      "ConnectedWireIndex":-1,
      "ConnectedWireSegmentIndex":-1,
      "Points":[{"x":0.0,"y":0.0},{"x":-6.6875,"y":-1.125},{"x":-6.6875,"y":-1.1875},{"x":0.0,"y":0.0}]
    },
    {
      "SourcePinAddress":{
        "PinID":722248817,
        "PinOwnerID":2021582585
      },
      "TargetPinAddress":{
        "PinID":138995780,
        "PinOwnerID":64901590
      },
      "ConnectionType":0,
      "ConnectedWireIndex":-1,
      "ConnectedWireSegmentIndex":-1,
      "Points":[{"x":0.0,"y":0.0},{"x":0.0,"y":0.0}]
    },
    {
      "SourcePinAddress":{
        "PinID":0,
        "PinOwnerID":93034039
      },
      "TargetPinAddress":{
        "PinID":138995780,
        "PinOwnerID":1435253269
      },
      "ConnectionType":0,
      "ConnectedWireIndex":-1,
      "ConnectedWireSegmentIndex":-1,
      "Points":[{"x":0.0,"y":0.0},{"x":-4.0,"y":-2.0625},{"x":-4.0,"y":-1.5625},{"x":0.0,"y":0.0}]
    },
    {
      "SourcePinAddress":{
        "PinID":0,
        "PinOwnerID":93034039
      },
      "TargetPinAddress":{
        "PinID":71014366,
        "PinOwnerID":2021582585
      },
      "ConnectionType":1,
      "ConnectedWireIndex":3,
      "ConnectedWireSegmentIndex":0,
      "Points":[{"x":-6.8125,"y":-2.0625},{"x":-6.8125,"y":-1.4375},{"x":0.0,"y":0.0}]
    },
    {
      "SourcePinAddress":{
        "PinID":2124000498,
        "PinOwnerID":1435253269
      },
      "TargetPinAddress":{
        "PinID":0,
        "PinOwnerID":559884082
      },
      "ConnectionType":0,
      "ConnectedWireIndex":-1,
      "ConnectedWireSegmentIndex":-1,
      "Points":[{"x":0.0,"y":0.0},{"x":0.0,"y":0.0}]
    }
  ],
  "Displays":[]
}