{
  "DLSVersion": "2.1.6",
  "Name": "D LATCH",
  "NameLocation": 0,
  "ChipType": 0,
  "Size": {
    "x": 1.025,
    "y": 0.5
  },
  "Colour": {
    "r": 0.9095784,
    "g": 0.6670303,
    "b": 0.242594287,
    "a": 1
  },
  "InputPins":[
    {
      "Name":"DATA",
      "ID":1181847631,
      "Position":{
        "x":-8.375,
        "y":0.0
      },
      "BitCount":1,
      "Colour":0,
      "ValueDisplayMode":0
    },
    {
      "Name":"STORE",
      "ID":138995780,
      "Position":{
        "x":-8.375,
        "y":-2.125
      },
      "BitCount":1,
      "Colour":0,
      "ValueDisplayMode":0
    }
  ],
  "OutputPins":[
    {
      "Name":"OUT",
      "ID":2124000498,
      "Position":{
        "x":-1.625,
        "y":-1.0
      },
      "BitCount":1,
      "Colour":0,
      "ValueDisplayMode":0
    }
  ],
  "SubChips":[
    {
      "Name":"NAND",
      "ID":239899503,
      "Label":"",
      "Position":{
        "x":-6.75,
        "y":-2.5625
      },
      "OutputPinColourInfo":[{"PinColour":0,"PinID":2}],
      "InternalData":null
    },
    {
      "Name":"NAND",
      "ID":643612205,
      "Label":"",
      "Position":{
        "x":-5.0,
        "y":-2.4375
      },
      "OutputPinColourInfo":[{"PinColour":0,"PinID":2}],
      "InternalData":null
    },
    {
      "Name":"NAND",
      "ID":2039488040,
      "Label":"",
      "Position":{
        "x":-5.0,
        "y":0.0625
      },
      "OutputPinColourInfo":[{"PinColour":0,"PinID":2}],
      "InternalData":null
    },
    {
      "Name":"NAND",
      "ID":220884118,
      "Label":"",
      "Position":{
        "x":-3.5,
        "y":0.125
      },
      "OutputPinColourInfo":[{"PinColour":0,"PinID":2}],
      "InternalData":null
    },
    {
      "Name":"NAND",
      "ID":1290876695,
      "Label":"",
      "Position":{
        "x":-3.375,
        "y":-2.3125
      },
      "OutputPinColourInfo":[{"PinColour":0,"PinID":2}],
      "InternalData":null
    }
  ],
  "Wires":[
    {
      "SourcePinAddress":{
        "PinID":0,
        "PinOwnerID":1181847631
      },
      "TargetPinAddress":{
        "PinID":1,
        "PinOwnerID":239899503
      },
      "ConnectionType":0,
      "ConnectedWireIndex":-1,
      "ConnectedWireSegmentIndex":-1,
      "Points":[{"x":0.0,"y":0.0},{"x":-7.3125,"y":0.0},{"x":-7.3125,"y":-2.6875},{"x":0.0,"y":0.0}]
    },
    {
      "SourcePinAddress":{
        "PinID":0,
        "PinOwnerID":1181847631
      },
      "TargetPinAddress":{
        "PinID":0,
        "PinOwnerID":239899503
      },
      "ConnectionType":1,
      "ConnectedWireIndex":0,
      "ConnectedWireSegmentIndex":1,
      "Points":[{"x":-7.3125,"y":-2.3125},{"x":0.0,"y":0.0}]
    },
    {
      "SourcePinAddress":{
        "PinID":2,
        "PinOwnerID":239899503
      },
      "TargetPinAddress":{
        "PinID":1,
        "PinOwnerID":643612205
      },
      "ConnectionType":0,
      "ConnectedWireIndex":-1,
      "ConnectedWireSegmentIndex":-1,
      "Points":[{"x":0.0,"y":0.0},{"x":0.0,"y":0.0}]
    },
    {
      "SourcePinAddress":{
        "PinID":2,
        "PinOwnerID":1290876695
      },
      "TargetPinAddress":{
        "PinID":1,
        "PinOwnerID":220884118
      },
      "ConnectionType":0,
      "ConnectedWireIndex":-1,
      "ConnectedWireSegmentIndex":-1,
      "Points":[{"x":0.0,"y":0.0},{"x":-2.625,"y":-2.3125},{"x":-2.625,"y":-1.5625},{"x":-4.21477,"y":-0.65293},{"x":-4.21477,"y":-0.0094},{"x":0.0,"y":0.0}]
    },
    {
      "SourcePinAddress":{
        "PinID":2,
        "PinOwnerID":220884118
      },
      "TargetPinAddress":{
        "PinID":0,
        "PinOwnerID":1290876695
      },
      "ConnectionType":0,
      "ConnectedWireIndex":-1,
      "ConnectedWireSegmentIndex":-1,
      "Points":[{"x":0.0,"y":0.0},{"x":-2.72768,"y":0.125},{"x":-2.72768,"y":-0.65534},{"x":-4.15934,"y":-1.91587},{"x":-4.15934,"y":-2.20268},{"x":0.0,"y":0.0}]
    },
    {
      "SourcePinAddress":{
        "PinID":2,
        "PinOwnerID":643612205
      },
      "TargetPinAddress":{
        "PinID":1,
        "PinOwnerID":1290876695
      },
      "ConnectionType":0,
      "ConnectedWireIndex":-1,
      "ConnectedWireSegmentIndex":-1,
      "Points":[{"x":0.0,"y":0.0},{"x":0.0,"y":0.0}]
    },
    {
      "SourcePinAddress":{
        "PinID":0,
        "PinOwnerID":1181847631
      },
      "TargetPinAddress":{
        "PinID":1,
        "PinOwnerID":2039488040
      },
      "ConnectionType":1,
      "ConnectedWireIndex":0,
      "ConnectedWireSegmentIndex":1,
      "Points":[{"x":-7.3125,"y":-0.0625},{"x":0.0,"y":0.0}]
    },
    {
      "SourcePinAddress":{
        "PinID":0,
        "PinOwnerID":138995780
      },
      "TargetPinAddress":{
        "PinID":0,
        "PinOwnerID":2039488040
      },
      "ConnectionType":0,
      "ConnectedWireIndex":-1,
      "ConnectedWireSegmentIndex":-1,
      "Points":[{"x":0.0,"y":0.0},{"x":-7.625,"y":-1.625},{"x":-6.4375,"y":-1.625},{"x":-6.4375,"y":0.1875},{"x":-5.625,"y":0.1875},{"x":0.0,"y":0.0}]
    },
    {
      "SourcePinAddress":{
        "PinID":2,
        "PinOwnerID":220884118
      },
      "TargetPinAddress":{
        "PinID":0,
        "PinOwnerID":2124000498
      },
      "ConnectionType":1,
      "ConnectedWireIndex":4,
      "ConnectedWireSegmentIndex":2,
      "Points":[{"x":-3.12244,"y":-1.00291},{"x":0.0,"y":0.0}]
    },
    {
      "SourcePinAddress":{
        "PinID":0,
        "PinOwnerID":138995780
      },
      "TargetPinAddress":{
        "PinID":0,
        "PinOwnerID":643612205
      },
      "ConnectionType":1,
      "ConnectedWireIndex":7,
      "ConnectedWireSegmentIndex":2,
      "Points":[{"x":-6.4375,"y":-1.5625},{"x":-5.8125,"y":-1.5625},{"x":-5.8125,"y":-2.3125},{"x":0.0,"y":0.0}]
    },
    {
      "SourcePinAddress":{
        "PinID":2,
        "PinOwnerID":2039488040
      },
      "TargetPinAddress":{
        "PinID":0,
        "PinOwnerID":220884118
      },
      "ConnectionType":0,
      "ConnectedWireIndex":-1,
      "ConnectedWireSegmentIndex":-1,
      "Points":[{"x":0.0,"y":0.0},{"x":-4.375,"y":0.0625},{"x":-4.375,"y":0.25},{"x":0.0,"y":0.0}]
    }
  ],
  "Displays":[]
}