{
  "DLSVersion": "2.1.6",
  "Name": "DABBLE",
  "NameLocation": 0,
  "ChipType": 0,
  "Size": {
    "x": 1.025,
    "y": 1.0
  },
  "Colour": {
    "r": 0.0883621052,
    "g": 0.820757449,
    "b": 0.142567664,
    "a": 1
  },
  "InputPins":[
    {
      "Name":"3",
      "ID":1787955624,
      "Position":{
        "x":-7.5,
        "y":2.3125
      },
      "BitCount":1,
      "Colour":0,
      "ValueDisplayMode":0
    },
    {
      "Name":"2",
      "ID":915475924,
      "Position":{
        "x":-7.5,
        "y":1.8125
      },
      "BitCount":1,
      "Colour":0,
      "ValueDisplayMode":0
    },
    {
      "Name":"1",
      "ID":551597932,
      "Position":{
        "x":-7.5,
        "y":1.3125
      },
      "BitCount":1,
      "Colour":0,
      "ValueDisplayMode":0
    },
    {
      "Name":"0",
      "ID":1063665639,
      "Position":{
        "x":-7.5,
        "y":0.8125
      },
      "BitCount":1,
      "Colour":0,
      "ValueDisplayMode":0
    }
  ],
  "OutputPins":[
    {
      "Name":"OUT",
      "ID":377153369,
      "Position":{
        "x":4.625,
        "y":2.3125
      },
      "BitCount":1,
      "Colour":0,
      "ValueDisplayMode":0
    },
    {
      "Name":"OUT",
      "ID":1758809052,
      "Position":{
        "x":4.625,
        "y":1.8125
      },
      "BitCount":1,
      "Colour":0,
      "ValueDisplayMode":0
    },
    {
      "Name":"OUT",
      "ID":1420475992,
      "Position":{
        "x":4.625,
        "y":1.3125
      },
      "BitCount":1,
      "Colour":0,
      "ValueDisplayMode":0
    },
    {
      "Name":"OUT",
      "ID":990967375,
      "Position":{
        "x":4.625,
        "y":0.8125
      },
      "BitCount":1,
      "Colour":0,
      "ValueDisplayMode":0
    }
  ],
  "SubChips":[
    {
      "Name":"XOR",
      "ID":219250187,
      "Label":"",
      "Position":{
        "x":-3.8275,
        "y":2.5
      },
      "OutputPinColourInfo":[{"PinColour":0,"PinID":41096156}],
      "InternalData":null
    },
    {
      "Name":"XOR",
      "ID":122740780,
      "Label":"",
      "Position":{
        "x":-3.9525,
        "y":0.375
      },
      "OutputPinColourInfo":[{"PinColour":0,"PinID":41096156}],
      "InternalData":null
    },
    {
      "Name":"XOR",
      "ID":2010666728,
      "Label":"",
      "Position":{
        "x":1.6725,
        "y":0.5
      },
      "OutputPinColourInfo":[{"PinColour":0,"PinID":41096156}],
      "InternalData":null
    },
    {
      "Name":"NOR",
      "ID":2018721256,
      "Label":"",
      "Position":{
        "x":-3.8275,
        "y":1.375
      },
      "OutputPinColourInfo":[{"PinColour":0,"PinID":424647267}],
      "InternalData":null
    },
    {
      "Name":"NOR",
      "ID":877191915,
      "Label":"",
      "Position":{
        "x":-1.7025,
        "y":3.0
      },
      "OutputPinColourInfo":[{"PinColour":0,"PinID":424647267}],
      "InternalData":null
    },
    {
      "Name":"NOR",
      "ID":1236508213,
      "Label":"",
      "Position":{
        "x":-0.7025,
        "y":2.875
      },
      "OutputPinColourInfo":[{"PinColour":0,"PinID":424647267}],
      "InternalData":null
    },
    {
      "Name":"NOR",
      "ID":557809662,
      "Label":"",
      "Position":{
        "x":1.6725,
        "y":1.8125
      },
      "OutputPinColourInfo":[{"PinColour":0,"PinID":424647267}],
      "InternalData":null
    },
    {
      "Name":"AND",
      "ID":562190933,
      "Label":"",
      "Position":{
        "x":1.6725,
        "y":1.1875
      },
      "OutputPinColourInfo":[{"PinColour":0,"PinID":1934042572}],
      "InternalData":null
    },
    {
      "Name":"OR",
      "ID":779275631,
      "Label":"",
      "Position":{
        "x":-0.765,
        "y":1.375
      },
      "OutputPinColourInfo":[{"PinColour":0,"PinID":41096156}],
      "InternalData":null
    }
  ],
  "Wires":[
    {
      "SourcePinAddress":{
        "PinID":1934042572,
        "PinOwnerID":562190933
      },
      "TargetPinAddress":{
        "PinID":0,
        "PinOwnerID":1420475992
      },
      "ConnectionType":0,
      "ConnectedWireIndex":-1,
      "ConnectedWireSegmentIndex":-1,
      "Points":[{"x":0.0,"y":0.0},{"x":2.1875,"y":1.1875},{"x":2.1875,"y":1.3125},{"x":0.0,"y":0.0}]
    },
    {
      "SourcePinAddress":{
        "PinID":424647267,
        "PinOwnerID":557809662
      },
      "TargetPinAddress":{
        "PinID":0,
        "PinOwnerID":1758809052
      },
      "ConnectionType":0,
      "ConnectedWireIndex":-1,
      "ConnectedWireSegmentIndex":-1,
      "Points":[{"x":0.0,"y":0.0},{"x":0.0,"y":0.0}]
    },
    {
      "SourcePinAddress":{
        "PinID":41096156,
        "PinOwnerID":2010666728
      },
      "TargetPinAddress":{
        "PinID":0,
        "PinOwnerID":990967375
      },
      "ConnectionType":0,
      "ConnectedWireIndex":-1,
      "ConnectedWireSegmentIndex":-1,
      "Points":[{"x":0.0,"y":0.0},{"x":3.125,"y":0.5},{"x":3.125,"y":0.8125},{"x":4.0,"y":0.8125},{"x":0.0,"y":0.0}]
    },
    {
      "SourcePinAddress":{
        "PinID":424647267,
        "PinOwnerID":1236508213
      },
      "TargetPinAddress":{
        "PinID":0,
        "PinOwnerID":377153369
      },
      "ConnectionType":0,
      "ConnectedWireIndex":-1,
      "ConnectedWireSegmentIndex":-1,
      "Points":[{"x":0.0,"y":0.0},{"x":2.375,"y":2.875},{"x":2.375,"y":2.3125},{"x":0.0,"y":0.0}]
    },
    {
      "SourcePinAddress":{
        "PinID":424647267,
        "PinOwnerID":877191915
      },
      "TargetPinAddress":{
        "PinID":1274376417,
        "PinOwnerID":1236508213
      },
      "ConnectionType":0,
      "ConnectedWireIndex":-1,
      "ConnectedWireSegmentIndex":-1,
      "Points":[{"x":0.0,"y":0.0},{"x":0.0,"y":0.0}]
    },
    {
      "SourcePinAddress":{
        "PinID":0,
        "PinOwnerID":1063665639
      },
      "TargetPinAddress":{
        "PinID":198837197,
        "PinOwnerID":219250187
      },
      "ConnectionType":0,
      "ConnectedWireIndex":-1,
      "ConnectedWireSegmentIndex":-1,
      "Points":[{"x":0.0,"y":0.0},{"x":-5.3125,"y":0.8125},{"x":-5.3125,"y":2.375},{"x":0.0,"y":0.0}]
    },
    {
      "SourcePinAddress":{
        "PinID":0,
        "PinOwnerID":1063665639
      },
      "TargetPinAddress":{
        "PinID":198837197,
        "PinOwnerID":2010666728
      },
      "ConnectionType":1,
      "ConnectedWireIndex":5,
      "ConnectedWireSegmentIndex":1,
      "Points":[{"x":-5.3125,"y":0.875},{"x":-5.3125,"y":0.0625},{"x":0.5625,"y":0.0625},{"x":0.5625,"y":0.375},{"x":0.0,"y":0.0}]
    },
    {
      "SourcePinAddress":{
        "PinID":0,
        "PinOwnerID":551597932
      },
      "TargetPinAddress":{
        "PinID":119103719,
        "PinOwnerID":557809662
      },
      "ConnectionType":0,
      "ConnectedWireIndex":-1,
      "ConnectedWireSegmentIndex":-1,
      "Points":[{"x":0.0,"y":0.0},{"x":-5.0625,"y":1.3125},{"x":-5.0625,"y":1.0},{"x":0.5,"y":1.0},{"x":0.5,"y":1.6875},{"x":0.0,"y":0.0}]
    },
    {
      "SourcePinAddress":{
        "PinID":0,
        "PinOwnerID":551597932
      },
      "TargetPinAddress":{
        "PinID":1059060280,
        "PinOwnerID":122740780
      },
      "ConnectionType":1,
      "ConnectedWireIndex":7,
      "ConnectedWireSegmentIndex":2,
      "Points":[{"x":-4.5,"y":1.0},{"x":-4.5,"y":0.5},{"x":0.0,"y":0.0}]
    },
    {
      "SourcePinAddress":{
        "PinID":0,
        "PinOwnerID":915475924
      },
      "TargetPinAddress":{
        "PinID":1274376417,
        "PinOwnerID":2018721256
      },
      "ConnectionType":0,
      "ConnectedWireIndex":-1,
      "ConnectedWireSegmentIndex":-1,
      "Points":[{"x":0.0,"y":0.0},{"x":-4.75,"y":1.8125},{"x":-4.75,"y":1.5},{"x":0.0,"y":0.0}]
    },
    {
      "SourcePinAddress":{
        "PinID":0,
        "PinOwnerID":1787955624
      },
      "TargetPinAddress":{
        "PinID":1059060280,
        "PinOwnerID":219250187
      },
      "ConnectionType":0,
      "ConnectedWireIndex":-1,
      "ConnectedWireSegmentIndex":-1,
      "Points":[{"x":0.0,"y":0.0},{"x":-4.5625,"y":2.3125},{"x":-4.5625,"y":2.625},{"x":0.0,"y":0.0}]
    },
    {
      "SourcePinAddress":{
        "PinID":0,
        "PinOwnerID":1787955624
      },
      "TargetPinAddress":{
        "PinID":198837197,
        "PinOwnerID":122740780
      },
      "ConnectionType":1,
      "ConnectedWireIndex":10,
      "ConnectedWireSegmentIndex":0,
      "Points":[{"x":-5.6875,"y":2.3125},{"x":-5.6875,"y":0.25},{"x":0.0,"y":0.0}]
    },
    {
      "SourcePinAddress":{
        "PinID":0,
        "PinOwnerID":1787955624
      },
      "TargetPinAddress":{
        "PinID":119103719,
        "PinOwnerID":2018721256
      },
      "ConnectionType":1,
      "ConnectedWireIndex":11,
      "ConnectedWireSegmentIndex":0,
      "Points":[{"x":-5.6875,"y":1.25},{"x":0.0,"y":0.0}]
    },
    {
      "SourcePinAddress":{
        "PinID":41096156,
        "PinOwnerID":219250187
      },
      "TargetPinAddress":{
        "PinID":1274376417,
        "PinOwnerID":877191915
      },
      "ConnectionType":0,
      "ConnectedWireIndex":-1,
      "ConnectedWireSegmentIndex":-1,
      "Points":[{"x":0.0,"y":0.0},{"x":-2.6875,"y":2.5},{"x":-2.6875,"y":3.125},{"x":0.0,"y":0.0}]
    },
    {
      "SourcePinAddress":{
        "PinID":41096156,
        "PinOwnerID":219250187
      },
      "TargetPinAddress":{
        "PinID":1059060280,
        "PinOwnerID":779275631
      },
      "ConnectionType":1,
      "ConnectedWireIndex":13,
      "ConnectedWireSegmentIndex":2,
      "Points":[{"x":-2.25,"y":3.125},{"x":-2.25,"y":1.5},{"x":0.0,"y":0.0}]
    },
    {
      "SourcePinAddress":{
        "PinID":41096156,
        "PinOwnerID":122740780
      },
      "TargetPinAddress":{
        "PinID":1522459734,
        "PinOwnerID":562190933
      },
      "ConnectionType":0,
      "ConnectedWireIndex":-1,
      "ConnectedWireSegmentIndex":-1,
      "Points":[{"x":0.0,"y":0.0},{"x":-0.375,"y":0.375},{"x":0.75,"y":0.375},{"x":0.75,"y":1.0625},{"x":0.0,"y":0.0}]
    },
    {
      "SourcePinAddress":{
        "PinID":41096156,
        "PinOwnerID":122740780
      },
      "TargetPinAddress":{
        "PinID":119103719,
        "PinOwnerID":877191915
      },
      "ConnectionType":1,
      "ConnectedWireIndex":15,
      "ConnectedWireSegmentIndex":0,
      "Points":[{"x":-2.5,"y":0.375},{"x":-2.5,"y":2.875},{"x":0.0,"y":0.0}]
    },
    {
      "SourcePinAddress":{
        "PinID":424647267,
        "PinOwnerID":2018721256
      },
      "TargetPinAddress":{
        "PinID":198837197,
        "PinOwnerID":779275631
      },
      "ConnectionType":0,
      "ConnectedWireIndex":-1,
      "ConnectedWireSegmentIndex":-1,
      "Points":[{"x":0.0,"y":0.0},{"x":-1.4375,"y":1.375},{"x":-1.4375,"y":1.25},{"x":0.0,"y":0.0}]
    },
    {
      "SourcePinAddress":{
        "PinID":424647267,
        "PinOwnerID":2018721256
      },
      "TargetPinAddress":{
        "PinID":119103719,
        "PinOwnerID":1236508213
      },
      "ConnectionType":1,
      "ConnectedWireIndex":17,
      "ConnectedWireSegmentIndex":0,
      "Points":[{"x":-1.8125,"y":1.375},{"x":-1.8125,"y":1.875},{"x":-0.875,"y":1.875},{"x":-0.875,"y":2.375},{"x":-1.1875,"y":2.375},{"x":-1.1875,"y":2.75},{"x":0.0,"y":0.0}]
    },
    {
      "SourcePinAddress":{
        "PinID":424647267,
        "PinOwnerID":1236508213
      },
      "TargetPinAddress":{
        "PinID":1059060280,
        "PinOwnerID":2010666728
      },
      "ConnectionType":1,
      "ConnectedWireIndex":3,
      "ConnectedWireSegmentIndex":0,
      "Points":[{"x":0.6875,"y":2.875},{"x":0.6875,"y":0.625},{"x":0.0,"y":0.0}]
    },
    {
      "SourcePinAddress":{
        "PinID":41096156,
        "PinOwnerID":779275631
      },
      "TargetPinAddress":{
        "PinID":1274376417,
        "PinOwnerID":557809662
      },
      "ConnectionType":0,
      "ConnectedWireIndex":-1,
      "ConnectedWireSegmentIndex":-1,
      "Points":[{"x":0.0,"y":0.0},{"x":0.1875,"y":1.375},{"x":0.1875,"y":1.9375},{"x":0.0,"y":0.0}]
    },
    {
      "SourcePinAddress":{
        "PinID":41096156,
        "PinOwnerID":779275631
      },
      "TargetPinAddress":{
        "PinID":818357688,
        "PinOwnerID":562190933
      },
      "ConnectionType":1,
      "ConnectedWireIndex":20,
      "ConnectedWireSegmentIndex":2,
      "Points":[{"x":0.8125,"y":1.9375},{"x":0.8125,"y":1.3125},{"x":0.0,"y":0.0}]
    }
  ],
  "Displays":[]
}