{
  "DLSVersion": "2.1.6",
  "Name": "DEC-16",
  "NameLocation": 0,
  "ChipType": 0,
  "Size": {
    "x": 1.325,
    "y": 4.0
  },
  "Colour": {
    "r": 0.9137096,
    "g": 0.88009876,
    "b": 0.102144033,
    "a": 1
  },
  "InputPins":[
    {
      "Name":"ADDR",
      "ID":1547211972,
      "Position":{
        "x":-11.0,
        "y":1.375
      },
      "BitCount":4,
      "Colour":3,
      "ValueDisplayMode":0
    },
    {
      "Name":"IN",
      "ID":1118433863,
      "Position":{
        "x":-11.625,
        "y":0.3125
      },
      "BitCount":1,
      "Colour":0,
      "ValueDisplayMode":0
    }
  ],
  "OutputPins":[
    {
      "Name":"CNG",
      "ID":1194068813,
      "Position":{
        "x":-0.25,
        "y":3.4375
      },
      "BitCount":1,
      "Colour":0,
      "ValueDisplayMode":0
    },
    {
      "Name":"OUT",
      "ID":2120347980,
      "Position":{
        "x":3.125,
        "y":3.3125
      },
      "BitCount":1,
      "Colour":0,
      "ValueDisplayMode":0
    },
    {
      "Name":"CLC",
      "ID":1884987406,
      "Position":{
        "x":5.875,
        "y":3.3125
      },
      "BitCount":1,
      "Colour":0,
      "ValueDisplayMode":0
    },
    {
      "Name":"RRC",
      "ID":734976746,
      "Position":{
        "x":7.125,
        "y":2.0625
      },
      "BitCount":1,
      "Colour":0,
      "ValueDisplayMode":0
    },
    {
      "Name":"!!!!",
      "ID":640014842,
      "Position":{
        "x":11.625,
        "y":2.0625
      },
      "BitCount":1,
      "Colour":0,
      "ValueDisplayMode":0
    },
    {
      "Name":"NIL",
      "ID":197563902,
      "Position":{
        "x":2.875,
        "y":1.9375
      },
      "BitCount":1,
      "Colour":0,
      "ValueDisplayMode":0
    },
    {
      "Name":"SBM",
      "ID":2000291546,
      "Position":{
        "x":-0.375,
        "y":1.625
      },
      "BitCount":1,
      "Colour":0,
      "ValueDisplayMode":0
    },
    {
      "Name":"JMP",
      "ID":2074098886,
      "Position":{
        "x":11.625,
        "y":1.5625
      },
      "BitCount":1,
      "Colour":0,
      "ValueDisplayMode":0
    },
    {
      "Name":"SRC",
      "ID":1864045819,
      "Position":{
        "x":11.625,
        "y":1.0625
      },
      "BitCount":1,
      "Colour":0,
      "ValueDisplayMode":0
    },
    {
      "Name":"RIN",
      "ID":1064401464,
      "Position":{
        "x":11.625,
        "y":0.5625
      },
      "BitCount":1,
      "Colour":0,
      "ValueDisplayMode":0
    },
    {
      "Name":"BMM",
      "ID":1301049964,
      "Position":{
        "x":-0.25,
        "y":0.1875
      },
      "BitCount":1,
      "Colour":0,
      "ValueDisplayMode":0
    },
    {
      "Name":"CZR",
      "ID":195576675,
      "Position":{
        "x":3.125,
        "y":0.1875
      },
      "BitCount":1,
      "Colour":0,
      "ValueDisplayMode":0
    },
    {
      "Name":"SCR",
      "ID":1534967639,
      "Position":{
        "x":7.0,
        "y":0.0625
      },
      "BitCount":1,
      "Colour":0,
      "ValueDisplayMode":0
    },
    {
      "Name":"CPU",
      "ID":1409356064,
      "Position":{
        "x":6.25,
        "y":-1.5625
      },
      "BitCount":1,
      "Colour":0,
      "ValueDisplayMode":0
    },
    {
      "Name":"CPS",
      "ID":236157970,
      "Position":{
        "x":2.375,
        "y":-1.625
      },
      "BitCount":1,
      "Colour":0,
      "ValueDisplayMode":0
    },
    {
      "Name":"BMP",
      "ID":1613947385,
      "Position":{
        "x":-0.375,
        "y":-1.6875
      },
      "BitCount":1,
      "Colour":0,
      "ValueDisplayMode":0
    }
  ],
  "SubChips":[
    {
      "Name":"4-1BIT",
      "ID":1654650219,
      "Label":"",
      "Position":{
        "x":-8.5525,
        "y":1.375
      },
      "OutputPinColourInfo":[{"PinColour":4,"PinID":1},{"PinColour":4,"PinID":2},{"PinColour":3,"PinID":3},{"PinColour":3,"PinID":4}],
      "InternalData":null
    },
    {
      "Name":"DECODE 2-4",
      "ID":575847408,
      "Label":"COLUMN",
      "Position":{
        "x":-6.2525,
        "y":2.6875
      },
      "OutputPinColourInfo":[{"PinColour":4,"PinID":65463274},{"PinColour":4,"PinID":2089928040},{"PinColour":4,"PinID":1590204806},{"PinColour":4,"PinID":1667730768}],
      "InternalData":null
    },
    {
      "Name":"DECODE 2-4",
      "ID":1230857632,
      "Label":"ROW",
      "Position":{
        "x":-6.2525,
        "y":0.0625
      },
      "OutputPinColourInfo":[{"PinColour":3,"PinID":65463274},{"PinColour":3,"PinID":2089928040},{"PinColour":3,"PinID":1590204806},{"PinColour":3,"PinID":1667730768}],
      "InternalData":null
    },
    {
      "Name":"AND",
      "ID":88468657,
      "Label":"",
      "Position":{
        "x":-1.7025,
        "y":3.375
      },
      "OutputPinColourInfo":[{"PinColour":0,"PinID":1934042572}],
      "InternalData":null
    },
    {
      "Name":"AND",
      "ID":530631286,
      "Label":"",
      "Position":{
        "x":-1.9525,
        "y":1.5625
      },
      "OutputPinColourInfo":[{"PinColour":0,"PinID":1934042572}],
      "InternalData":null
    },
    {
      "Name":"AND",
      "ID":232348395,
      "Label":"",
      "Position":{
        "x":-1.8275,
        "y":-0.125
      },
      "OutputPinColourInfo":[{"PinColour":0,"PinID":1934042572}],
      "InternalData":null
    },
    {
      "Name":"AND",
      "ID":306156769,
      "Label":"",
      "Position":{
        "x":0.9225,
        "y":-1.625
      },
      "OutputPinColourInfo":[{"PinColour":0,"PinID":1934042572}],
      "InternalData":null
    },
    {
      "Name":"AND",
      "ID":438009930,
      "Label":"",
      "Position":{
        "x":1.4225,
        "y":0.25
      },
      "OutputPinColourInfo":[{"PinColour":0,"PinID":1934042572}],
      "InternalData":null
    },
    {
      "Name":"AND",
      "ID":2101219617,
      "Label":"",
      "Position":{
        "x":1.2975,
        "y":1.9375
      },
      "OutputPinColourInfo":[{"PinColour":0,"PinID":1934042572}],
      "InternalData":null
    },
    {
      "Name":"AND",
      "ID":557743191,
      "Label":"",
      "Position":{
        "x":1.4225,
        "y":3.375
      },
      "OutputPinColourInfo":[{"PinColour":0,"PinID":1934042572}],
      "InternalData":null
    },
    {
      "Name":"AND",
      "ID":1027657439,
      "Label":"",
      "Position":{
        "x":4.2975,
        "y":3.3125
      },
      "OutputPinColourInfo":[{"PinColour":0,"PinID":1934042572}],
      "InternalData":null
    },
    {
      "Name":"AND",
      "ID":327397013,
      "Label":"",
      "Position":{
        "x":4.4225,
        "y":2.0
      },
      "OutputPinColourInfo":[{"PinColour":0,"PinID":1934042572}],
      "InternalData":null
    },
    {
      "Name":"AND",
      "ID":1905369908,
      "Label":"",
      "Position":{
        "x":4.2975,
        "y":-1.625
      },
      "OutputPinColourInfo":[{"PinColour":0,"PinID":1934042572}],
      "InternalData":null
    },
    {
      "Name":"AND",
      "ID":1514216847,
      "Label":"",
      "Position":{
        "x":4.4225,
        "y":0.25
      },
      "OutputPinColourInfo":[{"PinColour":0,"PinID":1934042572}],
      "InternalData":null
    },
    {
      "Name":"AND",
      "ID":1445625769,
      "Label":"",
      "Position":{
        "x":8.4225,
        "y":3.375
      },
      "OutputPinColourInfo":[{"PinColour":0,"PinID":1934042572}],
      "InternalData":null
    },
    {
      "Name":"AND",
      "ID":849238247,
      "Label":"",
      "Position":{
        "x":8.2975,
        "y":0.125
      },
      "OutputPinColourInfo":[{"PinColour":0,"PinID":1934042572}],
      "InternalData":null
    },
    {
      "Name":"AND",
      "ID":1280556341,
      "Label":"",
      "Position":{
        "x":8.4225,
        "y":2.125
      },
      "OutputPinColourInfo":[{"PinColour":0,"PinID":1934042572}],
      "InternalData":null
    },
    {
      "Name":"AND",
      "ID":877299477,
      "Label":"",
      "Position":{
        "x":8.2975,
        "y":-1.6875
      },
      "OutputPinColourInfo":[{"PinColour":0,"PinID":1934042572}],
      "InternalData":null
    },
    {
      "Name":"AND",
      "ID":954011141,
      "Label":"",
      "Position":{
        "x":-1.9525,
        "y":-1.875
      },
      "OutputPinColourInfo":[{"PinColour":0,"PinID":1934042572}],
      "InternalData":null
    },
    {
      "Name":"BUS BUFFER",
      "ID":171181984,
      "Label":"",
      "Position":{
        "x":-9.94,
        "y":0.5625
      },
      "OutputPinColourInfo":[{"PinColour":0,"PinID":1946253703}],
      "InternalData":null
    }
  ],
  "Wires":[
    {
      "SourcePinAddress":{
        "PinID":3,
        "PinOwnerID":1654650219
      },
      "TargetPinAddress":{
        "PinID":1380188487,
        "PinOwnerID":1230857632
      },
      "ConnectionType":0,
      "ConnectedWireIndex":-1,
      "ConnectedWireSegmentIndex":-1,
      "Points":[{"x":0.0,"y":0.0},{"x":-7.25,"y":1.25},{"x":-7.25,"y":0.4375},{"x":0.0,"y":0.0}]
    },
    {
      "SourcePinAddress":{
        "PinID":4,
        "PinOwnerID":1654650219
      },
      "TargetPinAddress":{
        "PinID":945235042,
        "PinOwnerID":1230857632
      },
      "ConnectionType":0,
      "ConnectedWireIndex":-1,
      "ConnectedWireSegmentIndex":-1,
      "Points":[{"x":0.0,"y":0.0},{"x":-7.4375,"y":1.0},{"x":-7.4375,"y":-0.3125},{"x":0.0,"y":0.0}]
    },
    {
      "SourcePinAddress":{
        "PinID":2,
        "PinOwnerID":1654650219
      },
      "TargetPinAddress":{
        "PinID":945235042,
        "PinOwnerID":575847408
      },
      "ConnectionType":0,
      "ConnectedWireIndex":-1,
      "ConnectedWireSegmentIndex":-1,
      "Points":[{"x":0.0,"y":0.0},{"x":-7.375,"y":1.5},{"x":-7.375,"y":2.3125},{"x":0.0,"y":0.0}]
    },
    {
      "SourcePinAddress":{
        "PinID":1,
        "PinOwnerID":1654650219
      },
      "TargetPinAddress":{
        "PinID":1380188487,
        "PinOwnerID":575847408
      },
      "ConnectionType":0,
      "ConnectedWireIndex":-1,
      "ConnectedWireSegmentIndex":-1,
      "Points":[{"x":0.0,"y":0.0},{"x":-7.5,"y":1.75},{"x":-7.5,"y":3.0625},{"x":0.0,"y":0.0}]
    },
    {
      "SourcePinAddress":{
        "PinID":1667730768,
        "PinOwnerID":575847408
      },
      "TargetPinAddress":{
        "PinID":1522459734,
        "PinOwnerID":88468657
      },
      "ConnectionType":0,
      "ConnectedWireIndex":-1,
      "ConnectedWireSegmentIndex":-1,
      "Points":[{"x":0.0,"y":0.0},{"x":-4.1875,"y":2.3125},{"x":-3.5,"y":2.3125},{"x":-3.5,"y":3.125},{"x":-2.625,"y":3.125},{"x":-2.625,"y":3.0625},{"x":0.0,"y":0.0}]
    },
    {
      "SourcePinAddress":{
        "PinID":65463274,
        "PinOwnerID":1230857632
      },
      "TargetPinAddress":{
        "PinID":818357688,
        "PinOwnerID":88468657
      },
      "ConnectionType":0,
      "ConnectedWireIndex":-1,
      "ConnectedWireSegmentIndex":-1,
      "Points":[{"x":0.0,"y":0.0},{"x":-4.75,"y":0.4375},{"x":-4.75,"y":1.3125},{"x":-3.25,"y":1.3125},{"x":-3.25,"y":2.875},{"x":-2.4375,"y":2.875},{"x":0.0,"y":0.0}]
    },
    {
      "SourcePinAddress":{
        "PinID":1934042572,
        "PinOwnerID":88468657
      },
      "TargetPinAddress":{
        "PinID":0,
        "PinOwnerID":1194068813
      },
      "ConnectionType":0,
      "ConnectedWireIndex":-1,
      "ConnectedWireSegmentIndex":-1,
      "Points":[{"x":0.0,"y":0.0},{"x":0.0,"y":0.0}]
    },
    {
      "SourcePinAddress":{
        "PinID":1667730768,
        "PinOwnerID":575847408
      },
      "TargetPinAddress":{
        "PinID":818357688,
        "PinOwnerID":530631286
      },
      "ConnectionType":0,
      "ConnectedWireIndex":-1,
      "ConnectedWireSegmentIndex":-1,
      "Points":[{"x":0.0,"y":0.0},{"x":-4.1875,"y":2.3125},{"x":-3.5,"y":2.3125},{"x":-3.5,"y":3.125},{"x":-2.625,"y":3.125},{"x":-2.625,"y":1.6875},{"x":0.0,"y":0.0}]
    },
    {
      "SourcePinAddress":{
        "PinID":2089928040,
        "PinOwnerID":1230857632
      },
      "TargetPinAddress":{
        "PinID":1522459734,
        "PinOwnerID":530631286
      },
      "ConnectionType":0,
      "ConnectedWireIndex":-1,
      "ConnectedWireSegmentIndex":-1,
      "Points":[{"x":0.0,"y":0.0},{"x":-4.1875,"y":0.1875},{"x":-4.1875,"y":1.0625},{"x":-2.375,"y":1.0625},{"x":0.0,"y":0.0}]
    },
    {
      "SourcePinAddress":{
        "PinID":1667730768,
        "PinOwnerID":575847408
      },
      "TargetPinAddress":{
        "PinID":818357688,
        "PinOwnerID":232348395
      },
      "ConnectionType":0,
      "ConnectedWireIndex":-1,
      "ConnectedWireSegmentIndex":-1,
      "Points":[{"x":0.0,"y":0.0},{"x":-4.1875,"y":2.3125},{"x":-3.5,"y":2.3125},{"x":-3.5,"y":3.125},{"x":-2.625,"y":3.125},{"x":-2.625,"y":-0.0625},{"x":0.0,"y":0.0}]
    },
    {
      "SourcePinAddress":{
        "PinID":1590204806,
        "PinOwnerID":1230857632
      },
      "TargetPinAddress":{
        "PinID":1522459734,
        "PinOwnerID":232348395
      },
      "ConnectionType":0,
      "ConnectedWireIndex":-1,
      "ConnectedWireSegmentIndex":-1,
      "Points":[{"x":0.0,"y":0.0},{"x":-4.5,"y":-0.0625},{"x":-4.5,"y":-0.5625},{"x":-2.4375,"y":-0.5625},{"x":0.0,"y":0.0}]
    },
    {
      "SourcePinAddress":{
        "PinID":1934042572,
        "PinOwnerID":530631286
      },
      "TargetPinAddress":{
        "PinID":0,
        "PinOwnerID":2000291546
      },
      "ConnectionType":0,
      "ConnectedWireIndex":-1,
      "ConnectedWireSegmentIndex":-1,
      "Points":[{"x":0.0,"y":0.0},{"x":0.0,"y":0.0}]
    },
    {
      "SourcePinAddress":{
        "PinID":1934042572,
        "PinOwnerID":232348395
      },
      "TargetPinAddress":{
        "PinID":0,
        "PinOwnerID":1301049964
      },
      "ConnectionType":0,
      "ConnectedWireIndex":-1,
      "ConnectedWireSegmentIndex":-1,
      "Points":[{"x":0.0,"y":0.0},{"x":0.0,"y":0.0}]
    },
    {
      "SourcePinAddress":{
        "PinID":1590204806,
        "PinOwnerID":575847408
      },
      "TargetPinAddress":{
        "PinID":818357688,
        "PinOwnerID":306156769
      },
      "ConnectionType":0,
      "ConnectedWireIndex":-1,
      "ConnectedWireSegmentIndex":-1,
      "Points":[{"x":0.0,"y":0.0},{"x":-1.0,"y":2.5625},{"x":-0.375,"y":2.5625},{"x":-0.375,"y":3.125},{"x":0.625,"y":3.125},{"x":0.625,"y":-0.25},{"x":0.0,"y":0.0}]
    },
    {
      "SourcePinAddress":{
        "PinID":1667730768,
        "PinOwnerID":1230857632
      },
      "TargetPinAddress":{
        "PinID":1522459734,
        "PinOwnerID":306156769
      },
      "ConnectionType":0,
      "ConnectedWireIndex":-1,
      "ConnectedWireSegmentIndex":-1,
      "Points":[{"x":0.0,"y":0.0},{"x":-4.625,"y":-0.3125},{"x":-4.625,"y":-2.625},{"x":0.5,"y":-2.625},{"x":0.0,"y":0.0}]
    },
    {
      "SourcePinAddress":{
        "PinID":1934042572,
        "PinOwnerID":306156769
      },
      "TargetPinAddress":{
        "PinID":0,
        "PinOwnerID":236157970
      },
      "ConnectionType":0,
      "ConnectedWireIndex":-1,
      "ConnectedWireSegmentIndex":-1,
      "Points":[{"x":0.0,"y":0.0},{"x":0.0,"y":0.0}]
    },
    {
      "SourcePinAddress":{
        "PinID":1590204806,
        "PinOwnerID":1230857632
      },
      "TargetPinAddress":{
        "PinID":1522459734,
        "PinOwnerID":438009930
      },
      "ConnectionType":0,
      "ConnectedWireIndex":-1,
      "ConnectedWireSegmentIndex":-1,
      "Points":[{"x":0.0,"y":0.0},{"x":-4.5,"y":-0.0625},{"x":-4.5,"y":-0.5625},{"x":0.8125,"y":-0.5625},{"x":0.0,"y":0.0}]
    },
    {
      "SourcePinAddress":{
        "PinID":1590204806,
        "PinOwnerID":575847408
      },
      "TargetPinAddress":{
        "PinID":818357688,
        "PinOwnerID":438009930
      },
      "ConnectionType":1,
      "ConnectedWireIndex":13,
      "ConnectedWireSegmentIndex":4,
      "Points":[{"x":0.625,"y":0.375},{"x":0.0,"y":0.0}]
    },
    {
      "SourcePinAddress":{
        "PinID":1934042572,
        "PinOwnerID":438009930
      },
      "TargetPinAddress":{
        "PinID":0,
        "PinOwnerID":195576675
      },
      "ConnectionType":0,
      "ConnectedWireIndex":-1,
      "ConnectedWireSegmentIndex":-1,
      "Points":[{"x":0.0,"y":0.0},{"x":0.0,"y":0.0}]
    },
    {
      "SourcePinAddress":{
        "PinID":1590204806,
        "PinOwnerID":575847408
      },
      "TargetPinAddress":{
        "PinID":818357688,
        "PinOwnerID":2101219617
      },
      "ConnectionType":1,
      "ConnectedWireIndex":13,
      "ConnectedWireSegmentIndex":4,
      "Points":[{"x":0.625,"y":2.0625},{"x":0.0,"y":0.0}]
    },
    {
      "SourcePinAddress":{
        "PinID":2089928040,
        "PinOwnerID":1230857632
      },
      "TargetPinAddress":{
        "PinID":1522459734,
        "PinOwnerID":2101219617
      },
      "ConnectionType":0,
      "ConnectedWireIndex":-1,
      "ConnectedWireSegmentIndex":-1,
      "Points":[{"x":0.0,"y":0.0},{"x":-4.1875,"y":0.1875},{"x":-4.1875,"y":1.0625},{"x":0.875,"y":1.0625},{"x":0.0,"y":0.0}]
    },
    {
      "SourcePinAddress":{
        "PinID":1934042572,
        "PinOwnerID":2101219617
      },
      "TargetPinAddress":{
        "PinID":0,
        "PinOwnerID":197563902
      },
      "ConnectionType":0,
      "ConnectedWireIndex":-1,
      "ConnectedWireSegmentIndex":-1,
      "Points":[{"x":0.0,"y":0.0},{"x":0.0,"y":0.0}]
    },
    {
      "SourcePinAddress":{
        "PinID":65463274,
        "PinOwnerID":1230857632
      },
      "TargetPinAddress":{
        "PinID":1522459734,
        "PinOwnerID":557743191
      },
      "ConnectionType":0,
      "ConnectedWireIndex":-1,
      "ConnectedWireSegmentIndex":-1,
      "Points":[{"x":0.0,"y":0.0},{"x":-4.75,"y":0.4375},{"x":-4.75,"y":1.3125},{"x":-3.25,"y":1.3125},{"x":-3.25,"y":2.875},{"x":1.125,"y":2.875},{"x":0.0,"y":0.0}]
    },
    {
      "SourcePinAddress":{
        "PinID":1590204806,
        "PinOwnerID":575847408
      },
      "TargetPinAddress":{
        "PinID":818357688,
        "PinOwnerID":557743191
      },
      "ConnectionType":1,
      "ConnectedWireIndex":13,
      "ConnectedWireSegmentIndex":3,
      "Points":[{"x":0.5625,"y":3.125},{"x":0.0,"y":0.0}]
    },
    {
      "SourcePinAddress":{
        "PinID":1934042572,
        "PinOwnerID":557743191
      },
      "TargetPinAddress":{
        "PinID":0,
        "PinOwnerID":2120347980
      },
      "ConnectionType":0,
      "ConnectedWireIndex":-1,
      "ConnectedWireSegmentIndex":-1,
      "Points":[{"x":0.0,"y":0.0},{"x":0.0,"y":0.0}]
    },
    {
      "SourcePinAddress":{
        "PinID":2089928040,
        "PinOwnerID":575847408
      },
      "TargetPinAddress":{
        "PinID":818357688,
        "PinOwnerID":1027657439
      },
      "ConnectionType":0,
      "ConnectedWireIndex":-1,
      "ConnectedWireSegmentIndex":-1,
      "Points":[{"x":0.0,"y":0.0},{"x":-4.5625,"y":2.8125},{"x":-4.5625,"y":4.1875},{"x":3.4375,"y":4.1875},{"x":3.4375,"y":3.4375},{"x":0.0,"y":0.0}]
    },
    {
      "SourcePinAddress":{
        "PinID":65463274,
        "PinOwnerID":1230857632
      },
      "TargetPinAddress":{
        "PinID":1522459734,
        "PinOwnerID":1027657439
      },
      "ConnectionType":0,
      "ConnectedWireIndex":-1,
      "ConnectedWireSegmentIndex":-1,
      "Points":[{"x":0.0,"y":0.0},{"x":-4.75,"y":0.4375},{"x":-4.75,"y":1.3125},{"x":-3.25,"y":1.3125},{"x":-3.25,"y":2.875},{"x":3.75,"y":2.875},{"x":0.0,"y":0.0}]
    },
    {
      "SourcePinAddress":{
        "PinID":1934042572,
        "PinOwnerID":1027657439
      },
      "TargetPinAddress":{
        "PinID":0,
        "PinOwnerID":1884987406
      },
      "ConnectionType":0,
      "ConnectedWireIndex":-1,
      "ConnectedWireSegmentIndex":-1,
      "Points":[{"x":0.0,"y":0.0},{"x":0.0,"y":0.0}]
    },
    {
      "SourcePinAddress":{
        "PinID":2089928040,
        "PinOwnerID":575847408
      },
      "TargetPinAddress":{
        "PinID":818357688,
        "PinOwnerID":327397013
      },
      "ConnectionType":1,
      "ConnectedWireIndex":25,
      "ConnectedWireSegmentIndex":3,
      "Points":[{"x":3.4375,"y":3.4375},{"x":3.4375,"y":2.125},{"x":0.0,"y":0.0}]
    },
    {
      "SourcePinAddress":{
        "PinID":2089928040,
        "PinOwnerID":575847408
      },
      "TargetPinAddress":{
        "PinID":818357688,
        "PinOwnerID":1514216847
      },
      "ConnectionType":1,
      "ConnectedWireIndex":28,
      "ConnectedWireSegmentIndex":0,
      "Points":[{"x":3.4375,"y":2.125},{"x":3.4375,"y":0.375},{"x":0.0,"y":0.0}]
    },
    {
      "SourcePinAddress":{
        "PinID":2089928040,
        "PinOwnerID":575847408
      },
      "TargetPinAddress":{
        "PinID":818357688,
        "PinOwnerID":1905369908
      },
      "ConnectionType":1,
      "ConnectedWireIndex":29,
      "ConnectedWireSegmentIndex":0,
      "Points":[{"x":3.4375,"y":0.375},{"x":3.4375,"y":-1.5},{"x":0.0,"y":0.0}]
    },
    {
      "SourcePinAddress":{
        "PinID":1667730768,
        "PinOwnerID":1230857632
      },
      "TargetPinAddress":{
        "PinID":1522459734,
        "PinOwnerID":1905369908
      },
      "ConnectionType":1,
      "ConnectedWireIndex":14,
      "ConnectedWireSegmentIndex":2,
      "Points":[{"x":0.5,"y":-2.625},{"x":4.0,"y":-2.625},{"x":0.0,"y":0.0}]
    },
    {
      "SourcePinAddress":{
        "PinID":1590204806,
        "PinOwnerID":1230857632
      },
      "TargetPinAddress":{
        "PinID":1522459734,
        "PinOwnerID":1514216847
      },
      "ConnectionType":1,
      "ConnectedWireIndex":16,
      "ConnectedWireSegmentIndex":3,
      "Points":[{"x":1.07149,"y":0.00728},{"x":0.0,"y":0.0}]
    },
    {
      "SourcePinAddress":{
        "PinID":2089928040,
        "PinOwnerID":1230857632
      },
      "TargetPinAddress":{
        "PinID":1522459734,
        "PinOwnerID":327397013
      },
      "ConnectionType":1,
      "ConnectedWireIndex":20,
      "ConnectedWireSegmentIndex":3,
      "Points":[{"x":0.88682,"y":1.13345},{"x":0.0,"y":0.0}]
    },
    {
      "SourcePinAddress":{
        "PinID":1934042572,
        "PinOwnerID":1905369908
      },
      "TargetPinAddress":{
        "PinID":0,
        "PinOwnerID":1409356064
      },
      "ConnectionType":0,
      "ConnectedWireIndex":-1,
      "ConnectedWireSegmentIndex":-1,
      "Points":[{"x":0.0,"y":0.0},{"x":0.0,"y":0.0}]
    },
    {
      "SourcePinAddress":{
        "PinID":1934042572,
        "PinOwnerID":1514216847
      },
      "TargetPinAddress":{
        "PinID":0,
        "PinOwnerID":1534967639
      },
      "ConnectionType":0,
      "ConnectedWireIndex":-1,
      "ConnectedWireSegmentIndex":-1,
      "Points":[{"x":0.0,"y":0.0},{"x":0.0,"y":0.0}]
    },
    {
      "SourcePinAddress":{
        "PinID":1934042572,
        "PinOwnerID":327397013
      },
      "TargetPinAddress":{
        "PinID":0,
        "PinOwnerID":734976746
      },
      "ConnectionType":0,
      "ConnectedWireIndex":-1,
      "ConnectedWireSegmentIndex":-1,
      "Points":[{"x":0.0,"y":0.0},{"x":0.0,"y":0.0}]
    },
    {
      "SourcePinAddress":{
        "PinID":65463274,
        "PinOwnerID":575847408
      },
      "TargetPinAddress":{
        "PinID":1522459734,
        "PinOwnerID":877299477
      },
      "ConnectionType":0,
      "ConnectedWireIndex":-1,
      "ConnectedWireSegmentIndex":-1,
      "Points":[{"x":0.0,"y":0.0},{"x":-4.75,"y":3.0625},{"x":-4.75,"y":4.5},{"x":7.5,"y":4.5},{"x":7.5,"y":-1.8125},{"x":0.0,"y":0.0}]
    },
    {
      "SourcePinAddress":{
        "PinID":65463274,
        "PinOwnerID":575847408
      },
      "TargetPinAddress":{
        "PinID":1522459734,
        "PinOwnerID":849238247
      },
      "ConnectionType":1,
      "ConnectedWireIndex":37,
      "ConnectedWireSegmentIndex":3,
      "Points":[{"x":7.5,"y":-0.0625},{"x":0.0,"y":0.0}]
    },
    {
      "SourcePinAddress":{
        "PinID":65463274,
        "PinOwnerID":575847408
      },
      "TargetPinAddress":{
        "PinID":818357688,
        "PinOwnerID":1280556341
      },
      "ConnectionType":1,
      "ConnectedWireIndex":37,
      "ConnectedWireSegmentIndex":3,
      "Points":[{"x":7.5,"y":2.3125},{"x":0.0,"y":0.0}]
    },
    {
      "SourcePinAddress":{
        "PinID":65463274,
        "PinOwnerID":575847408
      },
      "TargetPinAddress":{
        "PinID":818357688,
        "PinOwnerID":1445625769
      },
      "ConnectionType":1,
      "ConnectedWireIndex":37,
      "ConnectedWireSegmentIndex":3,
      "Points":[{"x":7.5,"y":3.375},{"x":0.0,"y":0.0}]
    },
    {
      "SourcePinAddress":{
        "PinID":1667730768,
        "PinOwnerID":1230857632
      },
      "TargetPinAddress":{
        "PinID":818357688,
        "PinOwnerID":877299477
      },
      "ConnectionType":1,
      "ConnectedWireIndex":31,
      "ConnectedWireSegmentIndex":0,
      "Points":[{"x":3.9375,"y":-2.625},{"x":0.0,"y":0.0}]
    },
    {
      "SourcePinAddress":{
        "PinID":1590204806,
        "PinOwnerID":1230857632
      },
      "TargetPinAddress":{
        "PinID":818357688,
        "PinOwnerID":849238247
      },
      "ConnectionType":1,
      "ConnectedWireIndex":32,
      "ConnectedWireSegmentIndex":0,
      "Points":[{"x":3.81296,"y":0.11297},{"x":0.0,"y":0.0}]
    },
    {
      "SourcePinAddress":{
        "PinID":2089928040,
        "PinOwnerID":1230857632
      },
      "TargetPinAddress":{
        "PinID":1522459734,
        "PinOwnerID":1280556341
      },
      "ConnectionType":1,
      "ConnectedWireIndex":33,
      "ConnectedWireSegmentIndex":0,
      "Points":[{"x":3.75509,"y":1.79029},{"x":0.0,"y":0.0}]
    },
    {
      "SourcePinAddress":{
        "PinID":65463274,
        "PinOwnerID":1230857632
      },
      "TargetPinAddress":{
        "PinID":1522459734,
        "PinOwnerID":1445625769
      },
      "ConnectionType":1,
      "ConnectedWireIndex":26,
      "ConnectedWireSegmentIndex":4,
      "Points":[{"x":3.6875,"y":2.875},{"x":0.0,"y":0.0}]
    },
    {
      "SourcePinAddress":{
        "PinID":1934042572,
        "PinOwnerID":1445625769
      },
      "TargetPinAddress":{
        "PinID":0,
        "PinOwnerID":640014842
      },
      "ConnectionType":0,
      "ConnectedWireIndex":-1,
      "ConnectedWireSegmentIndex":-1,
      "Points":[{"x":0.0,"y":0.0},{"x":0.0,"y":0.0}]
    },
    {
      "SourcePinAddress":{
        "PinID":1934042572,
        "PinOwnerID":1280556341
      },
      "TargetPinAddress":{
        "PinID":0,
        "PinOwnerID":2074098886
      },
      "ConnectionType":0,
      "ConnectedWireIndex":-1,
      "ConnectedWireSegmentIndex":-1,
      "Points":[{"x":0.0,"y":0.0},{"x":0.0,"y":0.0}]
    },
    {
      "SourcePinAddress":{
        "PinID":1934042572,
        "PinOwnerID":849238247
      },
      "TargetPinAddress":{
        "PinID":0,
        "PinOwnerID":1864045819
      },
      "ConnectionType":0,
      "ConnectedWireIndex":-1,
      "ConnectedWireSegmentIndex":-1,
      "Points":[{"x":0.0,"y":0.0},{"x":0.0,"y":0.0}]
    },
    {
      "SourcePinAddress":{
        "PinID":1934042572,
        "PinOwnerID":877299477
      },
      "TargetPinAddress":{
        "PinID":0,
        "PinOwnerID":1064401464
      },
      "ConnectionType":0,
      "ConnectedWireIndex":-1,
      "ConnectedWireSegmentIndex":-1,
      "Points":[{"x":0.0,"y":0.0},{"x":0.0,"y":0.0}]
    },
    {
      "SourcePinAddress":{
        "PinID":1667730768,
        "PinOwnerID":575847408
      },
      "TargetPinAddress":{
        "PinID":818357688,
        "PinOwnerID":954011141
      },
      "ConnectionType":1,
      "ConnectedWireIndex":9,
      "ConnectedWireSegmentIndex":4,
      "Points":[{"x":-2.625,"y":0.0},{"x":0.0,"y":0.0}]
    },
    {
      "SourcePinAddress":{
        "PinID":1667730768,
        "PinOwnerID":1230857632
      },
      "TargetPinAddress":{
        "PinID":1522459734,
        "PinOwnerID":954011141
      },
      "ConnectionType":1,
      "ConnectedWireIndex":14,
      "ConnectedWireSegmentIndex":2,
      "Points":[{"x":-2.8125,"y":-2.625},{"x":0.0,"y":0.0}]
    },
    {
      "SourcePinAddress":{
        "PinID":1934042572,
        "PinOwnerID":954011141
      },
      "TargetPinAddress":{
        "PinID":0,
        "PinOwnerID":1613947385
      },
      "ConnectionType":0,
      "ConnectedWireIndex":-1,
      "ConnectedWireSegmentIndex":-1,
      "Points":[{"x":0.0,"y":0.0},{"x":0.0,"y":0.0}]
    },
    {
      "SourcePinAddress":{
        "PinID":1946253703,
        "PinOwnerID":171181984
      },
      "TargetPinAddress":{
        "PinID":0,
        "PinOwnerID":1654650219
      },
      "ConnectionType":0,
      "ConnectedWireIndex":-1,
      "ConnectedWireSegmentIndex":-1,
      "Points":[{"x":0.0,"y":0.0},{"x":0.0,"y":0.0}]
    },
    {
      "SourcePinAddress":{
        "PinID":0,
        "PinOwnerID":1547211972
      },
      "TargetPinAddress":{
        "PinID":1857830482,
        "PinOwnerID":171181984
      },
      "ConnectionType":0,
      "ConnectedWireIndex":-1,
      "ConnectedWireSegmentIndex":-1,
      "Points":[{"x":0.0,"y":0.0},{"x":0.0,"y":0.0}]
    },
    {
      "SourcePinAddress":{
        "PinID":0,
        "PinOwnerID":1118433863
      },
      "TargetPinAddress":{
        "PinID":2116089510,
        "PinOwnerID":171181984
      },
      "ConnectionType":0,
      "ConnectedWireIndex":-1,
      "ConnectedWireSegmentIndex":-1,
      "Points":[{"x":0.0,"y":0.0},{"x":0.0,"y":0.0}]
    }
  ],
  "Displays":[]
}