{
  "DLSVersion": "2.1.6",
  "Name": "DECIMAL-8",
  "NameLocation": 2,
  "ChipType": 0,
  "Size": {
    "x": 3.95,
    "y": 2.375
  },
  "Colour": {
    "r": 0.0,
    "g": 0.0,
    "b": 0.0,
    "a": 1
  },
  "InputPins":[
    {
      "Name":"IN",
      "ID":311779829,
      "Position":{
        "x":-10.0,
        "y":1.125
      },
      "BitCount":8,
      "Colour":0,
      "ValueDisplayMode":0
    }
  ],
  "OutputPins":[],
  "SubChips":[
    {
      "Name":"7-SEG DIGIT DISPLAY",
      "ID":1374352403,
      "Label":"H",
      "Position":{
        "x":-4.2275,
        "y":0.5625
      },
      "OutputPinColourInfo":[{"PinColour":0,"PinID":1641381266}],
      "InternalData":null
    },
    {
      "Name":"7-SEG DIGIT DISPLAY",
      "ID":1431239597,
      "Label":"T",
      "Position":{
        "x":0.0225,
        "y":0.625
      },
      "OutputPinColourInfo":[{"PinColour":0,"PinID":1641381266}],
      "InternalData":null
    },
    {
      "Name":"7-SEG DIGIT DISPLAY",
      "ID":1458011602,
      "Label":"O",
      "Position":{
        "x":5.3975,
        "y":0.5
      },
      "OutputPinColourInfo":[{"PinColour":0,"PinID":1641381266}],
      "InternalData":null
    },
    {
      "Name":"NAND",
      "ID":1391254822,
      "Label":"",
      "Position":{
        "x":-6.125,
        "y":-3.3125
      },
      "OutputPinColourInfo":[{"PinColour":0,"PinID":2}],
      "InternalData":null
    },
    {
      "Name":"DOUBLE DABBLE-8",
      "ID":127881823,
      "Label":"",
      "Position":{
        "x":-7.9525,
        "y":1.125
      },
      "OutputPinColourInfo":[{"PinColour":0,"PinID":1486689353},{"PinColour":0,"PinID":1356307120},{"PinColour":0,"PinID":754953438}],
      "InternalData":null
    }
  ],
  "Wires":[
    {
      "SourcePinAddress":{
        "PinID":1641381266,
        "PinOwnerID":1374352403
      },
      "TargetPinAddress":{
        "PinID":1496521749,
        "PinOwnerID":1431239597
      },
      "ConnectionType":0,
      "ConnectedWireIndex":-1,
      "ConnectedWireSegmentIndex":-1,
      "Points":[{"x":0.0,"y":0.0},{"x":-1.5625,"y":0.5625},{"x":-1.5625,"y":-0.625},{"x":0.0,"y":0.0}]
    },
    {
      "SourcePinAddress":{
        "PinID":2,
        "PinOwnerID":1391254822
      },
      "TargetPinAddress":{
        "PinID":1496521749,
        "PinOwnerID":1374352403
      },
      "ConnectionType":0,
      "ConnectedWireIndex":-1,
      "ConnectedWireSegmentIndex":-1,
      "Points":[{"x":0.0,"y":0.0},{"x":-4.875,"y":-3.3125},{"x":-4.875,"y":-1.3125},{"x":-5.4375,"y":-1.3125},{"x":-5.4375,"y":-0.6875},{"x":0.0,"y":0.0}]
    },
    {
      "SourcePinAddress":{
        "PinID":0,
        "PinOwnerID":311779829
      },
      "TargetPinAddress":{
        "PinID":259532469,
        "PinOwnerID":127881823
      },
      "ConnectionType":0,
      "ConnectedWireIndex":-1,
      "ConnectedWireSegmentIndex":-1,
      "Points":[{"x":0.0,"y":0.0},{"x":0.0,"y":0.0}]
    },
    {
      "SourcePinAddress":{
        "PinID":1486689353,
        "PinOwnerID":127881823
      },
      "TargetPinAddress":{
        "PinID":225517067,
        "PinOwnerID":1374352403
      },
      "ConnectionType":0,
      "ConnectedWireIndex":-1,
      "ConnectedWireSegmentIndex":-1,
      "Points":[{"x":0.0,"y":0.0},{"x":-6.0625,"y":1.5},{"x":-6.0625,"y":1.75},{"x":0.0,"y":0.0}]
    },
    {
      "SourcePinAddress":{
        "PinID":1356307120,
        "PinOwnerID":127881823
      },
      "TargetPinAddress":{
        "PinID":225517067,
        "PinOwnerID":1431239597
      },
      "ConnectionType":0,
      "ConnectedWireIndex":-1,
      "ConnectedWireSegmentIndex":-1,
      "Points":[{"x":0.0,"y":0.0},{"x":-5.625,"y":1.125},{"x":-5.625,"y":-1.5},{"x":-1.9375,"y":-1.5},{"x":-1.9375,"y":1.8125},{"x":0.0,"y":0.0}]
    },
    {
      "SourcePinAddress":{
        "PinID":754953438,
        "PinOwnerID":127881823
      },
      "TargetPinAddress":{
        "PinID":225517067,
        "PinOwnerID":1458011602
      },
      "ConnectionType":0,
      "ConnectedWireIndex":-1,
      "ConnectedWireSegmentIndex":-1,
      "Points":[{"x":0.0,"y":0.0},{"x":-6.25,"y":0.75},{"x":-6.25,"y":-2.0},{"x":3.0625,"y":-2.0},{"x":3.0625,"y":1.6875},{"x":0.0,"y":0.0}]
    }
  ],
  "Displays":[
    {
      "SubChipID":1374352403,
      "Position":{
        "x":-1.1875,
        "y":0.28125
      },
      "Scale":1.0
    },
    {
      "SubChipID":1431239597,
      "Position":{
        "x":0.0625,
        "y":0.28125
      },
      "Scale":1.0
    },
    {
      "SubChipID":1458011602,
      "Position":{
        "x":1.3125,
        "y":0.28125
      },
      "Scale":1.0
    }
  ]
}