{
  "DLSVersion": "2.1.6",
  "Name": "DECIMAL-4",
  "NameLocation": 2,
  "ChipType": 0,
  "Size": {
    "x": 2.7,
    "y": 2.375
  },
  "Colour": {
    "r": 0.0,
    "g": 0.0,
    "b": 0.0,
    "a": 1
  },
  "InputPins":[
    {
      "Name":"IN",
      "ID":166231477,
      "Position":{
        "x":-9.0,
        "y":1.0
      },
      "BitCount":4,
      "Colour":0,
      "ValueDisplayMode":0
    }
  ],
  "OutputPins":[],
  "SubChips":[
    {
      "Name":"7-SEG DIGIT DISPLAY",
      "ID":10235221,
      "Label":"t",
      "Position":{
        "x":0.3975,
        "y":-0.125
      },
      "OutputPinColourInfo":[{"PinColour":0,"PinID":1641381266}],
      "InternalData":null
    },
    {
      "Name":"DOUBLE DABBLE-8",
      "ID":149316529,
      "Label":"",
      "Position":{
        "x":-5.2025,
        "y":1.125
      },
      "OutputPinColourInfo":[{"PinColour":0,"PinID":1486689353},{"PinColour":0,"PinID":1356307120},{"PinColour":0,"PinID":754953438}],
      "InternalData":null
    },
    {
      "Name":"4-8BIT",
      "ID":764976415,
      "Label":"",
      "Position":{
        "x":-6.6775,
        "y":1.125
      },
      "OutputPinColourInfo":[{"PinColour":0,"PinID":2}],
      "InternalData":null
    },
    {
      "Name":"7-SEG DIGIT DISPLAY",
      "ID":591366500,
      "Label":"o",
      "Position":{
        "x":5.7725,
        "y":-0.1875
      },
      "OutputPinColourInfo":[{"PinColour":0,"PinID":1641381266}],
      "InternalData":null
    },
    {
      "Name":"NAND",
      "ID":1364038569,
      "Label":"",
      "Position":{
        "x":-3.625,
        "y":-3.6875
      },
      "OutputPinColourInfo":[{"PinColour":0,"PinID":2}],
      "InternalData":null
    }
  ],
  "Wires":[
    {
      "SourcePinAddress":{
        "PinID":2,
        "PinOwnerID":764976415
      },
      "TargetPinAddress":{
        "PinID":259532469,
        "PinOwnerID":149316529
      },
      "ConnectionType":0,
      "ConnectedWireIndex":-1,
      "ConnectedWireSegmentIndex":-1,
      "Points":[{"x":0.0,"y":0.0},{"x":0.0,"y":0.0}]
    },
    {
      "SourcePinAddress":{
        "PinID":0,
        "PinOwnerID":166231477
      },
      "TargetPinAddress":{
        "PinID":1,
        "PinOwnerID":764976415
      },
      "ConnectionType":0,
      "ConnectedWireIndex":-1,
      "ConnectedWireSegmentIndex":-1,
      "Points":[{"x":0.0,"y":0.0},{"x":-7.8125,"y":1.0},{"x":-7.8125,"y":0.9375},{"x":0.0,"y":0.0}]
    },
    {
      "SourcePinAddress":{
        "PinID":1356307120,
        "PinOwnerID":149316529
      },
      "TargetPinAddress":{
        "PinID":225517067,
        "PinOwnerID":10235221
      },
      "ConnectionType":0,
      "ConnectedWireIndex":-1,
      "ConnectedWireSegmentIndex":-1,
      "Points":[{"x":0.0,"y":0.0},{"x":-1.1875,"y":1.125},{"x":-1.1875,"y":1.0},{"x":-1.1875,"y":1.0625},{"x":0.0,"y":0.0}]
    },
    {
      "SourcePinAddress":{
        "PinID":754953438,
        "PinOwnerID":149316529
      },
      "TargetPinAddress":{
        "PinID":225517067,
        "PinOwnerID":591366500
      },
      "ConnectionType":0,
      "ConnectedWireIndex":-1,
      "ConnectedWireSegmentIndex":-1,
      "Points":[{"x":0.0,"y":0.0},{"x":-1.3125,"y":0.75},{"x":-1.3125,"y":-2.75},{"x":3.4375,"y":-2.75},{"x":3.4375,"y":1.0},{"x":0.0,"y":0.0}]
    },
    {
      "SourcePinAddress":{
        "PinID":2,
        "PinOwnerID":1364038569
      },
      "TargetPinAddress":{
        "PinID":1496521749,
        "PinOwnerID":10235221
      },
      "ConnectionType":0,
      "ConnectedWireIndex":-1,
      "ConnectedWireSegmentIndex":-1,
      "Points":[{"x":0.0,"y":0.0},{"x":-2.0,"y":-3.6875},{"x":-2.0,"y":-1.375},{"x":0.0,"y":0.0}]
    }
  ],
  "Displays":[
    {
      "SubChipID":10235221,
      "Position":{
        "x":-0.625,
        "y":0.28125
      },
      "Scale":1.0
    },
    {
      "SubChipID":591366500,
      "Position":{
        "x":0.6875,
        "y":0.28125
      },
      "Scale":1.0
    }
  ]
}