{
  "DLSVersion": "2.1.6",
  "Name": "DOUBLE DABBLE-8",
  "NameLocation": 0,
  "ChipType": 0,
  "Size": {
    "x": 1.325,
    "y": 1.125
  },
  "Colour": {
    "r": 0.09313835,
    "g": 0.833151042,
    "b": 0.2946507,
    "a": 1
  },
  "InputPins":[
    {
      "Name":"IN",
      "ID":259532469,
      "Position":{
        "x":-8.125,
        "y":0.6875
      },
      "BitCount":8,
      "Colour":0,
      "ValueDisplayMode":1
    }
  ],
  "OutputPins":[
    {
      "Name":"H",
      "ID":1486689353,
      "Position":{
        "x":8.375,
        "y":2.25
      },
      "BitCount":4,
      "Colour":0,
      "ValueDisplayMode":0
    },
    {
      "Name":"T",
      "ID":1356307120,
      "Position":{
        "x":8.375,
        "y":0.4375
      },
      "BitCount":4,
      "Colour":0,
      "ValueDisplayMode":0
    },
    {
      "Name":"O",
      "ID":754953438,
      "Position":{
        "x":8.375,
        "y":-1.375
      },
      "BitCount":4,
      "Colour":0,
      "ValueDisplayMode":0
    }
  ],
  "SubChips":[
    {
      "Name":"8-1BIT",
      "ID":1332415163,
      "Label":"",
      "Position":{
        "x":-5.5525,
        "y":0.6875
      },
      "OutputPinColourInfo":[{"PinColour":0,"PinID":1},{"PinColour":0,"PinID":2},{"PinColour":0,"PinID":3},{"PinColour":0,"PinID":4},{"PinColour":0,"PinID":5},{"PinColour":0,"PinID":6},{"PinColour":0,"PinID":7},{"PinColour":0,"PinID":8}],
      "InternalData":null
    },
    {
      "Name":"DABBLE",
      "ID":1334246157,
      "Label":"",
      "Position":{
        "x":-4.2275,
        "y":1.4375
      },
      "OutputPinColourInfo":[{"PinColour":0,"PinID":377153369},{"PinColour":0,"PinID":1758809052},{"PinColour":0,"PinID":1420475992},{"PinColour":0,"PinID":990967375}],
      "InternalData":null
    },
    {
      "Name":"DABBLE",
      "ID":1833269558,
      "Label":"",
      "Position":{
        "x":-2.8525,
        "y":1.1875
      },
      "OutputPinColourInfo":[{"PinColour":0,"PinID":377153369},{"PinColour":0,"PinID":1758809052},{"PinColour":0,"PinID":1420475992},{"PinColour":0,"PinID":990967375}],
      "InternalData":null
    },
    {
      "Name":"DABBLE",
      "ID":1924571663,
      "Label":"",
      "Position":{
        "x":-1.4775,
        "y":0.9375
      },
      "OutputPinColourInfo":[{"PinColour":0,"PinID":377153369},{"PinColour":0,"PinID":1758809052},{"PinColour":0,"PinID":1420475992},{"PinColour":0,"PinID":990967375}],
      "InternalData":null
    },
    {
      "Name":"DABBLE",
      "ID":219872392,
      "Label":"",
      "Position":{
        "x":-0.1025,
        "y":1.6875
      },
      "OutputPinColourInfo":[{"PinColour":0,"PinID":377153369},{"PinColour":0,"PinID":1758809052},{"PinColour":0,"PinID":1420475992},{"PinColour":0,"PinID":990967375}],
      "InternalData":null
    },
    {
      "Name":"DABBLE",
      "ID":1845479091,
      "Label":"",
      "Position":{
        "x":-0.1025,
        "y":0.625
      },
      "OutputPinColourInfo":[{"PinColour":0,"PinID":377153369},{"PinColour":0,"PinID":1758809052},{"PinColour":0,"PinID":1420475992},{"PinColour":0,"PinID":990967375}],
      "InternalData":null
    },
    {
      "Name":"DABBLE",
      "ID":628551298,
      "Label":"",
      "Position":{
        "x":1.2725,
        "y":1.4375
      },
      "OutputPinColourInfo":[{"PinColour":0,"PinID":377153369},{"PinColour":0,"PinID":1758809052},{"PinColour":0,"PinID":1420475992},{"PinColour":0,"PinID":990967375}],
      "InternalData":null
    },
    {
      "Name":"DABBLE",
      "ID":1606618415,
      "Label":"",
      "Position":{
        "x":1.2725,
        "y":0.375
      },
      "OutputPinColourInfo":[{"PinColour":0,"PinID":377153369},{"PinColour":0,"PinID":1758809052},{"PinColour":0,"PinID":1420475992},{"PinColour":0,"PinID":990967375}],
      "InternalData":null
    },
    {
      "Name":"1-4BIT",
      "ID":2093094268,
      "Label":"",
      "Position":{
        "x":6.8225,
        "y":2.25
      },
      "OutputPinColourInfo":[{"PinColour":0,"PinID":4}],
      "InternalData":null
    },
    {
      "Name":"1-4BIT",
      "ID":489782745,
      "Label":"",
      "Position":{
        "x":6.8225,
        "y":0.4375
      },
      "OutputPinColourInfo":[{"PinColour":0,"PinID":4}],
      "InternalData":null
    },
    {
      "Name":"1-4BIT",
      "ID":193371015,
      "Label":"",
      "Position":{
        "x":6.8225,
        "y":-1.375
      },
      "OutputPinColourInfo":[{"PinColour":0,"PinID":4}],
      "InternalData":null
    }
  ],
  "Wires":[
    {
      "SourcePinAddress":{
        "PinID":0,
        "PinOwnerID":259532469
      },
      "TargetPinAddress":{
        "PinID":0,
        "PinOwnerID":1332415163
      },
      "ConnectionType":0,
      "ConnectedWireIndex":-1,
      "ConnectedWireSegmentIndex":-1,
      "Points":[{"x":0.0,"y":0.0},{"x":0.0,"y":0.0}]
    },
    {
      "SourcePinAddress":{
        "PinID":1,
        "PinOwnerID":1332415163
      },
      "TargetPinAddress":{
        "PinID":915475924,
        "PinOwnerID":1334246157
      },
      "ConnectionType":0,
      "ConnectedWireIndex":-1,
      "ConnectedWireSegmentIndex":-1,
      "Points":[{"x":0.0,"y":0.0},{"x":0.0,"y":0.0}]
    },
    {
      "SourcePinAddress":{
        "PinID":2,
        "PinOwnerID":1332415163
      },
      "TargetPinAddress":{
        "PinID":551597932,
        "PinOwnerID":1334246157
      },
      "ConnectionType":0,
      "ConnectedWireIndex":-1,
      "ConnectedWireSegmentIndex":-1,
      "Points":[{"x":0.0,"y":0.0},{"x":0.0,"y":0.0}]
    },
    {
      "SourcePinAddress":{
        "PinID":3,
        "PinOwnerID":1332415163
      },
      "TargetPinAddress":{
        "PinID":1063665639,
        "PinOwnerID":1334246157
      },
      "ConnectionType":0,
      "ConnectedWireIndex":-1,
      "ConnectedWireSegmentIndex":-1,
      "Points":[{"x":0.0,"y":0.0},{"x":0.0,"y":0.0}]
    },
    {
      "SourcePinAddress":{
        "PinID":1758809052,
        "PinOwnerID":1334246157
      },
      "TargetPinAddress":{
        "PinID":1787955624,
        "PinOwnerID":1833269558
      },
      "ConnectionType":0,
      "ConnectedWireIndex":-1,
      "ConnectedWireSegmentIndex":-1,
      "Points":[{"x":0.0,"y":0.0},{"x":0.0,"y":0.0}]
    },
    {
      "SourcePinAddress":{
        "PinID":1420475992,
        "PinOwnerID":1334246157
      },
      "TargetPinAddress":{
        "PinID":915475924,
        "PinOwnerID":1833269558
      },
      "ConnectionType":0,
      "ConnectedWireIndex":-1,
      "ConnectedWireSegmentIndex":-1,
      "Points":[{"x":0.0,"y":0.0},{"x":0.0,"y":0.0}]
    },
    {
      "SourcePinAddress":{
        "PinID":990967375,
        "PinOwnerID":1334246157
      },
      "TargetPinAddress":{
        "PinID":551597932,
        "PinOwnerID":1833269558
      },
      "ConnectionType":0,
      "ConnectedWireIndex":-1,
      "ConnectedWireSegmentIndex":-1,
      "Points":[{"x":0.0,"y":0.0},{"x":0.0,"y":0.0}]
    },
    {
      "SourcePinAddress":{
        "PinID":4,
        "PinOwnerID":1332415163
      },
      "TargetPinAddress":{
        "PinID":1063665639,
        "PinOwnerID":1833269558
      },
      "ConnectionType":0,
      "ConnectedWireIndex":-1,
      "ConnectedWireSegmentIndex":-1,
      "Points":[{"x":0.0,"y":0.0},{"x":0.0,"y":0.0}]
    },
    {
      "SourcePinAddress":{
        "PinID":1758809052,
        "PinOwnerID":1833269558
      },
      "TargetPinAddress":{
        "PinID":1787955624,
        "PinOwnerID":1924571663
      },
      "ConnectionType":0,
      "ConnectedWireIndex":-1,
      "ConnectedWireSegmentIndex":-1,
      "Points":[{"x":0.0,"y":0.0},{"x":0.0,"y":0.0}]
    },
    {
      "SourcePinAddress":{
        "PinID":1420475992,
        "PinOwnerID":1833269558
      },
      "TargetPinAddress":{
        "PinID":915475924,
        "PinOwnerID":1924571663
      },
      "ConnectionType":0,
      "ConnectedWireIndex":-1,
      "ConnectedWireSegmentIndex":-1,
      "Points":[{"x":0.0,"y":0.0},{"x":0.0,"y":0.0}]
    },
    {
      "SourcePinAddress":{
        "PinID":990967375,
        "PinOwnerID":1833269558
      },
      "TargetPinAddress":{
        "PinID":551597932,
        "PinOwnerID":1924571663
      },
      "ConnectionType":0,
      "ConnectedWireIndex":-1,
      "ConnectedWireSegmentIndex":-1,
      "Points":[{"x":0.0,"y":0.0},{"x":0.0,"y":0.0}]
    },
    {
      "SourcePinAddress":{
        "PinID":5,
        "PinOwnerID":1332415163
      },
      "TargetPinAddress":{
        "PinID":1063665639,
        "PinOwnerID":1924571663
      },
      "ConnectionType":0,
      "ConnectedWireIndex":-1,
      "ConnectedWireSegmentIndex":-1,
      "Points":[{"x":0.0,"y":0.0},{"x":0.0,"y":0.0}]
    },
    {
      "SourcePinAddress":{
        "PinID":377153369,
        "PinOwnerID":1924571663
      },
      "TargetPinAddress":{
        "PinID":1063665639,
        "PinOwnerID":219872392
      },
      "ConnectionType":0,
      "ConnectedWireIndex":-1,
      "ConnectedWireSegmentIndex":-1,
      "Points":[{"x":0.0,"y":0.0},{"x":0.0,"y":0.0}]
    },
    {
      "SourcePinAddress":{
        "PinID":377153369,
        "PinOwnerID":1833269558
      },
      "TargetPinAddress":{
        "PinID":551597932,
        "PinOwnerID":219872392
      },
      "ConnectionType":0,
      "ConnectedWireIndex":-1,
      "ConnectedWireSegmentIndex":-1,
      "Points":[{"x":0.0,"y":0.0},{"x":0.0,"y":0.0}]
    },
    {
      "SourcePinAddress":{
        "PinID":377153369,
        "PinOwnerID":1334246157
      },
      "TargetPinAddress":{
        "PinID":915475924,
        "PinOwnerID":219872392
      },
      "ConnectionType":0,
      "ConnectedWireIndex":-1,
      "ConnectedWireSegmentIndex":-1,
      "Points":[{"x":0.0,"y":0.0},{"x":0.0,"y":0.0}]
    },
    {
      "SourcePinAddress":{
        "PinID":1758809052,
        "PinOwnerID":1924571663
      },
      "TargetPinAddress":{
        "PinID":1787955624,
        "PinOwnerID":1845479091
      },
      "ConnectionType":0,
      "ConnectedWireIndex":-1,
      "ConnectedWireSegmentIndex":-1,
      "Points":[{"x":0.0,"y":0.0},{"x":0.0,"y":0.0}]
    },
    {
      "SourcePinAddress":{
        "PinID":1420475992,
        "PinOwnerID":1924571663
      },
      "TargetPinAddress":{
        "PinID":915475924,
        "PinOwnerID":1845479091
      },
      "ConnectionType":0,
      "ConnectedWireIndex":-1,
      "ConnectedWireSegmentIndex":-1,
      "Points":[{"x":0.0,"y":0.0},{"x":0.0,"y":0.0}]
    },
    {
      "SourcePinAddress":{
        "PinID":990967375,
        "PinOwnerID":1924571663
      },
      "TargetPinAddress":{
        "PinID":551597932,
        "PinOwnerID":1845479091
      },
      "ConnectionType":0,
      "ConnectedWireIndex":-1,
      "ConnectedWireSegmentIndex":-1,
      "Points":[{"x":0.0,"y":0.0},{"x":0.0,"y":0.0}]
    },
    {
      "SourcePinAddress":{
        "PinID":6,
        "PinOwnerID":1332415163
      },
      "TargetPinAddress":{
        "PinID":1063665639,
        "PinOwnerID":1845479091
      },
      "ConnectionType":0,
      "ConnectedWireIndex":-1,
      "ConnectedWireSegmentIndex":-1,
      "Points":[{"x":0.0,"y":0.0},{"x":0.0,"y":0.0}]
    },
    {
      "SourcePinAddress":{
        "PinID":1758809052,
        "PinOwnerID":219872392
      },
      "TargetPinAddress":{
        "PinID":1787955624,
        "PinOwnerID":628551298
      },
      "ConnectionType":0,
      "ConnectedWireIndex":-1,
      "ConnectedWireSegmentIndex":-1,
      "Points":[{"x":0.0,"y":0.0},{"x":0.0,"y":0.0}]
    },
    {
      "SourcePinAddress":{
        "PinID":1420475992,
        "PinOwnerID":219872392
      },
      "TargetPinAddress":{
        "PinID":915475924,
        "PinOwnerID":628551298
      },
      "ConnectionType":0,
      "ConnectedWireIndex":-1,
      "ConnectedWireSegmentIndex":-1,
      "Points":[{"x":0.0,"y":0.0},{"x":0.0,"y":0.0}]
    },
    {
      "SourcePinAddress":{
        "PinID":990967375,
        "PinOwnerID":219872392
      },
      "TargetPinAddress":{
        "PinID":551597932,
        "PinOwnerID":628551298
      },
      "ConnectionType":0,
      "ConnectedWireIndex":-1,
      "ConnectedWireSegmentIndex":-1,
      "Points":[{"x":0.0,"y":0.0},{"x":0.0,"y":0.0}]
    },
    {
      "SourcePinAddress":{
        "PinID":377153369,
        "PinOwnerID":1845479091
      },
      "TargetPinAddress":{
        "PinID":1063665639,
        "PinOwnerID":628551298
      },
      "ConnectionType":0,
      "ConnectedWireIndex":-1,
      "ConnectedWireSegmentIndex":-1,
      "Points":[{"x":0.0,"y":0.0},{"x":0.0,"y":0.0}]
    },
    {
      "SourcePinAddress":{
        "PinID":1758809052,
        "PinOwnerID":1845479091
      },
      "TargetPinAddress":{
        "PinID":1787955624,
        "PinOwnerID":1606618415
      },
      "ConnectionType":0,
      "ConnectedWireIndex":-1,
      "ConnectedWireSegmentIndex":-1,
      "Points":[{"x":0.0,"y":0.0},{"x":0.0,"y":0.0}]
    },
    {
      "SourcePinAddress":{
        "PinID":1420475992,
        "PinOwnerID":1845479091
      },
      "TargetPinAddress":{
        "PinID":915475924,
        "PinOwnerID":1606618415
      },
      "ConnectionType":0,
      "ConnectedWireIndex":-1,
      "ConnectedWireSegmentIndex":-1,
      "Points":[{"x":0.0,"y":0.0},{"x":0.0,"y":0.0}]
    },
    {
      "SourcePinAddress":{
        "PinID":990967375,
        "PinOwnerID":1845479091
      },
      "TargetPinAddress":{
        "PinID":551597932,
        "PinOwnerID":1606618415
      },
      "ConnectionType":0,
      "ConnectedWireIndex":-1,
      "ConnectedWireSegmentIndex":-1,
      "Points":[{"x":0.0,"y":0.0},{"x":0.0,"y":0.0}]
    },
    {
      "SourcePinAddress":{
        "PinID":7,
        "PinOwnerID":1332415163
      },
      "TargetPinAddress":{
        "PinID":1063665639,
        "PinOwnerID":1606618415
      },
      "ConnectionType":0,
      "ConnectedWireIndex":-1,
      "ConnectedWireSegmentIndex":-1,
      "Points":[{"x":0.0,"y":0.0},{"x":0.0,"y":0.0}]
    },
    {
      "SourcePinAddress":{
        "PinID":377153369,
        "PinOwnerID":219872392
      },
      "TargetPinAddress":{
        "PinID":2,
        "PinOwnerID":2093094268
      },
      "ConnectionType":0,
      "ConnectedWireIndex":-1,
      "ConnectedWireSegmentIndex":-1,
      "Points":[{"x":0.0,"y":0.0},{"x":2.6875,"y":2.0625},{"x":4.9375,"y":2.0625},{"x":4.9375,"y":2.125},{"x":0.0,"y":0.0}]
    },
    {
      "SourcePinAddress":{
        "PinID":377153369,
        "PinOwnerID":628551298
      },
      "TargetPinAddress":{
        "PinID":3,
        "PinOwnerID":2093094268
      },
      "ConnectionType":0,
      "ConnectedWireIndex":-1,
      "ConnectedWireSegmentIndex":-1,
      "Points":[{"x":0.0,"y":0.0},{"x":5.125,"y":1.8125},{"x":5.125,"y":1.875},{"x":0.0,"y":0.0}]
    },
    {
      "SourcePinAddress":{
        "PinID":1758809052,
        "PinOwnerID":628551298
      },
      "TargetPinAddress":{
        "PinID":0,
        "PinOwnerID":489782745
      },
      "ConnectionType":0,
      "ConnectedWireIndex":-1,
      "ConnectedWireSegmentIndex":-1,
      "Points":[{"x":0.0,"y":0.0},{"x":4.125,"y":1.5625},{"x":4.125,"y":0.8125},{"x":0.0,"y":0.0}]
    },
    {
      "SourcePinAddress":{
        "PinID":1420475992,
        "PinOwnerID":628551298
      },
      "TargetPinAddress":{
        "PinID":1,
        "PinOwnerID":489782745
      },
      "ConnectionType":0,
      "ConnectedWireIndex":-1,
      "ConnectedWireSegmentIndex":-1,
      "Points":[{"x":0.0,"y":0.0},{"x":4.0,"y":1.3125},{"x":4.0,"y":0.5625},{"x":0.0,"y":0.0}]
    },
    {
      "SourcePinAddress":{
        "PinID":990967375,
        "PinOwnerID":628551298
      },
      "TargetPinAddress":{
        "PinID":2,
        "PinOwnerID":489782745
      },
      "ConnectionType":0,
      "ConnectedWireIndex":-1,
      "ConnectedWireSegmentIndex":-1,
      "Points":[{"x":0.0,"y":0.0},{"x":3.8125,"y":1.0625},{"x":3.8125,"y":0.3125},{"x":0.0,"y":0.0}]
    },
    {
      "SourcePinAddress":{
        "PinID":377153369,
        "PinOwnerID":1606618415
      },
      "TargetPinAddress":{
        "PinID":3,
        "PinOwnerID":489782745
      },
      "ConnectionType":0,
      "ConnectedWireIndex":-1,
      "ConnectedWireSegmentIndex":-1,
      "Points":[{"x":0.0,"y":0.0},{"x":3.6875,"y":0.75},{"x":3.6875,"y":0.0625},{"x":0.0,"y":0.0}]
    },
    {
      "SourcePinAddress":{
        "PinID":1758809052,
        "PinOwnerID":1606618415
      },
      "TargetPinAddress":{
        "PinID":0,
        "PinOwnerID":193371015
      },
      "ConnectionType":0,
      "ConnectedWireIndex":-1,
      "ConnectedWireSegmentIndex":-1,
      "Points":[{"x":0.0,"y":0.0},{"x":3.3125,"y":0.5},{"x":3.3125,"y":-1.0},{"x":0.0,"y":0.0}]
    },
    {
      "SourcePinAddress":{
        "PinID":1420475992,
        "PinOwnerID":1606618415
      },
      "TargetPinAddress":{
        "PinID":1,
        "PinOwnerID":193371015
      },
      "ConnectionType":0,
      "ConnectedWireIndex":-1,
      "ConnectedWireSegmentIndex":-1,
      "Points":[{"x":0.0,"y":0.0},{"x":2.875,"y":0.25},{"x":2.875,"y":-1.25},{"x":0.0,"y":0.0}]
    },
    {
      "SourcePinAddress":{
        "PinID":990967375,
        "PinOwnerID":1606618415
      },
      "TargetPinAddress":{
        "PinID":2,
        "PinOwnerID":193371015
      },
      "ConnectionType":0,
      "ConnectedWireIndex":-1,
      "ConnectedWireSegmentIndex":-1,
      "Points":[{"x":0.0,"y":0.0},{"x":2.6875,"y":0.0},{"x":2.6875,"y":-1.5},{"x":6.125,"y":-1.5},{"x":0.0,"y":0.0}]
    },
    {
      "SourcePinAddress":{
        "PinID":8,
        "PinOwnerID":1332415163
      },
      "TargetPinAddress":{
        "PinID":3,
        "PinOwnerID":193371015
      },
      "ConnectionType":0,
      "ConnectedWireIndex":-1,
      "ConnectedWireSegmentIndex":-1,
      "Points":[{"x":0.0,"y":0.0},{"x":0.625,"y":-0.1875},{"x":0.625,"y":-1.75},{"x":0.0,"y":0.0}]
    },
    {
      "SourcePinAddress":{
        "PinID":4,
        "PinOwnerID":2093094268
      },
      "TargetPinAddress":{
        "PinID":0,
        "PinOwnerID":1486689353
      },
      "ConnectionType":0,
      "ConnectedWireIndex":-1,
      "ConnectedWireSegmentIndex":-1,
      "Points":[{"x":0.0,"y":0.0},{"x":0.0,"y":0.0}]
    },
    {
      "SourcePinAddress":{
        "PinID":4,
        "PinOwnerID":489782745
      },
      "TargetPinAddress":{
        "PinID":0,
        "PinOwnerID":1356307120
      },
      "ConnectionType":0,
      "ConnectedWireIndex":-1,
      "ConnectedWireSegmentIndex":-1,
      "Points":[{"x":0.0,"y":0.0},{"x":0.0,"y":0.0}]
    },
    {
      "SourcePinAddress":{
        "PinID":4,
        "PinOwnerID":193371015
      },
      "TargetPinAddress":{
        "PinID":0,
        "PinOwnerID":754953438
      },
      "ConnectionType":0,
      "ConnectedWireIndex":-1,
      "ConnectedWireSegmentIndex":-1,
      "Points":[{"x":0.0,"y":0.0},{"x":0.0,"y":0.0}]
    }
  ],
  "Displays":[]
}