{
  "DLSVersion": "2.1.6",
  "Name": "FAL",
  "NameLocation": 0,
  "ChipType": 0,
  "Size": {
    "x": 0.575,
    "y": 0.5
  },
  "Colour": {
    "r": 0.250793546,
    "g": 0.859665453,
    "b": 0.8892206,
    "a": 1
  },
  "InputPins":[
    {
      "Name":"IN",
      "ID":1682460732,
      "Position":{
        "x":-32.375,
        "y":25.375
      },
      "BitCount":1,
      "Colour":0,
      "ValueDisplayMode":0
    },
    {
      "Name":"clock",
      "ID":203349049,
      "Position":{
        "x":-32.375,
        "y":24.875
      },
      "BitCount":1,
      "Colour":0,
      "ValueDisplayMode":0
    }
  ],
  "OutputPins":[
    {
      "Name":"OUT",
      "ID":1079564476,
      "Position":{
        "x":-25.25,
        "y":24.6875
      },
      "BitCount":1,
      "Colour":0,
      "ValueDisplayMode":0
    }
  ],
  "SubChips":[
    {
      "Name":"D FLIP-FLOP",
      "ID":739267886,
      "Label":"",
      "Position":{
        "x":-28.8775,
        "y":25.25
      },
      "OutputPinColourInfo":[{"PinColour":0,"PinID":559884082}],
      "InternalData":null
    },
    {
      "Name":"FRS",
      "ID":1394794255,
      "Label":"",
      "Position":{
        "x":-26.7025,
        "y":24.6875
      },
      "OutputPinColourInfo":[{"PinColour":0,"PinID":1315430578}],
      "InternalData":null
    }
  ],
  "Wires":[
    {
      "SourcePinAddress":{
        "PinID":0,
        "PinOwnerID":1682460732
      },
      "TargetPinAddress":{
        "PinID":712733745,
        "PinOwnerID":739267886
      },
      "ConnectionType":0,
      "ConnectedWireIndex":-1,
      "ConnectedWireSegmentIndex":-1,
      "Points":[{"x":0.0,"y":0.0},{"x":0.0,"y":0.0}]
    },
    {
      "SourcePinAddress":{
        "PinID":0,
        "PinOwnerID":1682460732
      },
      "TargetPinAddress":{
        "PinID":814069114,
        "PinOwnerID":1394794255
      },
      "ConnectionType":1,
      "ConnectedWireIndex":0,
      "ConnectedWireSegmentIndex":0,
      "Points":[{"x":-30.625,"y":25.375},{"x":-30.625,"y":24.5625},{"x":0.0,"y":0.0}]
    },
    {
      "SourcePinAddress":{
        "PinID":559884082,
        "PinOwnerID":739267886
      },
      "TargetPinAddress":{
        "PinID":161853418,
        "PinOwnerID":1394794255
      },
      "ConnectionType":0,
      "ConnectedWireIndex":-1,
      "ConnectedWireSegmentIndex":-1,
      "Points":[{"x":0.0,"y":0.0},{"x":-27.75,"y":25.25},{"x":-27.75,"y":24.8125},{"x":0.0,"y":0.0}]
    },
    {
      "SourcePinAddress":{
        "PinID":0,
        "PinOwnerID":203349049
      },
      "TargetPinAddress":{
        "PinID":93034039,
        "PinOwnerID":739267886
      },
      "ConnectionType":0,
      "ConnectedWireIndex":-1,
      "ConnectedWireSegmentIndex":-1,
      "Points":[{"x":0.0,"y":0.0},{"x":-31.25,"y":24.875},{"x":-31.25,"y":25.125},{"x":0.0,"y":0.0}]
    },
    {
      "SourcePinAddress":{
        "PinID":1315430578,
        "PinOwnerID":1394794255
      },
      "TargetPinAddress":{
        "PinID":0,
        "PinOwnerID":1079564476
      },
      "ConnectionType":0,
      "ConnectedWireIndex":-1,
      "ConnectedWireSegmentIndex":-1,
      "Points":[{"x":0.0,"y":0.0},{"x":0.0,"y":0.0}]
    }
  ],
  "Displays": null
}