{
  "DLSVersion": "2.1.6",
  "Name": "INPUT",
  "NameLocation": 0,
  "ChipType": 0,
  "Size": {
    "x": 0.875,
    "y": 0.5
  },
  "Colour": {
    "r": 0.2653472,
    "g": 0.187589169,
    "b": 0.2591002,
    "a": 1
  },
  "InputPins":[
    {
      "Name":"CLK",
      "ID":1299801362,
      "Position":{
        "x":-6.25,
        "y":-0.1875
      },
      "BitCount":1,
      "Colour":2,
      "ValueDisplayMode":0
    },
    {
      "Name":"RIN",
      "ID":1927290568,
      "Position":{
        "x":-1.125,
        "y":-1.3125
      },
      "BitCount":1,
      "Colour":0,
      "ValueDisplayMode":0
    }
  ],
  "OutputPins":[
    {
      "Name":"OUT",
      "ID":1139209742,
      "Position":{
        "x":8.125,
        "y":-0.875
      },
      "BitCount":8,
      "Colour":0,
      "ValueDisplayMode":0
    }
  ],
  "SubChips":[
    {
      "Name":"8-BIT REGISTER",
      "ID":1339701982,
      "Label":"",
      "Position":{
        "x":3.61,
        "y":0.75
      },
      "OutputPinColourInfo":[{"PinColour":0,"PinID":1787405944}],
      "InternalData":null
    },
    {
      "Name":"KEY",
      "ID":1373058572,
      "Label":"",
      "Position":{
        "x":-6.0725,
        "y":1.1875
      },
      "OutputPinColourInfo":[{"PinColour":0,"PinID":0}],
      "InternalData":[80]
    },
    {
      "Name":"KEY",
      "ID":80669646,
      "Label":"",
      "Position":{
        "x":-5.4475,
        "y":0.9375
      },
      "OutputPinColourInfo":[{"PinColour":0,"PinID":0}],
      "InternalData":[79]
    },
    {
      "Name":"KEY",
      "ID":812861399,
      "Label":"",
      "Position":{
        "x":-5.4475,
        "y":0.375
      },
      "OutputPinColourInfo":[{"PinColour":0,"PinID":0}],
      "InternalData":[85]
    },
    {
      "Name":"KEY",
      "ID":1208137757,
      "Label":"",
      "Position":{
        "x":-6.0725,
        "y":0.625
      },
      "OutputPinColourInfo":[{"PinColour":0,"PinID":0}],
      "InternalData":[73]
    },
    {
      "Name":"OR",
      "ID":1731397859,
      "Label":"",
      "Position":{
        "x":-1.765,
        "y":1.0625
      },
      "OutputPinColourInfo":[{"PinColour":0,"PinID":41096156}],
      "InternalData":null
    },
    {
      "Name":"OR",
      "ID":1069790961,
      "Label":"",
      "Position":{
        "x":-1.765,
        "y":0.5
      },
      "OutputPinColourInfo":[{"PinColour":0,"PinID":41096156}],
      "InternalData":null
    },
    {
      "Name":"OR",
      "ID":2050403662,
      "Label":"",
      "Position":{
        "x":-0.89,
        "y":0.625
      },
      "OutputPinColourInfo":[{"PinColour":0,"PinID":41096156}],
      "InternalData":null
    },
    {
      "Name":"8mux",
      "ID":1932694064,
      "Label":"",
      "Position":{
        "x":1.7475,
        "y":1.375
      },
      "OutputPinColourInfo":[{"PinColour":0,"PinID":1651850200}],
      "InternalData":null
    },
    {
      "Name":"8ADD",
      "ID":72205226,
      "Label":"",
      "Position":{
        "x":0.1975,
        "y":2.1875
      },
      "OutputPinColourInfo":[{"PinColour":0,"PinID":572187979},{"PinColour":0,"PinID":3129408}],
      "InternalData":null
    },
    {
      "Name":"8mux",
      "ID":1339966022,
      "Label":"",
      "Position":{
        "x":-4.0025,
        "y":2.1875
      },
      "OutputPinColourInfo":[{"PinColour":0,"PinID":1651850200}],
      "InternalData":null
    },
    {
      "Name":"8BUF",
      "ID":1647051064,
      "Label":"",
      "Position":{
        "x":-1.5025,
        "y":2.0625
      },
      "OutputPinColourInfo":[{"PinColour":0,"PinID":1321101400}],
      "InternalData":null
    },
    {
      "Name":"OR",
      "ID":1921365845,
      "Label":"",
      "Position":{
        "x":-2.765,
        "y":1.8125
      },
      "OutputPinColourInfo":[{"PinColour":0,"PinID":41096156}],
      "InternalData":null
    },
    {
      "Name":"1-4BIT",
      "ID":1403133630,
      "Label":"",
      "Position":{
        "x":-7.0525,
        "y":2.375
      },
      "OutputPinColourInfo":[{"PinColour":0,"PinID":4}],
      "InternalData":null
    },
    {
      "Name":"4-8BIT",
      "ID":1737485688,
      "Label":"",
      "Position":{
        "x":-5.3025,
        "y":2.5625
      },
      "OutputPinColourInfo":[{"PinColour":0,"PinID":2}],
      "InternalData":null
    },
    {
      "Name":"1-8BIT",
      "ID":1478228630,
      "Label":"",
      "Position":{
        "x":-8.5525,
        "y":2.0625
      },
      "OutputPinColourInfo":[{"PinColour":0,"PinID":8}],
      "InternalData":null
    },
    {
      "Name":"NAND",
      "ID":921882887,
      "Label":"",
      "Position":{
        "x":-10.625,
        "y":2.6875
      },
      "OutputPinColourInfo":[{"PinColour":0,"PinID":2}],
      "InternalData":null
    },
    {
      "Name":"Stack Memory",
      "ID":1285380801,
      "Label":"",
      "Position":{
        "x":5.7225,
        "y":-0.875
      },
      "OutputPinColourInfo":[{"PinColour":0,"PinID":1162017490}],
      "InternalData":null
    },
    {
      "Name":"KEY",
      "ID":1298523163,
      "Label":"",
      "Position":{
        "x":-0.8225,
        "y":-1.8125
      },
      "OutputPinColourInfo":[{"PinColour":0,"PinID":0}],
      "InternalData":[90]
    },
    {
      "Name":"KEY",
      "ID":905149454,
      "Label":"",
      "Position":{
        "x":-1.0725,
        "y":-0.8125
      },
      "OutputPinColourInfo":[{"PinColour":0,"PinID":0}],
      "InternalData":[86]
    }
  ],
  "Wires":[
    {
      "SourcePinAddress":{
        "PinID":41096156,
        "PinOwnerID":1069790961
      },
      "TargetPinAddress":{
        "PinID":198837197,
        "PinOwnerID":2050403662
      },
      "ConnectionType":0,
      "ConnectedWireIndex":-1,
      "ConnectedWireSegmentIndex":-1,
      "Points":[{"x":0.0,"y":0.0},{"x":0.0,"y":0.0}]
    },
    {
      "SourcePinAddress":{
        "PinID":41096156,
        "PinOwnerID":1731397859
      },
      "TargetPinAddress":{
        "PinID":1059060280,
        "PinOwnerID":2050403662
      },
      "ConnectionType":0,
      "ConnectedWireIndex":-1,
      "ConnectedWireSegmentIndex":-1,
      "Points":[{"x":0.0,"y":0.0},{"x":0.0,"y":0.0}]
    },
    {
      "SourcePinAddress":{
        "PinID":41096156,
        "PinOwnerID":2050403662
      },
      "TargetPinAddress":{
        "PinID":1560685193,
        "PinOwnerID":1339701982
      },
      "ConnectionType":0,
      "ConnectedWireIndex":-1,
      "ConnectedWireSegmentIndex":-1,
      "Points":[{"x":0.0,"y":0.0},{"x":0.0,"y":0.0}]
    },
    {
      "SourcePinAddress":{
        "PinID":0,
        "PinOwnerID":812861399
      },
      "TargetPinAddress":{
        "PinID":198837197,
        "PinOwnerID":1069790961
      },
      "ConnectionType":0,
      "ConnectedWireIndex":-1,
      "ConnectedWireSegmentIndex":-1,
      "Points":[{"x":0.0,"y":0.0},{"x":0.0,"y":0.0}]
    },
    {
      "SourcePinAddress":{
        "PinID":0,
        "PinOwnerID":1208137757
      },
      "TargetPinAddress":{
        "PinID":1059060280,
        "PinOwnerID":1069790961
      },
      "ConnectionType":0,
      "ConnectedWireIndex":-1,
      "ConnectedWireSegmentIndex":-1,
      "Points":[{"x":0.0,"y":0.0},{"x":0.0,"y":0.0}]
    },
    {
      "SourcePinAddress":{
        "PinID":0,
        "PinOwnerID":80669646
      },
      "TargetPinAddress":{
        "PinID":198837197,
        "PinOwnerID":1731397859
      },
      "ConnectionType":0,
      "ConnectedWireIndex":-1,
      "ConnectedWireSegmentIndex":-1,
      "Points":[{"x":0.0,"y":0.0},{"x":0.0,"y":0.0}]
    },
    {
      "SourcePinAddress":{
        "PinID":0,
        "PinOwnerID":1373058572
      },
      "TargetPinAddress":{
        "PinID":1059060280,
        "PinOwnerID":1731397859
      },
      "ConnectionType":0,
      "ConnectedWireIndex":-1,
      "ConnectedWireSegmentIndex":-1,
      "Points":[{"x":0.0,"y":0.0},{"x":0.0,"y":0.0}]
    },
    {
      "SourcePinAddress":{
        "PinID":0,
        "PinOwnerID":1299801362
      },
      "TargetPinAddress":{
        "PinID":1746065636,
        "PinOwnerID":1339701982
      },
      "ConnectionType":0,
      "ConnectedWireIndex":-1,
      "ConnectedWireSegmentIndex":-1,
      "Points":[{"x":0.0,"y":0.0},{"x":-0.875,"y":-0.1875},{"x":-0.875,"y":0.0},{"x":0.0,"y":0.0}]
    },
    {
      "SourcePinAddress":{
        "PinID":1651850200,
        "PinOwnerID":1932694064
      },
      "TargetPinAddress":{
        "PinID":1171991990,
        "PinOwnerID":1339701982
      },
      "ConnectionType":0,
      "ConnectedWireIndex":-1,
      "ConnectedWireSegmentIndex":-1,
      "Points":[{"x":0.0,"y":0.0},{"x":0.0,"y":0.0}]
    },
    {
      "SourcePinAddress":{
        "PinID":0,
        "PinOwnerID":1373058572
      },
      "TargetPinAddress":{
        "PinID":2075623743,
        "PinOwnerID":1932694064
      },
      "ConnectionType":1,
      "ConnectedWireIndex":6,
      "ConnectedWireSegmentIndex":0,
      "Points":[{"x":-2.1875,"y":1.1875},{"x":-2.1875,"y":1.4375},{"x":0.625,"y":1.4375},{"x":0.625,"y":0.875},{"x":0.0,"y":0.0}]
    },
    {
      "SourcePinAddress":{
        "PinID":572187979,
        "PinOwnerID":72205226
      },
      "TargetPinAddress":{
        "PinID":2011728057,
        "PinOwnerID":1932694064
      },
      "ConnectionType":0,
      "ConnectedWireIndex":-1,
      "ConnectedWireSegmentIndex":-1,
      "Points":[{"x":0.0,"y":0.0},{"x":1.0625,"y":2.5625},{"x":1.0625,"y":1.75},{"x":0.0,"y":0.0}]
    },
    {
      "SourcePinAddress":{
        "PinID":1787405944,
        "PinOwnerID":1339701982
      },
      "TargetPinAddress":{
        "PinID":520004634,
        "PinOwnerID":72205226
      },
      "ConnectionType":0,
      "ConnectedWireIndex":-1,
      "ConnectedWireSegmentIndex":-1,
      "Points":[{"x":0.0,"y":0.0},{"x":5.25,"y":0.75},{"x":5.25,"y":3.125},{"x":-0.6875,"y":3.125},{"x":-0.6875,"y":2.5625},{"x":0.0,"y":0.0}]
    },
    {
      "SourcePinAddress":{
        "PinID":0,
        "PinOwnerID":812861399
      },
      "TargetPinAddress":{
        "PinID":599892718,
        "PinOwnerID":72205226
      },
      "ConnectionType":1,
      "ConnectedWireIndex":3,
      "ConnectedWireSegmentIndex":0,
      "Points":[{"x":-2.375,"y":0.375},{"x":-2.375,"y":1.6875},{"x":0.0,"y":0.0}]
    },
    {
      "SourcePinAddress":{
        "PinID":0,
        "PinOwnerID":80669646
      },
      "TargetPinAddress":{
        "PinID":2075623743,
        "PinOwnerID":1339966022
      },
      "ConnectionType":1,
      "ConnectedWireIndex":5,
      "ConnectedWireSegmentIndex":0,
      "Points":[{"x":-4.375,"y":0.9375},{"x":0.0,"y":0.0}]
    },
    {
      "SourcePinAddress":{
        "PinID":1321101400,
        "PinOwnerID":1647051064
      },
      "TargetPinAddress":{
        "PinID":2024689954,
        "PinOwnerID":72205226
      },
      "ConnectionType":0,
      "ConnectedWireIndex":-1,
      "ConnectedWireSegmentIndex":-1,
      "Points":[{"x":0.0,"y":0.0},{"x":0.0,"y":0.0}]
    },
    {
      "SourcePinAddress":{
        "PinID":1651850200,
        "PinOwnerID":1339966022
      },
      "TargetPinAddress":{
        "PinID":514723583,
        "PinOwnerID":1647051064
      },
      "ConnectionType":0,
      "ConnectedWireIndex":-1,
      "ConnectedWireSegmentIndex":-1,
      "Points":[{"x":0.0,"y":0.0},{"x":0.0,"y":0.0}]
    },
    {
      "SourcePinAddress":{
        "PinID":41096156,
        "PinOwnerID":1921365845
      },
      "TargetPinAddress":{
        "PinID":1497816961,
        "PinOwnerID":1647051064
      },
      "ConnectionType":0,
      "ConnectedWireIndex":-1,
      "ConnectedWireSegmentIndex":-1,
      "Points":[{"x":0.0,"y":0.0},{"x":0.0,"y":0.0}]
    },
    {
      "SourcePinAddress":{
        "PinID":0,
        "PinOwnerID":80669646
      },
      "TargetPinAddress":{
        "PinID":198837197,
        "PinOwnerID":1921365845
      },
      "ConnectionType":1,
      "ConnectedWireIndex":5,
      "ConnectedWireSegmentIndex":0,
      "Points":[{"x":-3.0,"y":0.9375},{"x":0.0,"y":0.0}]
    },
    {
      "SourcePinAddress":{
        "PinID":4,
        "PinOwnerID":1403133630
      },
      "TargetPinAddress":{
        "PinID":1,
        "PinOwnerID":1737485688
      },
      "ConnectionType":0,
      "ConnectedWireIndex":-1,
      "ConnectedWireSegmentIndex":-1,
      "Points":[{"x":0.0,"y":0.0},{"x":0.0,"y":0.0}]
    },
    {
      "SourcePinAddress":{
        "PinID":2,
        "PinOwnerID":921882887
      },
      "TargetPinAddress":{
        "PinID":1,
        "PinOwnerID":1478228630
      },
      "ConnectionType":0,
      "ConnectedWireIndex":-1,
      "ConnectedWireSegmentIndex":-1,
      "Points":[{"x":0.0,"y":0.0},{"x":0.0,"y":0.0}]
    },
    {
      "SourcePinAddress":{
        "PinID":2,
        "PinOwnerID":921882887
      },
      "TargetPinAddress":{
        "PinID":2,
        "PinOwnerID":1478228630
      },
      "ConnectionType":1,
      "ConnectedWireIndex":19,
      "ConnectedWireSegmentIndex":0,
      "Points":[{"x":-9.5,"y":2.6875},{"x":-9.5,"y":2.4375},{"x":0.0,"y":0.0}]
    },
    {
      "SourcePinAddress":{
        "PinID":8,
        "PinOwnerID":1478228630
      },
      "TargetPinAddress":{
        "PinID":381176719,
        "PinOwnerID":1339966022
      },
      "ConnectionType":0,
      "ConnectedWireIndex":-1,
      "ConnectedWireSegmentIndex":-1,
      "Points":[{"x":0.0,"y":0.0},{"x":0.0,"y":0.0}]
    },
    {
      "SourcePinAddress":{
        "PinID":2,
        "PinOwnerID":921882887
      },
      "TargetPinAddress":{
        "PinID":5,
        "PinOwnerID":1478228630
      },
      "ConnectionType":1,
      "ConnectedWireIndex":20,
      "ConnectedWireSegmentIndex":0,
      "Points":[{"x":-9.5,"y":2.4375},{"x":-9.5,"y":1.6875},{"x":0.0,"y":0.0}]
    },
    {
      "SourcePinAddress":{
        "PinID":2,
        "PinOwnerID":921882887
      },
      "TargetPinAddress":{
        "PinID":0,
        "PinOwnerID":1403133630
      },
      "ConnectionType":1,
      "ConnectedWireIndex":19,
      "ConnectedWireSegmentIndex":0,
      "Points":[{"x":-9.375,"y":2.6875},{"x":-9.375,"y":2.75},{"x":0.0,"y":0.0}]
    },
    {
      "SourcePinAddress":{
        "PinID":2,
        "PinOwnerID":921882887
      },
      "TargetPinAddress":{
        "PinID":2,
        "PinOwnerID":1403133630
      },
      "ConnectionType":1,
      "ConnectedWireIndex":22,
      "ConnectedWireSegmentIndex":0,
      "Points":[{"x":-9.5,"y":2.25},{"x":0.0,"y":0.0}]
    },
    {
      "SourcePinAddress":{
        "PinID":2,
        "PinOwnerID":1737485688
      },
      "TargetPinAddress":{
        "PinID":2011728057,
        "PinOwnerID":1339966022
      },
      "ConnectionType":0,
      "ConnectedWireIndex":-1,
      "ConnectedWireSegmentIndex":-1,
      "Points":[{"x":0.0,"y":0.0},{"x":0.0,"y":0.0}]
    },
    {
      "SourcePinAddress":{
        "PinID":0,
        "PinOwnerID":1208137757
      },
      "TargetPinAddress":{
        "PinID":1059060280,
        "PinOwnerID":1921365845
      },
      "ConnectionType":1,
      "ConnectedWireIndex":4,
      "ConnectedWireSegmentIndex":0,
      "Points":[{"x":-3.0,"y":0.625},{"x":0.0,"y":0.0}]
    },
    {
      "SourcePinAddress":{
        "PinID":1787405944,
        "PinOwnerID":1339701982
      },
      "TargetPinAddress":{
        "PinID":822896413,
        "PinOwnerID":1285380801
      },
      "ConnectionType":0,
      "ConnectedWireIndex":-1,
      "ConnectedWireSegmentIndex":-1,
      "Points":[{"x":0.0,"y":0.0},{"x":0.0,"y":0.0}]
    },
    {
      "SourcePinAddress":{
        "PinID":0,
        "PinOwnerID":1927290568
      },
      "TargetPinAddress":{
        "PinID":1850562520,
        "PinOwnerID":1285380801
      },
      "ConnectionType":0,
      "ConnectedWireIndex":-1,
      "ConnectedWireSegmentIndex":-1,
      "Points":[{"x":0.0,"y":0.0},{"x":0.0,"y":0.0}]
    },
    {
      "SourcePinAddress":{
        "PinID":0,
        "PinOwnerID":1299801362
      },
      "TargetPinAddress":{
        "PinID":1194575747,
        "PinOwnerID":1285380801
      },
      "ConnectionType":1,
      "ConnectedWireIndex":7,
      "ConnectedWireSegmentIndex":2,
      "Points":[{"x":0.125,"y":0.0},{"x":0.0,"y":0.0}]
    },
    {
      "SourcePinAddress":{
        "PinID":0,
        "PinOwnerID":1298523163
      },
      "TargetPinAddress":{
        "PinID":1967226310,
        "PinOwnerID":1285380801
      },
      "ConnectionType":0,
      "ConnectedWireIndex":-1,
      "ConnectedWireSegmentIndex":-1,
      "Points":[{"x":0.0,"y":0.0},{"x":0.0,"y":0.0}]
    },
    {
      "SourcePinAddress":{
        "PinID":0,
        "PinOwnerID":905149454
      },
      "TargetPinAddress":{
        "PinID":191240773,
        "PinOwnerID":1285380801
      },
      "ConnectionType":0,
      "ConnectedWireIndex":-1,
      "ConnectedWireSegmentIndex":-1,
      "Points":[{"x":0.0,"y":0.0},{"x":0.0,"y":0.0}]
    },
    {
      "SourcePinAddress":{
        "PinID":1162017490,
        "PinOwnerID":1285380801
      },
      "TargetPinAddress":{
        "PinID":0,
        "PinOwnerID":1139209742
      },
      "ConnectionType":0,
      "ConnectedWireIndex":-1,
      "ConnectedWireSegmentIndex":-1,
      "Points":[{"x":0.0,"y":0.0},{"x":0.0,"y":0.0}]
    }
  ],
  "Displays": null
}