{
  "DLSVersion": "2.1.6",
  "Name": "INT 2",
  "NameLocation": 0,
  "ChipType": 0,
  "Size": {
    "x": 0.875,
    "y": 3.75
  },
  "Colour": {
    "r": 0.7327987,
    "g": 0.9085969,
    "b": 0.9257933,
    "a": 1
  },
  "InputPins":[
    {
      "Name":"IN",
      "ID":1115678901,
      "Position":{
        "x":-4.5,
        "y":2.6875
      },
      "BitCount":1,
      "Colour":0,
      "ValueDisplayMode":0
    },
    {
      "Name":"IN",
      "ID":886100008,
      "Position":{
        "x":-4.5,
        "y":1.1875
      },
      "BitCount":4,
      "Colour":0,
      "ValueDisplayMode":0
    },
    {
      "Name":"IN",
      "ID":946554348,
      "Position":{
        "x":-4.5,
        "y":-0.5625
      },
      "BitCount":1,
      "Colour":0,
      "ValueDisplayMode":0
    }
  ],
  "OutputPins":[
    {
      "Name":"OUT",
      "ID":484518540,
      "Position":{
        "x":8.25,
        "y":4.1875
      },
      "BitCount":1,
      "Colour":0,
      "ValueDisplayMode":0
    },
    {
      "Name":"RBM",
      "ID":1401099455,
      "Position":{
        "x":8.25,
        "y":2.9375
      },
      "BitCount":1,
      "Colour":0,
      "ValueDisplayMode":0
    },
    {
      "Name":"BMP",
      "ID":490718732,
      "Position":{
        "x":8.25,
        "y":2.4375
      },
      "BitCount":1,
      "Colour":0,
      "ValueDisplayMode":0
    },
    {
      "Name":"BMM",
      "ID":316868227,
      "Position":{
        "x":8.25,
        "y":1.9375
      },
      "BitCount":1,
      "Colour":0,
      "ValueDisplayMode":0
    },
    {
      "Name":"SBM",
      "ID":30021391,
      "Position":{
        "x":8.25,
        "y":1.4375
      },
      "BitCount":1,
      "Colour":0,
      "ValueDisplayMode":0
    },
    {
      "Name":"CRZ",
      "ID":1349848624,
      "Position":{
        "x":8.25,
        "y":0.9375
      },
      "BitCount":1,
      "Colour":0,
      "ValueDisplayMode":0
    },
    {
      "Name":"CPS",
      "ID":979647464,
      "Position":{
        "x":8.25,
        "y":0.4375
      },
      "BitCount":1,
      "Colour":0,
      "ValueDisplayMode":0
    },
    {
      "Name":"CNG",
      "ID":1520707060,
      "Position":{
        "x":8.25,
        "y":-0.0625
      },
      "BitCount":1,
      "Colour":0,
      "ValueDisplayMode":0
    },
    {
      "Name":"COT",
      "ID":1403275240,
      "Position":{
        "x":8.25,
        "y":-0.5625
      },
      "BitCount":1,
      "Colour":0,
      "ValueDisplayMode":0
    },
    {
      "Name":"NIL",
      "ID":437950523,
      "Position":{
        "x":8.25,
        "y":-1.0625
      },
      "BitCount":1,
      "Colour":0,
      "ValueDisplayMode":0
    },
    {
      "Name":"OUT",
      "ID":1285696832,
      "Position":{
        "x":8.25,
        "y":-1.5625
      },
      "BitCount":1,
      "Colour":0,
      "ValueDisplayMode":0
    },
    {
      "Name":"CPU",
      "ID":1371368200,
      "Position":{
        "x":8.25,
        "y":-2.0625
      },
      "BitCount":1,
      "Colour":0,
      "ValueDisplayMode":0
    },
    {
      "Name":"SCR",
      "ID":2110514525,
      "Position":{
        "x":8.25,
        "y":-2.5
      },
      "BitCount":1,
      "Colour":0,
      "ValueDisplayMode":0
    },
    {
      "Name":"RRC",
      "ID":626002,
      "Position":{
        "x":8.25,
        "y":-3.0
      },
      "BitCount":1,
      "Colour":0,
      "ValueDisplayMode":0
    },
    {
      "Name":"CLC",
      "ID":732270453,
      "Position":{
        "x":8.25,
        "y":-3.5
      },
      "BitCount":1,
      "Colour":0,
      "ValueDisplayMode":0
    }
  ],
  "SubChips":[
    {
      "Name":"DEC-16",
      "ID":241253108,
      "Label":"",
      "Position":{
        "x":-0.8275,
        "y":1.5625
      },
      "OutputPinColourInfo":[{"PinColour":0,"PinID":1194068813},{"PinColour":0,"PinID":2120347980},{"PinColour":0,"PinID":1884987406},{"PinColour":0,"PinID":734976746},{"PinColour":0,"PinID":640014842},{"PinColour":0,"PinID":197563902},{"PinColour":0,"PinID":2000291546},{"PinColour":0,"PinID":2074098886},{"PinColour":0,"PinID":1864045819},{"PinColour":0,"PinID":1064401464},{"PinColour":0,"PinID":1301049964},{"PinColour":0,"PinID":195576675},{"PinColour":0,"PinID":1534967639},{"PinColour":0,"PinID":1409356064},{"PinColour":0,"PinID":236157970},{"PinColour":0,"PinID":1613947385}],
      "InternalData":null
    },
    {
      "Name":"SR LATCH",
      "ID":2144106210,
      "Label":"",
      "Position":{
        "x":4.6475,
        "y":1.5625
      },
      "OutputPinColourInfo":[{"PinColour":0,"PinID":2039177547}],
      "InternalData":null
    },
    {
      "Name":"SR LATCH",
      "ID":1108730185,
      "Label":"",
      "Position":{
        "x":4.6475,
        "y":0.9375
      },
      "OutputPinColourInfo":[{"PinColour":0,"PinID":2039177547}],
      "InternalData":null
    },
    {
      "Name":"OR",
      "ID":1815797956,
      "Label":"",
      "Position":{
        "x":3.735,
        "y":-0.0625
      },
      "OutputPinColourInfo":[{"PinColour":0,"PinID":41096156}],
      "InternalData":null
    },
    {
      "Name":"OR",
      "ID":1855271821,
      "Label":"",
      "Position":{
        "x":4.735,
        "y":-0.4375
      },
      "OutputPinColourInfo":[{"PinColour":0,"PinID":41096156}],
      "InternalData":null
    },
    {
      "Name":"OR",
      "ID":757673848,
      "Label":"",
      "Position":{
        "x":6.735,
        "y":2.9375
      },
      "OutputPinColourInfo":[{"PinColour":0,"PinID":41096156}],
      "InternalData":null
    },
    {
      "Name":"OR",
      "ID":904740728,
      "Label":"",
      "Position":{
        "x":3.11,
        "y":-3.0
      },
      "OutputPinColourInfo":[{"PinColour":0,"PinID":41096156}],
      "InternalData":null
    },
    {
      "Name":"OR",
      "ID":1506819111,
      "Label":"",
      "Position":{
        "x":4.36,
        "y":-2.6875
      },
      "OutputPinColourInfo":[{"PinColour":0,"PinID":41096156}],
      "InternalData":null
    },
    {
      "Name":"OR",
      "ID":1970727296,
      "Label":"",
      "Position":{
        "x":2.985,
        "y":-0.4375
      },
      "OutputPinColourInfo":[{"PinColour":0,"PinID":41096156}],
      "InternalData":null
    },
    {
      "Name":"OR",
      "ID":936375831,
      "Label":"",
      "Position":{
        "x":4.11,
        "y":-1.0
      },
      "OutputPinColourInfo":[{"PinColour":0,"PinID":41096156}],
      "InternalData":null
    },
    {
      "Name":"SR LATCH",
      "ID":563283691,
      "Label":"",
      "Position":{
        "x":4.6475,
        "y":2.25
      },
      "OutputPinColourInfo":[{"PinColour":0,"PinID":2039177547}],
      "InternalData":null
    },
    {
      "Name":"SR LATCH",
      "ID":1301485941,
      "Label":"",
      "Position":{
        "x":4.6475,
        "y":2.875
      },
      "OutputPinColourInfo":[{"PinColour":0,"PinID":2039177547}],
      "InternalData":null
    },
    {
      "Name":"AND",
      "ID":302739611,
      "Label":"",
      "Position":{
        "x":6.2975,
        "y":4.0
      },
      "OutputPinColourInfo":[{"PinColour":0,"PinID":1934042572}],
      "InternalData":null
    },
    {
      "Name":"OR",
      "ID":1068230339,
      "Label":"",
      "Position":{
        "x":2.86,
        "y":-1.1875
      },
      "OutputPinColourInfo":[{"PinColour":0,"PinID":41096156}],
      "InternalData":null
    },
    {
      "Name":"SR LATCH",
      "ID":1488565204,
      "Label":"",
      "Position":{
        "x":4.6475,
        "y":3.875
      },
      "OutputPinColourInfo":[{"PinColour":0,"PinID":2039177547}],
      "InternalData":null
    }
  ],
  "Wires":[
    {
      "SourcePinAddress":{
        "PinID":0,
        "PinOwnerID":886100008
      },
      "TargetPinAddress":{
        "PinID":1547211972,
        "PinOwnerID":241253108
      },
      "ConnectionType":0,
      "ConnectedWireIndex":-1,
      "ConnectedWireSegmentIndex":-1,
      "Points":[{"x":0.0,"y":0.0},{"x":0.0,"y":0.0}]
    },
    {
      "SourcePinAddress":{
        "PinID":0,
        "PinOwnerID":1115678901
      },
      "TargetPinAddress":{
        "PinID":1118433863,
        "PinOwnerID":241253108
      },
      "ConnectionType":0,
      "ConnectedWireIndex":-1,
      "ConnectedWireSegmentIndex":-1,
      "Points":[{"x":0.0,"y":0.0},{"x":0.0,"y":0.0}]
    },
    {
      "SourcePinAddress":{
        "PinID":41096156,
        "PinOwnerID":1815797956
      },
      "TargetPinAddress":{
        "PinID":1059060280,
        "PinOwnerID":1855271821
      },
      "ConnectionType":0,
      "ConnectedWireIndex":-1,
      "ConnectedWireSegmentIndex":-1,
      "Points":[{"x":0.0,"y":0.0},{"x":0.0,"y":0.0}]
    },
    {
      "SourcePinAddress":{
        "PinID":1613947385,
        "PinOwnerID":241253108
      },
      "TargetPinAddress":{
        "PinID":1059060280,
        "PinOwnerID":1815797956
      },
      "ConnectionType":0,
      "ConnectedWireIndex":-1,
      "ConnectedWireSegmentIndex":-1,
      "Points":[{"x":0.0,"y":0.0},{"x":0.0,"y":0.0}]
    },
    {
      "SourcePinAddress":{
        "PinID":1301049964,
        "PinOwnerID":241253108
      },
      "TargetPinAddress":{
        "PinID":198837197,
        "PinOwnerID":1815797956
      },
      "ConnectionType":0,
      "ConnectedWireIndex":-1,
      "ConnectedWireSegmentIndex":-1,
      "Points":[{"x":0.0,"y":0.0},{"x":0.0,"y":0.0}]
    },
    {
      "SourcePinAddress":{
        "PinID":41096156,
        "PinOwnerID":1855271821
      },
      "TargetPinAddress":{
        "PinID":459092067,
        "PinOwnerID":1108730185
      },
      "ConnectionType":0,
      "ConnectedWireIndex":-1,
      "ConnectedWireSegmentIndex":-1,
      "Points":[{"x":0.0,"y":0.0},{"x":0.0,"y":0.0}]
    },
    {
      "SourcePinAddress":{
        "PinID":41096156,
        "PinOwnerID":1855271821
      },
      "TargetPinAddress":{
        "PinID":459092067,
        "PinOwnerID":2144106210
      },
      "ConnectionType":0,
      "ConnectedWireIndex":-1,
      "ConnectedWireSegmentIndex":-1,
      "Points":[{"x":0.0,"y":0.0},{"x":0.0,"y":0.0}]
    },
    {
      "SourcePinAddress":{
        "PinID":41096156,
        "PinOwnerID":757673848
      },
      "TargetPinAddress":{
        "PinID":0,
        "PinOwnerID":1401099455
      },
      "ConnectionType":0,
      "ConnectedWireIndex":-1,
      "ConnectedWireSegmentIndex":-1,
      "Points":[{"x":0.0,"y":0.0},{"x":0.0,"y":0.0}]
    },
    {
      "SourcePinAddress":{
        "PinID":2039177547,
        "PinOwnerID":2144106210
      },
      "TargetPinAddress":{
        "PinID":1059060280,
        "PinOwnerID":757673848
      },
      "ConnectionType":0,
      "ConnectedWireIndex":-1,
      "ConnectedWireSegmentIndex":-1,
      "Points":[{"x":0.0,"y":0.0},{"x":0.0,"y":0.0}]
    },
    {
      "SourcePinAddress":{
        "PinID":2039177547,
        "PinOwnerID":1108730185
      },
      "TargetPinAddress":{
        "PinID":198837197,
        "PinOwnerID":757673848
      },
      "ConnectionType":0,
      "ConnectedWireIndex":-1,
      "ConnectedWireSegmentIndex":-1,
      "Points":[{"x":0.0,"y":0.0},{"x":0.0,"y":0.0}]
    },
    {
      "SourcePinAddress":{
        "PinID":2039177547,
        "PinOwnerID":2144106210
      },
      "TargetPinAddress":{
        "PinID":0,
        "PinOwnerID":490718732
      },
      "ConnectionType":0,
      "ConnectedWireIndex":-1,
      "ConnectedWireSegmentIndex":-1,
      "Points":[{"x":0.0,"y":0.0},{"x":0.0,"y":0.0}]
    },
    {
      "SourcePinAddress":{
        "PinID":2039177547,
        "PinOwnerID":1108730185
      },
      "TargetPinAddress":{
        "PinID":0,
        "PinOwnerID":316868227
      },
      "ConnectionType":0,
      "ConnectedWireIndex":-1,
      "ConnectedWireSegmentIndex":-1,
      "Points":[{"x":0.0,"y":0.0},{"x":0.0,"y":0.0}]
    },
    {
      "SourcePinAddress":{
        "PinID":2000291546,
        "PinOwnerID":241253108
      },
      "TargetPinAddress":{
        "PinID":0,
        "PinOwnerID":30021391
      },
      "ConnectionType":0,
      "ConnectedWireIndex":-1,
      "ConnectedWireSegmentIndex":-1,
      "Points":[{"x":0.0,"y":0.0},{"x":0.0,"y":0.0}]
    },
    {
      "SourcePinAddress":{
        "PinID":195576675,
        "PinOwnerID":241253108
      },
      "TargetPinAddress":{
        "PinID":0,
        "PinOwnerID":1349848624
      },
      "ConnectionType":0,
      "ConnectedWireIndex":-1,
      "ConnectedWireSegmentIndex":-1,
      "Points":[{"x":0.0,"y":0.0},{"x":0.0,"y":0.0}]
    },
    {
      "SourcePinAddress":{
        "PinID":236157970,
        "PinOwnerID":241253108
      },
      "TargetPinAddress":{
        "PinID":0,
        "PinOwnerID":979647464
      },
      "ConnectionType":0,
      "ConnectedWireIndex":-1,
      "ConnectedWireSegmentIndex":-1,
      "Points":[{"x":0.0,"y":0.0},{"x":0.0,"y":0.0}]
    },
    {
      "SourcePinAddress":{
        "PinID":1194068813,
        "PinOwnerID":241253108
      },
      "TargetPinAddress":{
        "PinID":0,
        "PinOwnerID":1520707060
      },
      "ConnectionType":0,
      "ConnectedWireIndex":-1,
      "ConnectedWireSegmentIndex":-1,
      "Points":[{"x":0.0,"y":0.0},{"x":0.0,"y":0.0}]
    },
    {
      "SourcePinAddress":{
        "PinID":41096156,
        "PinOwnerID":904740728
      },
      "TargetPinAddress":{
        "PinID":1059060280,
        "PinOwnerID":1506819111
      },
      "ConnectionType":0,
      "ConnectedWireIndex":-1,
      "ConnectedWireSegmentIndex":-1,
      "Points":[{"x":0.0,"y":0.0},{"x":0.0,"y":0.0}]
    },
    {
      "SourcePinAddress":{
        "PinID":195576675,
        "PinOwnerID":241253108
      },
      "TargetPinAddress":{
        "PinID":1059060280,
        "PinOwnerID":904740728
      },
      "ConnectionType":0,
      "ConnectedWireIndex":-1,
      "ConnectedWireSegmentIndex":-1,
      "Points":[{"x":0.0,"y":0.0},{"x":0.0,"y":0.0}]
    },
    {
      "SourcePinAddress":{
        "PinID":236157970,
        "PinOwnerID":241253108
      },
      "TargetPinAddress":{
        "PinID":198837197,
        "PinOwnerID":904740728
      },
      "ConnectionType":0,
      "ConnectedWireIndex":-1,
      "ConnectedWireSegmentIndex":-1,
      "Points":[{"x":0.0,"y":0.0},{"x":0.0,"y":0.0}]
    },
    {
      "SourcePinAddress":{
        "PinID":1194068813,
        "PinOwnerID":241253108
      },
      "TargetPinAddress":{
        "PinID":198837197,
        "PinOwnerID":1506819111
      },
      "ConnectionType":0,
      "ConnectedWireIndex":-1,
      "ConnectedWireSegmentIndex":-1,
      "Points":[{"x":0.0,"y":0.0},{"x":0.0,"y":0.0}]
    },
    {
      "SourcePinAddress":{
        "PinID":41096156,
        "PinOwnerID":1506819111
      },
      "TargetPinAddress":{
        "PinID":0,
        "PinOwnerID":1403275240
      },
      "ConnectionType":0,
      "ConnectedWireIndex":-1,
      "ConnectedWireSegmentIndex":-1,
      "Points":[{"x":0.0,"y":0.0},{"x":0.0,"y":0.0}]
    },
    {
      "SourcePinAddress":{
        "PinID":0,
        "PinOwnerID":946554348
      },
      "TargetPinAddress":{
        "PinID":198837197,
        "PinOwnerID":1970727296
      },
      "ConnectionType":0,
      "ConnectedWireIndex":-1,
      "ConnectedWireSegmentIndex":-1,
      "Points":[{"x":0.0,"y":0.0},{"x":0.0,"y":0.0}]
    },
    {
      "SourcePinAddress":{
        "PinID":197563902,
        "PinOwnerID":241253108
      },
      "TargetPinAddress":{
        "PinID":1059060280,
        "PinOwnerID":1970727296
      },
      "ConnectionType":0,
      "ConnectedWireIndex":-1,
      "ConnectedWireSegmentIndex":-1,
      "Points":[{"x":0.0,"y":0.0},{"x":0.0,"y":0.0}]
    },
    {
      "SourcePinAddress":{
        "PinID":2120347980,
        "PinOwnerID":241253108
      },
      "TargetPinAddress":{
        "PinID":0,
        "PinOwnerID":1285696832
      },
      "ConnectionType":0,
      "ConnectedWireIndex":-1,
      "ConnectedWireSegmentIndex":-1,
      "Points":[{"x":0.0,"y":0.0},{"x":0.0,"y":0.0}]
    },
    {
      "SourcePinAddress":{
        "PinID":41096156,
        "PinOwnerID":1970727296
      },
      "TargetPinAddress":{
        "PinID":1059060280,
        "PinOwnerID":936375831
      },
      "ConnectionType":0,
      "ConnectedWireIndex":-1,
      "ConnectedWireSegmentIndex":-1,
      "Points":[{"x":0.0,"y":0.0},{"x":0.0,"y":0.0}]
    },
    {
      "SourcePinAddress":{
        "PinID":41096156,
        "PinOwnerID":936375831
      },
      "TargetPinAddress":{
        "PinID":198837197,
        "PinOwnerID":1855271821
      },
      "ConnectionType":0,
      "ConnectedWireIndex":-1,
      "ConnectedWireSegmentIndex":-1,
      "Points":[{"x":0.0,"y":0.0},{"x":0.0,"y":0.0}]
    },
    {
      "SourcePinAddress":{
        "PinID":2039177547,
        "PinOwnerID":563283691
      },
      "TargetPinAddress":{
        "PinID":0,
        "PinOwnerID":437950523
      },
      "ConnectionType":0,
      "ConnectedWireIndex":-1,
      "ConnectedWireSegmentIndex":-1,
      "Points":[{"x":0.0,"y":0.0},{"x":0.0,"y":0.0}]
    },
    {
      "SourcePinAddress":{
        "PinID":197563902,
        "PinOwnerID":241253108
      },
      "TargetPinAddress":{
        "PinID":465323907,
        "PinOwnerID":563283691
      },
      "ConnectionType":0,
      "ConnectedWireIndex":-1,
      "ConnectedWireSegmentIndex":-1,
      "Points":[{"x":0.0,"y":0.0},{"x":0.0,"y":0.0}]
    },
    {
      "SourcePinAddress":{
        "PinID":41096156,
        "PinOwnerID":1855271821
      },
      "TargetPinAddress":{
        "PinID":459092067,
        "PinOwnerID":563283691
      },
      "ConnectionType":0,
      "ConnectedWireIndex":-1,
      "ConnectedWireSegmentIndex":-1,
      "Points":[{"x":0.0,"y":0.0},{"x":0.0,"y":0.0}]
    },
    {
      "SourcePinAddress":{
        "PinID":1409356064,
        "PinOwnerID":241253108
      },
      "TargetPinAddress":{
        "PinID":465323907,
        "PinOwnerID":1301485941
      },
      "ConnectionType":0,
      "ConnectedWireIndex":-1,
      "ConnectedWireSegmentIndex":-1,
      "Points":[{"x":0.0,"y":0.0},{"x":0.0,"y":0.0}]
    },
    {
      "SourcePinAddress":{
        "PinID":41096156,
        "PinOwnerID":1855271821
      },
      "TargetPinAddress":{
        "PinID":459092067,
        "PinOwnerID":1301485941
      },
      "ConnectionType":0,
      "ConnectedWireIndex":-1,
      "ConnectedWireSegmentIndex":-1,
      "Points":[{"x":0.0,"y":0.0},{"x":0.0,"y":0.0}]
    },
    {
      "SourcePinAddress":{
        "PinID":2039177547,
        "PinOwnerID":1301485941
      },
      "TargetPinAddress":{
        "PinID":0,
        "PinOwnerID":1371368200
      },
      "ConnectionType":0,
      "ConnectedWireIndex":-1,
      "ConnectedWireSegmentIndex":-1,
      "Points":[{"x":0.0,"y":0.0},{"x":0.0,"y":0.0}]
    },
    {
      "SourcePinAddress":{
        "PinID":1934042572,
        "PinOwnerID":302739611
      },
      "TargetPinAddress":{
        "PinID":0,
        "PinOwnerID":484518540
      },
      "ConnectionType":0,
      "ConnectedWireIndex":-1,
      "ConnectedWireSegmentIndex":-1,
      "Points":[{"x":0.0,"y":0.0},{"x":0.0,"y":0.0}]
    },
    {
      "SourcePinAddress":{
        "PinID":0,
        "PinOwnerID":946554348
      },
      "TargetPinAddress":{
        "PinID":1522459734,
        "PinOwnerID":302739611
      },
      "ConnectionType":0,
      "ConnectedWireIndex":-1,
      "ConnectedWireSegmentIndex":-1,
      "Points":[{"x":0.0,"y":0.0},{"x":0.0,"y":0.0}]
    },
    {
      "SourcePinAddress":{
        "PinID":41096156,
        "PinOwnerID":1855271821
      },
      "TargetPinAddress":{
        "PinID":818357688,
        "PinOwnerID":302739611
      },
      "ConnectionType":0,
      "ConnectedWireIndex":-1,
      "ConnectedWireSegmentIndex":-1,
      "Points":[{"x":0.0,"y":0.0},{"x":0.0,"y":0.0}]
    },
    {
      "SourcePinAddress":{
        "PinID":41096156,
        "PinOwnerID":1068230339
      },
      "TargetPinAddress":{
        "PinID":198837197,
        "PinOwnerID":936375831
      },
      "ConnectionType":0,
      "ConnectedWireIndex":-1,
      "ConnectedWireSegmentIndex":-1,
      "Points":[{"x":0.0,"y":0.0},{"x":0.0,"y":0.0}]
    },
    {
      "SourcePinAddress":{
        "PinID":1409356064,
        "PinOwnerID":241253108
      },
      "TargetPinAddress":{
        "PinID":1059060280,
        "PinOwnerID":1068230339
      },
      "ConnectionType":0,
      "ConnectedWireIndex":-1,
      "ConnectedWireSegmentIndex":-1,
      "Points":[{"x":0.0,"y":0.0},{"x":0.0,"y":0.0}]
    },
    {
      "SourcePinAddress":{
        "PinID":734976746,
        "PinOwnerID":241253108
      },
      "TargetPinAddress":{
        "PinID":198837197,
        "PinOwnerID":1068230339
      },
      "ConnectionType":0,
      "ConnectedWireIndex":-1,
      "ConnectedWireSegmentIndex":-1,
      "Points":[{"x":0.0,"y":0.0},{"x":0.0,"y":0.0}]
    },
    {
      "SourcePinAddress":{
        "PinID":734976746,
        "PinOwnerID":241253108
      },
      "TargetPinAddress":{
        "PinID":465323907,
        "PinOwnerID":1488565204
      },
      "ConnectionType":0,
      "ConnectedWireIndex":-1,
      "ConnectedWireSegmentIndex":-1,
      "Points":[{"x":0.0,"y":0.0},{"x":0.0,"y":0.0}]
    },
    {
      "SourcePinAddress":{
        "PinID":41096156,
        "PinOwnerID":1855271821
      },
      "TargetPinAddress":{
        "PinID":459092067,
        "PinOwnerID":1488565204
      },
      "ConnectionType":0,
      "ConnectedWireIndex":-1,
      "ConnectedWireSegmentIndex":-1,
      "Points":[{"x":0.0,"y":0.0},{"x":0.0,"y":0.0}]
    },
    {
      "SourcePinAddress":{
        "PinID":1534967639,
        "PinOwnerID":241253108
      },
      "TargetPinAddress":{
        "PinID":0,
        "PinOwnerID":2110514525
      },
      "ConnectionType":0,
      "ConnectedWireIndex":-1,
      "ConnectedWireSegmentIndex":-1,
      "Points":[{"x":0.0,"y":0.0},{"x":0.0,"y":0.0}]
    },
    {
      "SourcePinAddress":{
        "PinID":2039177547,
        "PinOwnerID":1488565204
      },
      "TargetPinAddress":{
        "PinID":0,
        "PinOwnerID":626002
      },
      "ConnectionType":0,
      "ConnectedWireIndex":-1,
      "ConnectedWireSegmentIndex":-1,
      "Points":[{"x":0.0,"y":0.0},{"x":0.0,"y":0.0}]
    },
    {
      "SourcePinAddress":{
        "PinID":1884987406,
        "PinOwnerID":241253108
      },
      "TargetPinAddress":{
        "PinID":0,
        "PinOwnerID":732270453
      },
      "ConnectionType":0,
      "ConnectedWireIndex":-1,
      "ConnectedWireSegmentIndex":-1,
      "Points":[{"x":0.0,"y":0.0},{"x":0.0,"y":0.0}]
    }
  ],
  "Displays": null
}