{
  "DLSVersion": "2.1.6",
  "Name": "KCS",
  "NameLocation": 0,
  "ChipType": 0,
  "Size": {
    "x": 0.725,
    "y": 0.375
  },
  "Colour": {
    "r": 0.0861479,
    "g": 0.125144869,
    "b": 0.296132416,
    "a": 1
  },
  "InputPins":[],
  "OutputPins":[],
  "SubChips":[
    {
      "Name":"CLU",
      "ID":1322042293,
      "Label":"",
      "Position":{
        "x":-10.0775,
        "y":7.375
      },
      "OutputPinColourInfo":[{"PinColour":5,"PinID":1784765609}],
      "InternalData":null
    },
    {
      "Name":"CPU",
      "ID":1657996336,
      "Label":"",
      "Position":{
        "x":-7.5775,
        "y":6.25
      },
      "OutputPinColourInfo":[{"PinColour":6,"PinID":473656107},{"PinColour":6,"PinID":381853444},{"PinColour":0,"PinID":1053819713}],
      "InternalData":null
    },
    {
      "Name":"ALU-3",
      "ID":2115567979,
      "Label":"",
      "Position":{
        "x":6.9475,
        "y":1.5625
      },
      "OutputPinColourInfo":[{"PinColour":0,"PinID":1520549759}],
      "InternalData":null
    },
    {
      "Name":"ALU-0",
      "ID":1396896760,
      "Label":"",
      "Position":{
        "x":4.0225,
        "y":5.125
      },
      "OutputPinColourInfo":[{"PinColour":0,"PinID":693219258}],
      "InternalData":null
    },
    {
      "Name":"SR LATCH",
      "ID":562919054,
      "Label":"",
      "Position":{
        "x":-8.8525,
        "y":7.25
      },
      "OutputPinColourInfo":[{"PinColour":5,"PinID":2039177547}],
      "InternalData":null
    },
    {
      "Name":"RAM",
      "ID":2024669578,
      "Label":"",
      "Position":{
        "x":0.5475,
        "y":5.1875
      },
      "OutputPinColourInfo":[{"PinColour":0,"PinID":1867862492}],
      "InternalData":null
    },
    {
      "Name":"REGISTER",
      "ID":1852589780,
      "Label":"",
      "Position":{
        "x":4.0475,
        "y":0.4375
      },
      "OutputPinColourInfo":[{"PinColour":0,"PinID":426770977}],
      "InternalData":null
    },
    {
      "Name":"REGISTER",
      "ID":2102161261,
      "Label":"",
      "Position":{
        "x":0.7975,
        "y":0.4375
      },
      "OutputPinColourInfo":[{"PinColour":0,"PinID":426770977}],
      "InternalData":null
    },
    {
      "Name":"INT 2",
      "ID":1825453064,
      "Label":"",
      "Position":{
        "x":-2.9275,
        "y":6.375
      },
      "OutputPinColourInfo":[{"PinColour":6,"PinID":484518540},{"PinColour":4,"PinID":1401099455},{"PinColour":5,"PinID":490718732},{"PinColour":5,"PinID":316868227},{"PinColour":3,"PinID":30021391},{"PinColour":6,"PinID":1349848624},{"PinColour":6,"PinID":979647464},{"PinColour":6,"PinID":1520707060},{"PinColour":4,"PinID":1403275240},{"PinColour":4,"PinID":437950523},{"PinColour":4,"PinID":1285696832},{"PinColour":4,"PinID":1371368200},{"PinColour":3,"PinID":2110514525},{"PinColour":4,"PinID":626002},{"PinColour":6,"PinID":732270453}],
      "InternalData":null
    },
    {
      "Name":"INT 1",
      "ID":1961676607,
      "Label":"",
      "Position":{
        "x":-5.865,
        "y":6.375
      },
      "OutputPinColourInfo":[{"PinColour":6,"PinID":1725198499},{"PinColour":3,"PinID":1442045493},{"PinColour":3,"PinID":249156160},{"PinColour":4,"PinID":1717586500},{"PinColour":5,"PinID":1848050076},{"PinColour":3,"PinID":1949388619},{"PinColour":3,"PinID":2078704814},{"PinColour":4,"PinID":253084425},{"PinColour":3,"PinID":593572540},{"PinColour":4,"PinID":1425775125},{"PinColour":3,"PinID":631394723},{"PinColour":4,"PinID":795330862},{"PinColour":4,"PinID":523047650},{"PinColour":3,"PinID":1451378258},{"PinColour":6,"PinID":843193100}],
      "InternalData":null
    },
    {
      "Name":"OR",
      "ID":337847770,
      "Label":"",
      "Position":{
        "x":-1.89,
        "y":8.25
      },
      "OutputPinColourInfo":[{"PinColour":6,"PinID":41096156}],
      "InternalData":null
    },
    {
      "Name":"BUS-8",
      "ID":582709621,
      "Label":"",
      "Position":{
        "x":-11.49,
        "y":3.3125
      },
      "OutputPinColourInfo":null,
      "InternalData":[589340773,0]
    },
    {
      "Name":"BUS-TERMINUS-8",
      "ID":589340773,
      "Label":"",
      "Position":{
        "x":9.385,
        "y":3.25
      },
      "OutputPinColourInfo":null,
      "InternalData":[582709621,0]
    },
    {
      "Name":"BUS-1",
      "ID":1756920156,
      "Label":"",
      "Position":{
        "x":-11.49,
        "y":2.875
      },
      "OutputPinColourInfo":null,
      "InternalData":[1130357868,0]
    },
    {
      "Name":"BUS-TERMINUS-1",
      "ID":1130357868,
      "Label":"",
      "Position":{
        "x":9.385,
        "y":2.8125
      },
      "OutputPinColourInfo":null,
      "InternalData":[1756920156,0]
    },
    {
      "Name":"CLK",
      "ID":1172272482,
      "Label":"",
      "Position":{
        "x":-11.2975,
        "y":2.4375
      },
      "OutputPinColourInfo":[{"PinColour":2,"PinID":1390412322}],
      "InternalData":null
    },
    {
      "Name":"NIL",
      "ID":2112358233,
      "Label":"",
      "Position":{
        "x":-6.0775,
        "y":3.875
      },
      "OutputPinColourInfo":[{"PinColour":0,"PinID":503157428}],
      "InternalData":null
    },
    {
      "Name":"KEY",
      "ID":716001691,
      "Label":"",
      "Position":{
        "x":-9.9475,
        "y":6.0
      },
      "OutputPinColourInfo":[{"PinColour":6,"PinID":0}],
      "InternalData":[76]
    },
    {
      "Name":"KEY",
      "ID":474758733,
      "Label":"",
      "Position":{
        "x":-9.9475,
        "y":5.5
      },
      "OutputPinColourInfo":[{"PinColour":6,"PinID":0}],
      "InternalData":[77]
    },
    {
      "Name":"NOT",
      "ID":906519239,
      "Label":"",
      "Position":{
        "x":-7.515,
        "y":8.125
      },
      "OutputPinColourInfo":[{"PinColour":6,"PinID":722248817}],
      "InternalData":null
    },
    {
      "Name":"REGISTER",
      "ID":939861329,
      "Label":"",
      "Position":{
        "x":7.1725,
        "y":5.0625
      },
      "OutputPinColourInfo":[{"PinColour":0,"PinID":426770977}],
      "InternalData":null
    }
  ],
  "Wires":[
    {
      "SourcePinAddress":{
        "PinID":2039177547,
        "PinOwnerID":562919054
      },
      "TargetPinAddress":{
        "PinID":1775298150,
        "PinOwnerID":1657996336
      },
      "ConnectionType":0,
      "ConnectedWireIndex":-1,
      "ConnectedWireSegmentIndex":-1,
      "Points":[{"x":0.0,"y":0.0},{"x":0.0,"y":0.0}]
    },
    {
      "SourcePinAddress":{
        "PinID":381853444,
        "PinOwnerID":1657996336
      },
      "TargetPinAddress":{
        "PinID":1983140090,
        "PinOwnerID":1961676607
      },
      "ConnectionType":0,
      "ConnectedWireIndex":-1,
      "ConnectedWireSegmentIndex":-1,
      "Points":[{"x":0.0,"y":0.0},{"x":0.0,"y":0.0}]
    },
    {
      "SourcePinAddress":{
        "PinID":484518540,
        "PinOwnerID":1825453064
      },
      "TargetPinAddress":{
        "PinID":198837197,
        "PinOwnerID":337847770
      },
      "ConnectionType":0,
      "ConnectedWireIndex":-1,
      "ConnectedWireSegmentIndex":-1,
      "Points":[{"x":0.0,"y":0.0},{"x":0.0,"y":0.0}]
    },
    {
      "SourcePinAddress":{
        "PinID":1725198499,
        "PinOwnerID":1961676607
      },
      "TargetPinAddress":{
        "PinID":1059060280,
        "PinOwnerID":337847770
      },
      "ConnectionType":0,
      "ConnectedWireIndex":-1,
      "ConnectedWireSegmentIndex":-1,
      "Points":[{"x":0.0,"y":0.0},{"x":-5.23,"y":8.375},{"x":0.0,"y":0.0}]
    },
    {
      "SourcePinAddress":{
        "PinID":1784765609,
        "PinOwnerID":1322042293
      },
      "TargetPinAddress":{
        "PinID":465323907,
        "PinOwnerID":562919054
      },
      "ConnectionType":0,
      "ConnectedWireIndex":-1,
      "ConnectedWireSegmentIndex":-1,
      "Points":[{"x":0.0,"y":0.0},{"x":0.0,"y":0.0}]
    },
    {
      "SourcePinAddress":{
        "PinID":1349848624,
        "PinOwnerID":1825453064
      },
      "TargetPinAddress":{
        "PinID":307567181,
        "PinOwnerID":1322042293
      },
      "ConnectionType":0,
      "ConnectedWireIndex":-1,
      "ConnectedWireSegmentIndex":-1,
      "Points":[{"x":0.0,"y":0.0},{"x":-0.5,"y":6.875},{"x":-0.5,"y":8.75},{"x":-11.0,"y":8.75},{"x":-11.0,"y":7.375},{"x":0.0,"y":0.0}]
    },
    {
      "SourcePinAddress":{
        "PinID":1520707060,
        "PinOwnerID":1825453064
      },
      "TargetPinAddress":{
        "PinID":776251269,
        "PinOwnerID":1322042293
      },
      "ConnectionType":0,
      "ConnectedWireIndex":-1,
      "ConnectedWireSegmentIndex":-1,
      "Points":[{"x":0.0,"y":0.0},{"x":-0.375,"y":6.375},{"x":-0.375,"y":8.875},{"x":-11.125,"y":8.875},{"x":-11.125,"y":7.125},{"x":0.0,"y":0.0}]
    },
    {
      "SourcePinAddress":{
        "PinID":979647464,
        "PinOwnerID":1825453064
      },
      "TargetPinAddress":{
        "PinID":1334631865,
        "PinOwnerID":1322042293
      },
      "ConnectionType":0,
      "ConnectedWireIndex":-1,
      "ConnectedWireSegmentIndex":-1,
      "Points":[{"x":0.0,"y":0.0},{"x":-0.25,"y":6.625},{"x":-0.25,"y":9.0},{"x":-11.25,"y":9.0},{"x":-11.25,"y":6.875},{"x":0.0,"y":0.0}]
    },
    {
      "SourcePinAddress":{
        "PinID":1,
        "PinOwnerID":582709621
      },
      "TargetPinAddress":{
        "PinID":0,
        "PinOwnerID":589340773
      },
      "ConnectionType":0,
      "ConnectedWireIndex":-1,
      "ConnectedWireSegmentIndex":-1,
      "Points":[{"x":0.0,"y":0.0},{"x":0.0,"y":0.0}]
    },
    {
      "SourcePinAddress":{
        "PinID":1,
        "PinOwnerID":1756920156
      },
      "TargetPinAddress":{
        "PinID":0,
        "PinOwnerID":1130357868
      },
      "ConnectionType":0,
      "ConnectedWireIndex":-1,
      "ConnectedWireSegmentIndex":-1,
      "Points":[{"x":0.0,"y":0.0},{"x":0.0,"y":0.0}]
    },
    {
      "SourcePinAddress":{
        "PinID":1390412322,
        "PinOwnerID":1172272482
      },
      "TargetPinAddress":{
        "PinID":0,
        "PinOwnerID":1756920156
      },
      "ConnectionType":2,
      "ConnectedWireIndex":9,
      "ConnectedWireSegmentIndex":0,
      "Points":[{"x":0.0,"y":0.0},{"x":-11.00001,"y":2.87392}]
    },
    {
      "SourcePinAddress":{
        "PinID":1053819713,
        "PinOwnerID":1657996336
      },
      "TargetPinAddress":{
        "PinID":0,
        "PinOwnerID":582709621
      },
      "ConnectionType":2,
      "ConnectedWireIndex":8,
      "ConnectedWireSegmentIndex":0,
      "Points":[{"x":0.0,"y":0.0},{"x":-6.875,"y":5.375},{"x":-6.87509,"y":3.29891}]
    },
    {
      "SourcePinAddress":{
        "PinID":1,
        "PinOwnerID":582709621
      },
      "TargetPinAddress":{
        "PinID":1554822002,
        "PinOwnerID":1322042293
      },
      "ConnectionType":1,
      "ConnectedWireIndex":8,
      "ConnectedWireSegmentIndex":0,
      "Points":[{"x":-10.75001,"y":3.31066},{"x":-10.75,"y":7.75},{"x":0.0,"y":0.0}]
    },
    {
      "SourcePinAddress":{
        "PinID":1520549759,
        "PinOwnerID":2115567979
      },
      "TargetPinAddress":{
        "PinID":0,
        "PinOwnerID":582709621
      },
      "ConnectionType":2,
      "ConnectedWireIndex":8,
      "ConnectedWireSegmentIndex":0,
      "Points":[{"x":0.0,"y":0.0},{"x":8.0,"y":1.5625},{"x":7.99963,"y":3.25379}]
    },
    {
      "SourcePinAddress":{
        "PinID":1867862492,
        "PinOwnerID":2024669578
      },
      "TargetPinAddress":{
        "PinID":0,
        "PinOwnerID":582709621
      },
      "ConnectionType":2,
      "ConnectedWireIndex":8,
      "ConnectedWireSegmentIndex":0,
      "Points":[{"x":0.0,"y":0.0},{"x":1.25,"y":5.1875},{"x":1.24976,"y":3.27427}]
    },
    {
      "SourcePinAddress":{
        "PinID":1,
        "PinOwnerID":582709621
      },
      "TargetPinAddress":{
        "PinID":713068401,
        "PinOwnerID":2024669578
      },
      "ConnectionType":1,
      "ConnectedWireIndex":8,
      "ConnectedWireSegmentIndex":0,
      "Points":[{"x":-0.31271,"y":3.27901},{"x":-0.3125,"y":5.6875},{"x":0.0,"y":0.0}]
    },
    {
      "SourcePinAddress":{
        "PinID":1,
        "PinOwnerID":582709621
      },
      "TargetPinAddress":{
        "PinID":929498511,
        "PinOwnerID":1396896760
      },
      "ConnectionType":1,
      "ConnectedWireIndex":8,
      "ConnectedWireSegmentIndex":0,
      "Points":[{"x":2.81223,"y":3.26953},{"x":2.8125,"y":5.75},{"x":0.0,"y":0.0}]
    },
    {
      "SourcePinAddress":{
        "PinID":693219258,
        "PinOwnerID":1396896760
      },
      "TargetPinAddress":{
        "PinID":0,
        "PinOwnerID":582709621
      },
      "ConnectionType":2,
      "ConnectedWireIndex":8,
      "ConnectedWireSegmentIndex":0,
      "Points":[{"x":0.0,"y":0.0},{"x":5.125,"y":5.125},{"x":5.12469,"y":3.26251}]
    },
    {
      "SourcePinAddress":{
        "PinID":1,
        "PinOwnerID":1756920156
      },
      "TargetPinAddress":{
        "PinID":189254798,
        "PinOwnerID":2115567979
      },
      "ConnectionType":1,
      "ConnectedWireIndex":9,
      "ConnectedWireSegmentIndex":0,
      "Points":[{"x":6.06217,"y":2.82217},{"x":6.0625,"y":1.0625},{"x":0.0,"y":0.0}]
    },
    {
      "SourcePinAddress":{
        "PinID":1,
        "PinOwnerID":1756920156
      },
      "TargetPinAddress":{
        "PinID":1465078024,
        "PinOwnerID":1396896760
      },
      "ConnectionType":1,
      "ConnectedWireIndex":9,
      "ConnectedWireSegmentIndex":0,
      "Points":[{"x":3.18722,"y":2.83089},{"x":3.1875,"y":4.375},{"x":0.0,"y":0.0}]
    },
    {
      "SourcePinAddress":{
        "PinID":1,
        "PinOwnerID":1756920156
      },
      "TargetPinAddress":{
        "PinID":1811123134,
        "PinOwnerID":1657996336
      },
      "ConnectionType":1,
      "ConnectedWireIndex":9,
      "ConnectedWireSegmentIndex":0,
      "Points":[{"x":-8.25006,"y":2.86558},{"x":-8.25,"y":5.5},{"x":0.0,"y":0.0}]
    },
    {
      "SourcePinAddress":{
        "PinID":1,
        "PinOwnerID":1756920156
      },
      "TargetPinAddress":{
        "PinID":1655274447,
        "PinOwnerID":2024669578
      },
      "ConnectionType":1,
      "ConnectedWireIndex":9,
      "ConnectedWireSegmentIndex":0,
      "Points":[{"x":-0.7502,"y":2.84283},{"x":-0.75,"y":4.5625},{"x":0.0,"y":0.0}]
    },
    {
      "SourcePinAddress":{
        "PinID":41096156,
        "PinOwnerID":337847770
      },
      "TargetPinAddress":{
        "PinID":970908957,
        "PinOwnerID":1961676607
      },
      "ConnectionType":0,
      "ConnectedWireIndex":-1,
      "ConnectedWireSegmentIndex":-1,
      "Points":[{"x":0.0,"y":0.0},{"x":-1.655,"y":5.375},{"x":-1.655,"y":4.625},{"x":0.0,"y":0.0}]
    },
    {
      "SourcePinAddress":{
        "PinID":1442045493,
        "PinOwnerID":1961676607
      },
      "TargetPinAddress":{
        "PinID":567052407,
        "PinOwnerID":2115567979
      },
      "ConnectionType":0,
      "ConnectedWireIndex":-1,
      "ConnectedWireSegmentIndex":-1,
      "Points":[{"x":0.0,"y":0.0},{"x":-3.875,"y":7.875},{"x":-3.875,"y":1.8125},{"x":0.0,"y":0.0}]
    },
    {
      "SourcePinAddress":{
        "PinID":249156160,
        "PinOwnerID":1961676607
      },
      "TargetPinAddress":{
        "PinID":982175997,
        "PinOwnerID":2115567979
      },
      "ConnectionType":0,
      "ConnectedWireIndex":-1,
      "ConnectedWireSegmentIndex":-1,
      "Points":[{"x":0.0,"y":0.0},{"x":-4.0,"y":7.625},{"x":-4.0,"y":1.5625},{"x":0.0,"y":0.0}]
    },
    {
      "SourcePinAddress":{
        "PinID":1717586500,
        "PinOwnerID":1961676607
      },
      "TargetPinAddress":{
        "PinID":1932706713,
        "PinOwnerID":2115567979
      },
      "ConnectionType":0,
      "ConnectedWireIndex":-1,
      "ConnectedWireSegmentIndex":-1,
      "Points":[{"x":0.0,"y":0.0},{"x":-4.125,"y":7.375},{"x":-4.125,"y":1.3125},{"x":0.0,"y":0.0}]
    },
    {
      "SourcePinAddress":{
        "PinID":1,
        "PinOwnerID":582709621
      },
      "TargetPinAddress":{
        "PinID":762424315,
        "PinOwnerID":1657996336
      },
      "ConnectionType":1,
      "ConnectedWireIndex":8,
      "ConnectedWireSegmentIndex":0,
      "Points":[{"x":-8.81255,"y":3.30479},{"x":-8.8125,"y":6.875},{"x":0.0,"y":0.0}]
    },
    {
      "SourcePinAddress":{
        "PinID":1,
        "PinOwnerID":582709621
      },
      "TargetPinAddress":{
        "PinID":848771840,
        "PinOwnerID":2102161261
      },
      "ConnectionType":1,
      "ConnectedWireIndex":8,
      "ConnectedWireSegmentIndex":0,
      "Points":[{"x":-0.25021,"y":3.27882},{"x":-0.25,"y":0.8125},{"x":0.0,"y":0.0}]
    },
    {
      "SourcePinAddress":{
        "PinID":426770977,
        "PinOwnerID":2102161261
      },
      "TargetPinAddress":{
        "PinID":0,
        "PinOwnerID":582709621
      },
      "ConnectionType":2,
      "ConnectedWireIndex":8,
      "ConnectedWireSegmentIndex":0,
      "Points":[{"x":0.0,"y":0.0},{"x":2.0,"y":0.4375},{"x":1.99974,"y":3.27199}]
    },
    {
      "SourcePinAddress":{
        "PinID":1,
        "PinOwnerID":1756920156
      },
      "TargetPinAddress":{
        "PinID":1666291978,
        "PinOwnerID":2102161261
      },
      "ConnectionType":1,
      "ConnectedWireIndex":9,
      "ConnectedWireSegmentIndex":0,
      "Points":[{"x":-1.1252,"y":2.84397},{"x":-1.125,"y":-0.0625},{"x":0.0,"y":0.0}]
    },
    {
      "SourcePinAddress":{
        "PinID":1848050076,
        "PinOwnerID":1961676607
      },
      "TargetPinAddress":{
        "PinID":2089556834,
        "PinOwnerID":2115567979
      },
      "ConnectionType":0,
      "ConnectedWireIndex":-1,
      "ConnectedWireSegmentIndex":-1,
      "Points":[{"x":0.0,"y":0.0},{"x":-4.25,"y":7.125},{"x":-4.25,"y":2.0625},{"x":-3.75,"y":2.0625},{"x":5.9375,"y":2.0625},{"x":5.9375,"y":0.8125},{"x":0.0,"y":0.0}]
    },
    {
      "SourcePinAddress":{
        "PinID":1,
        "PinOwnerID":582709621
      },
      "TargetPinAddress":{
        "PinID":848771840,
        "PinOwnerID":1852589780
      },
      "ConnectionType":1,
      "ConnectedWireIndex":8,
      "ConnectedWireSegmentIndex":0,
      "Points":[{"x":2.81223,"y":3.26953},{"x":2.8125,"y":0.8125},{"x":0.0,"y":0.0}]
    },
    {
      "SourcePinAddress":{
        "PinID":426770977,
        "PinOwnerID":1852589780
      },
      "TargetPinAddress":{
        "PinID":0,
        "PinOwnerID":582709621
      },
      "ConnectionType":2,
      "ConnectedWireIndex":8,
      "ConnectedWireSegmentIndex":0,
      "Points":[{"x":0.0,"y":0.0},{"x":5.1875,"y":0.4375},{"x":5.18718,"y":3.26232}]
    },
    {
      "SourcePinAddress":{
        "PinID":1,
        "PinOwnerID":1756920156
      },
      "TargetPinAddress":{
        "PinID":1666291978,
        "PinOwnerID":1852589780
      },
      "ConnectionType":1,
      "ConnectedWireIndex":9,
      "ConnectedWireSegmentIndex":0,
      "Points":[{"x":2.49973,"y":2.83298},{"x":2.5,"y":-0.0625},{"x":0.0,"y":0.0}]
    },
    {
      "SourcePinAddress":{
        "PinID":1949388619,
        "PinOwnerID":1961676607
      },
      "TargetPinAddress":{
        "PinID":1766520197,
        "PinOwnerID":2024669578
      },
      "ConnectionType":0,
      "ConnectedWireIndex":-1,
      "ConnectedWireSegmentIndex":-1,
      "Points":[{"x":0.0,"y":0.0},{"x":-4.375,"y":6.875},{"x":-4.375,"y":5.0625},{"x":-0.6875,"y":5.0625},{"x":-0.6875,"y":5.3125},{"x":0.0,"y":0.0}]
    },
    {
      "SourcePinAddress":{
        "PinID":2078704814,
        "PinOwnerID":1961676607
      },
      "TargetPinAddress":{
        "PinID":485915740,
        "PinOwnerID":2024669578
      },
      "ConnectionType":0,
      "ConnectedWireIndex":-1,
      "ConnectedWireSegmentIndex":-1,
      "Points":[{"x":0.0,"y":0.0},{"x":-4.5,"y":6.625},{"x":-4.5,"y":4.9375},{"x":-0.5625,"y":4.9375},{"x":-0.5625,"y":5.0625},{"x":0.0,"y":0.0}]
    },
    {
      "SourcePinAddress":{
        "PinID":253084425,
        "PinOwnerID":1961676607
      },
      "TargetPinAddress":{
        "PinID":671494485,
        "PinOwnerID":2024669578
      },
      "ConnectionType":0,
      "ConnectedWireIndex":-1,
      "ConnectedWireSegmentIndex":-1,
      "Points":[{"x":0.0,"y":0.0},{"x":-4.625,"y":6.375},{"x":-4.625,"y":4.8125},{"x":0.0,"y":0.0}]
    },
    {
      "SourcePinAddress":{
        "PinID":593572540,
        "PinOwnerID":1961676607
      },
      "TargetPinAddress":{
        "PinID":567916681,
        "PinOwnerID":2102161261
      },
      "ConnectionType":0,
      "ConnectedWireIndex":-1,
      "ConnectedWireSegmentIndex":-1,
      "Points":[{"x":0.0,"y":0.0},{"x":-4.75,"y":6.125},{"x":-4.75,"y":0.4375},{"x":0.0,"y":0.0}]
    },
    {
      "SourcePinAddress":{
        "PinID":1425775125,
        "PinOwnerID":1961676607
      },
      "TargetPinAddress":{
        "PinID":665363863,
        "PinOwnerID":2102161261
      },
      "ConnectionType":0,
      "ConnectedWireIndex":-1,
      "ConnectedWireSegmentIndex":-1,
      "Points":[{"x":0.0,"y":0.0},{"x":-4.875,"y":5.875},{"x":-4.875,"y":0.1875},{"x":0.0,"y":0.0}]
    },
    {
      "SourcePinAddress":{
        "PinID":631394723,
        "PinOwnerID":1961676607
      },
      "TargetPinAddress":{
        "PinID":567916681,
        "PinOwnerID":1852589780
      },
      "ConnectionType":0,
      "ConnectedWireIndex":-1,
      "ConnectedWireSegmentIndex":-1,
      "Points":[{"x":0.0,"y":0.0},{"x":-5.0,"y":5.625},{"x":-5.0,"y":-0.3125},{"x":2.3125,"y":-0.3125},{"x":2.3125,"y":0.4375},{"x":0.0,"y":0.0}]
    },
    {
      "SourcePinAddress":{
        "PinID":795330862,
        "PinOwnerID":1961676607
      },
      "TargetPinAddress":{
        "PinID":665363863,
        "PinOwnerID":1852589780
      },
      "ConnectionType":0,
      "ConnectedWireIndex":-1,
      "ConnectedWireSegmentIndex":-1,
      "Points":[{"x":0.0,"y":0.0},{"x":-3.75,"y":5.375},{"x":-3.75,"y":-0.4375},{"x":2.4375,"y":-0.4375},{"x":2.4375,"y":0.1875},{"x":0.0,"y":0.0}]
    },
    {
      "SourcePinAddress":{
        "PinID":1451378258,
        "PinOwnerID":1961676607
      },
      "TargetPinAddress":{
        "PinID":1099735210,
        "PinOwnerID":1657996336
      },
      "ConnectionType":0,
      "ConnectedWireIndex":-1,
      "ConnectedWireSegmentIndex":-1,
      "Points":[{"x":0.0,"y":0.0},{"x":-8.5,"y":4.875},{"x":-8.5,"y":6.5},{"x":0.0,"y":0.0}]
    },
    {
      "SourcePinAddress":{
        "PinID":843193100,
        "PinOwnerID":1961676607
      },
      "TargetPinAddress":{
        "PinID":103012989,
        "PinOwnerID":1657996336
      },
      "ConnectionType":0,
      "ConnectedWireIndex":-1,
      "ConnectedWireSegmentIndex":-1,
      "Points":[{"x":0.0,"y":0.0},{"x":-8.375,"y":4.625},{"x":-8.375,"y":6.25},{"x":0.0,"y":0.0}]
    },
    {
      "SourcePinAddress":{
        "PinID":1401099455,
        "PinOwnerID":1825453064
      },
      "TargetPinAddress":{
        "PinID":1976807579,
        "PinOwnerID":1396896760
      },
      "ConnectionType":0,
      "ConnectedWireIndex":-1,
      "ConnectedWireSegmentIndex":-1,
      "Points":[{"x":0.0,"y":0.0},{"x":-1.5,"y":7.875},{"x":-1.5,"y":4.625},{"x":0.0,"y":0.0}]
    },
    {
      "SourcePinAddress":{
        "PinID":490718732,
        "PinOwnerID":1825453064
      },
      "TargetPinAddress":{
        "PinID":1607120408,
        "PinOwnerID":1396896760
      },
      "ConnectionType":0,
      "ConnectedWireIndex":-1,
      "ConnectedWireSegmentIndex":-1,
      "Points":[{"x":0.0,"y":0.0},{"x":1.625,"y":7.625},{"x":1.625,"y":5.125},{"x":0.0,"y":0.0}]
    },
    {
      "SourcePinAddress":{
        "PinID":316868227,
        "PinOwnerID":1825453064
      },
      "TargetPinAddress":{
        "PinID":890197340,
        "PinOwnerID":1396896760
      },
      "ConnectionType":0,
      "ConnectedWireIndex":-1,
      "ConnectedWireSegmentIndex":-1,
      "Points":[{"x":0.0,"y":0.0},{"x":1.75,"y":7.375},{"x":1.75,"y":5.375},{"x":0.0,"y":0.0}]
    },
    {
      "SourcePinAddress":{
        "PinID":30021391,
        "PinOwnerID":1825453064
      },
      "TargetPinAddress":{
        "PinID":1330365567,
        "PinOwnerID":1396896760
      },
      "ConnectionType":0,
      "ConnectedWireIndex":-1,
      "ConnectedWireSegmentIndex":-1,
      "Points":[{"x":0.0,"y":0.0},{"x":1.5,"y":7.125},{"x":1.5,"y":4.875},{"x":0.0,"y":0.0}]
    },
    {
      "SourcePinAddress":{
        "PinID":503157428,
        "PinOwnerID":2112358233
      },
      "TargetPinAddress":{
        "PinID":0,
        "PinOwnerID":582709621
      },
      "ConnectionType":2,
      "ConnectedWireIndex":8,
      "ConnectedWireSegmentIndex":0,
      "Points":[{"x":0.0,"y":0.0},{"x":-5.3125,"y":3.875},{"x":-5.31261,"y":3.29417}]
    },
    {
      "SourcePinAddress":{
        "PinID":437950523,
        "PinOwnerID":1825453064
      },
      "TargetPinAddress":{
        "PinID":4708383,
        "PinOwnerID":2112358233
      },
      "ConnectionType":0,
      "ConnectedWireIndex":-1,
      "ConnectedWireSegmentIndex":-1,
      "Points":[{"x":0.0,"y":0.0},{"x":-1.8125,"y":5.875},{"x":-1.8125,"y":4.3125},{"x":-6.5625,"y":4.3125},{"x":-6.5625,"y":3.875},{"x":0.0,"y":0.0}]
    },
    {
      "SourcePinAddress":{
        "PinID":0,
        "PinOwnerID":716001691
      },
      "TargetPinAddress":{
        "PinID":700473170,
        "PinOwnerID":1657996336
      },
      "ConnectionType":0,
      "ConnectedWireIndex":-1,
      "ConnectedWireSegmentIndex":-1,
      "Points":[{"x":0.0,"y":0.0},{"x":0.0,"y":0.0}]
    },
    {
      "SourcePinAddress":{
        "PinID":0,
        "PinOwnerID":474758733
      },
      "TargetPinAddress":{
        "PinID":1686316398,
        "PinOwnerID":1657996336
      },
      "ConnectionType":0,
      "ConnectedWireIndex":-1,
      "ConnectedWireSegmentIndex":-1,
      "Points":[{"x":0.0,"y":0.0},{"x":-9.375,"y":5.5},{"x":-9.375,"y":5.75},{"x":0.0,"y":0.0}]
    },
    {
      "SourcePinAddress":{
        "PinID":473656107,
        "PinOwnerID":1657996336
      },
      "TargetPinAddress":{
        "PinID":1115678901,
        "PinOwnerID":1825453064
      },
      "ConnectionType":0,
      "ConnectedWireIndex":-1,
      "ConnectedWireSegmentIndex":-1,
      "Points":[{"x":0.0,"y":0.0},{"x":-6.8125,"y":7.25},{"x":-6.8125,"y":8.5},{"x":-3.4375,"y":8.5},{"x":-3.4375,"y":8.125},{"x":0.0,"y":0.0}]
    },
    {
      "SourcePinAddress":{
        "PinID":722248817,
        "PinOwnerID":906519239
      },
      "TargetPinAddress":{
        "PinID":295711295,
        "PinOwnerID":1961676607
      },
      "ConnectionType":0,
      "ConnectedWireIndex":-1,
      "ConnectedWireSegmentIndex":-1,
      "Points":[{"x":0.0,"y":0.0},{"x":0.0,"y":0.0}]
    },
    {
      "SourcePinAddress":{
        "PinID":473656107,
        "PinOwnerID":1657996336
      },
      "TargetPinAddress":{
        "PinID":71014366,
        "PinOwnerID":906519239
      },
      "ConnectionType":1,
      "ConnectedWireIndex":51,
      "ConnectedWireSegmentIndex":1,
      "Points":[{"x":-6.8125,"y":8.5},{"x":-8.25,"y":8.5},{"x":-8.25,"y":8.125},{"x":0.0,"y":0.0}]
    },
    {
      "SourcePinAddress":{
        "PinID":1,
        "PinOwnerID":582709621
      },
      "TargetPinAddress":{
        "PinID":848771840,
        "PinOwnerID":939861329
      },
      "ConnectionType":1,
      "ConnectedWireIndex":8,
      "ConnectedWireSegmentIndex":0,
      "Points":[{"x":5.74984,"y":3.26062},{"x":5.75,"y":5.4375},{"x":0.0,"y":0.0}]
    },
    {
      "SourcePinAddress":{
        "PinID":426770977,
        "PinOwnerID":939861329
      },
      "TargetPinAddress":{
        "PinID":0,
        "PinOwnerID":582709621
      },
      "ConnectionType":2,
      "ConnectedWireIndex":8,
      "ConnectedWireSegmentIndex":0,
      "Points":[{"x":0.0,"y":0.0},{"x":8.4375,"y":5.0625},{"x":8.43732,"y":3.25247}]
    },
    {
      "SourcePinAddress":{
        "PinID":2110514525,
        "PinOwnerID":1825453064
      },
      "TargetPinAddress":{
        "PinID":567916681,
        "PinOwnerID":939861329
      },
      "ConnectionType":0,
      "ConnectedWireIndex":-1,
      "ConnectedWireSegmentIndex":-1,
      "Points":[{"x":0.0,"y":0.0},{"x":0.0,"y":0.0}]
    },
    {
      "SourcePinAddress":{
        "PinID":626002,
        "PinOwnerID":1825453064
      },
      "TargetPinAddress":{
        "PinID":665363863,
        "PinOwnerID":939861329
      },
      "ConnectionType":0,
      "ConnectedWireIndex":-1,
      "ConnectedWireSegmentIndex":-1,
      "Points":[{"x":0.0,"y":0.0},{"x":0.0,"y":0.0}]
    },
    {
      "SourcePinAddress":{
        "PinID":1,
        "PinOwnerID":1756920156
      },
      "TargetPinAddress":{
        "PinID":1666291978,
        "PinOwnerID":939861329
      },
      "ConnectionType":1,
      "ConnectedWireIndex":9,
      "ConnectedWireSegmentIndex":0,
      "Points":[{"x":6.49983,"y":2.82084},{"x":0.0,"y":0.0}]
    },
    {
      "SourcePinAddress":{
        "PinID":1371368200,
        "PinOwnerID":1825453064
      },
      "TargetPinAddress":{
        "PinID":213235109,
        "PinOwnerID":1657996336
      },
      "ConnectionType":0,
      "ConnectedWireIndex":-1,
      "ConnectedWireSegmentIndex":-1,
      "Points":[{"x":0.0,"y":0.0},{"x":-8.0625,"y":5.375},{"x":-8.0625,"y":5.25},{"x":0.0,"y":0.0}]
    },
    {
      "SourcePinAddress":{
        "PinID":1,
        "PinOwnerID":582709621
      },
      "TargetPinAddress":{
        "PinID":777538892,
        "PinOwnerID":2115567979
      },
      "ConnectionType":1,
      "ConnectedWireIndex":8,
      "ConnectedWireSegmentIndex":0,
      "Points":[{"x":6.18734,"y":3.25929},{"x":6.1875,"y":2.1875},{"x":0.0,"y":0.0}]
    },
    {
      "SourcePinAddress":{
        "PinID":732270453,
        "PinOwnerID":1825453064
      },
      "TargetPinAddress":{
        "PinID":459092067,
        "PinOwnerID":562919054
      },
      "ConnectionType":0,
      "ConnectedWireIndex":-1,
      "ConnectedWireSegmentIndex":-1,
      "Points":[{"x":0.0,"y":0.0},{"x":-9.5625,"y":4.625},{"x":-9.5625,"y":7.125},{"x":0.0,"y":0.0}]
    },
    {
      "SourcePinAddress":{
        "PinID":381853444,
        "PinOwnerID":1657996336
      },
      "TargetPinAddress":{
        "PinID":886100008,
        "PinOwnerID":1825453064
      },
      "ConnectionType":0,
      "ConnectedWireIndex":-1,
      "ConnectedWireSegmentIndex":-1,
      "Points":[{"x":0.0,"y":0.0},{"x":0.0,"y":0.0}]
    },
    {
      "SourcePinAddress":{
        "PinID":41096156,
        "PinOwnerID":337847770
      },
      "TargetPinAddress":{
        "PinID":946554348,
        "PinOwnerID":1825453064
      },
      "ConnectionType":1,
      "ConnectedWireIndex":22,
      "ConnectedWireSegmentIndex":2,
      "Points":[{"x":-3.625,"y":4.625},{"x":0.0,"y":0.0}]
    }
  ],
  "Displays": null
}