{
  "DLSVersion": "2.1.6",
  "Name": "KIS",
  "NameLocation": 0,
  "ChipType": 0,
  "Size": {
    "x": 1.325,
    "y": 0.5
  },
  "Colour": {
    "r": 0.6163583,
    "g": 0.8425325,
    "b": 0.3497186,
    "a": 1
  },
  "InputPins":[],
  "OutputPins":[],
  "SubChips":[
    {
      "Name":"RAM",
      "ID":809540996,
      "Label":"",
      "Position":{
        "x":1.7975,
        "y":1.9375
      },
      "OutputPinColourInfo":[{"PinColour":0,"PinID":1867862492}],
      "InternalData":null
    },
    {
      "Name":"REGISTER",
      "ID":708869878,
      "Label":"",
      "Position":{
        "x":2.1725,
        "y":0.4375
      },
      "OutputPinColourInfo":[{"PinColour":0,"PinID":426770977}],
      "InternalData":null
    },
    {
      "Name":"REGISTER",
      "ID":2047255428,
      "Label":"",
      "Position":{
        "x":2.1725,
        "y":-0.875
      },
      "OutputPinColourInfo":[{"PinColour":0,"PinID":426770977}],
      "InternalData":null
    },
    {
      "Name":"BUS-8",
      "ID":901235054,
      "Label":"",
      "Position":{
        "x":-1.865,
        "y":-1.9375
      },
      "OutputPinColourInfo":null,
      "InternalData":[918980177,0]
    },
    {
      "Name":"BUS-TERMINUS-8",
      "ID":918980177,
      "Label":"",
      "Position":{
        "x":3.635,
        "y":-1.9375
      },
      "OutputPinColourInfo":null,
      "InternalData":[901235054,0]
    },
    {
      "Name":"ALU-3",
      "ID":1734395826,
      "Label":"",
      "Position":{
        "x":1.9475,
        "y":3.6875
      },
      "OutputPinColourInfo":[{"PinColour":0,"PinID":1520549759}],
      "InternalData":null
    },
    {
      "Name":"INT 1",
      "ID":1448141162,
      "Label":"",
      "Position":{
        "x":-5.74,
        "y":2.6875
      },
      "OutputPinColourInfo":[{"PinColour":0,"PinID":1442045493},{"PinColour":0,"PinID":249156160},{"PinColour":0,"PinID":1717586500},{"PinColour":0,"PinID":1848050076},{"PinColour":0,"PinID":1949388619},{"PinColour":0,"PinID":2078704814},{"PinColour":0,"PinID":253084425},{"PinColour":0,"PinID":593572540},{"PinColour":0,"PinID":1425775125},{"PinColour":0,"PinID":631394723},{"PinColour":0,"PinID":795330862},{"PinColour":0,"PinID":523047650},{"PinColour":0,"PinID":1451378258},{"PinColour":0,"PinID":843193100}],
      "InternalData":null
    },
    {
      "Name":"BUS-1",
      "ID":350995833,
      "Label":"",
      "Position":{
        "x":-0.115,
        "y":4.3125
      },
      "OutputPinColourInfo":null,
      "InternalData":[669278530,0]
    },
    {
      "Name":"BUS-TERMINUS-1",
      "ID":669278530,
      "Label":"",
      "Position":{
        "x":0.135,
        "y":-2.375
      },
      "OutputPinColourInfo":null,
      "InternalData":[350995833,0]
    },
    {
      "Name":"KEY",
      "ID":218203212,
      "Label":"",
      "Position":{
        "x":-3.8225,
        "y":0.9375
      },
      "OutputPinColourInfo":[{"PinColour":2,"PinID":0}],
      "InternalData":[74]
    },
    {
      "Name":"DECIMAL-8",
      "ID":1687584699,
      "Label":"",
      "Position":{
        "x":-2.64,
        "y":3.375
      },
      "OutputPinColourInfo":[],
      "InternalData":null
    },
    {
      "Name":"INPUT",
      "ID":1603331146,
      "Label":"",
      "Position":{
        "x":-4.9275,
        "y":-0.8125
      },
      "OutputPinColourInfo":[{"PinColour":0,"PinID":672585402}],
      "InternalData":null
    },
    {
      "Name":"CPU",
      "ID":278728093,
      "Label":"",
      "Position":{
        "x":-7.2025,
        "y":2.4375
      },
      "OutputPinColourInfo":[{"PinColour":0,"PinID":473656107},{"PinColour":0,"PinID":381853444}],
      "InternalData":null
    },
    {
      "Name":"KEY",
      "ID":1447071290,
      "Label":"",
      "Position":{
        "x":-9.3225,
        "y":2.5625
      },
      "OutputPinColourInfo":[{"PinColour":0,"PinID":0}],
      "InternalData":[75]
    },
    {
      "Name":"KEY",
      "ID":1912991503,
      "Label":"",
      "Position":{
        "x":-9.3225,
        "y":3.0
      },
      "OutputPinColourInfo":[{"PinColour":0,"PinID":0}],
      "InternalData":[76]
    },
    {
      "Name":"Stack Memory",
      "ID":2089690046,
      "Label":"",
      "Position":{
        "x":-2.9025,
        "y":-1.3125
      },
      "OutputPinColourInfo":[{"PinColour":0,"PinID":1162017490}],
      "InternalData":null
    },
    {
      "Name":"KEY",
      "ID":1876814777,
      "Label":"",
      "Position":{
        "x":-5.1975,
        "y":-1.3125
      },
      "OutputPinColourInfo":[{"PinColour":0,"PinID":0}],
      "InternalData":[86]
    }
  ],
  "Wires":[
    {
      "SourcePinAddress":{
        "PinID":1,
        "PinOwnerID":901235054
      },
      "TargetPinAddress":{
        "PinID":0,
        "PinOwnerID":918980177
      },
      "ConnectionType":0,
      "ConnectedWireIndex":-1,
      "ConnectedWireSegmentIndex":-1,
      "Points":[{"x":0.0,"y":0.0},{"x":0.0,"y":0.0}]
    },
    {
      "SourcePinAddress":{
        "PinID":426770977,
        "PinOwnerID":2047255428
      },
      "TargetPinAddress":{
        "PinID":0,
        "PinOwnerID":901235054
      },
      "ConnectionType":2,
      "ConnectedWireIndex":0,
      "ConnectedWireSegmentIndex":0,
      "Points":[{"x":0.0,"y":0.0},{"x":3.1875,"y":-0.875},{"x":3.1875,"y":-1.9375}]
    },
    {
      "SourcePinAddress":{
        "PinID":426770977,
        "PinOwnerID":708869878
      },
      "TargetPinAddress":{
        "PinID":0,
        "PinOwnerID":901235054
      },
      "ConnectionType":2,
      "ConnectedWireIndex":0,
      "ConnectedWireSegmentIndex":0,
      "Points":[{"x":0.0,"y":0.0},{"x":3.1875,"y":0.4375},{"x":3.1875,"y":-1.9375}]
    },
    {
      "SourcePinAddress":{
        "PinID":1867862492,
        "PinOwnerID":809540996
      },
      "TargetPinAddress":{
        "PinID":0,
        "PinOwnerID":901235054
      },
      "ConnectionType":2,
      "ConnectedWireIndex":0,
      "ConnectedWireSegmentIndex":0,
      "Points":[{"x":0.0,"y":0.0},{"x":3.1875,"y":1.9375},{"x":3.1875,"y":-1.9375}]
    },
    {
      "SourcePinAddress":{
        "PinID":1,
        "PinOwnerID":901235054
      },
      "TargetPinAddress":{
        "PinID":848771840,
        "PinOwnerID":2047255428
      },
      "ConnectionType":1,
      "ConnectedWireIndex":0,
      "ConnectedWireSegmentIndex":0,
      "Points":[{"x":1.0,"y":-1.9375},{"x":1.0,"y":-0.5},{"x":0.0,"y":0.0}]
    },
    {
      "SourcePinAddress":{
        "PinID":1,
        "PinOwnerID":901235054
      },
      "TargetPinAddress":{
        "PinID":848771840,
        "PinOwnerID":708869878
      },
      "ConnectionType":1,
      "ConnectedWireIndex":4,
      "ConnectedWireSegmentIndex":0,
      "Points":[{"x":1.0,"y":-0.5},{"x":1.0,"y":0.8125},{"x":0.0,"y":0.0}]
    },
    {
      "SourcePinAddress":{
        "PinID":1,
        "PinOwnerID":901235054
      },
      "TargetPinAddress":{
        "PinID":713068401,
        "PinOwnerID":809540996
      },
      "ConnectionType":1,
      "ConnectedWireIndex":5,
      "ConnectedWireSegmentIndex":0,
      "Points":[{"x":1.0,"y":0.75},{"x":1.0,"y":2.4375},{"x":0.0,"y":0.0}]
    },
    {
      "SourcePinAddress":{
        "PinID":1520549759,
        "PinOwnerID":1734395826
      },
      "TargetPinAddress":{
        "PinID":0,
        "PinOwnerID":901235054
      },
      "ConnectionType":2,
      "ConnectedWireIndex":0,
      "ConnectedWireSegmentIndex":0,
      "Points":[{"x":0.0,"y":0.0},{"x":3.1875,"y":3.6875},{"x":3.1875,"y":-1.9375}]
    },
    {
      "SourcePinAddress":{
        "PinID":1,
        "PinOwnerID":901235054
      },
      "TargetPinAddress":{
        "PinID":777538892,
        "PinOwnerID":1734395826
      },
      "ConnectionType":1,
      "ConnectedWireIndex":6,
      "ConnectedWireSegmentIndex":0,
      "Points":[{"x":1.0,"y":2.4375},{"x":1.0,"y":4.3125},{"x":0.0,"y":0.0}]
    },
    {
      "SourcePinAddress":{
        "PinID":1442045493,
        "PinOwnerID":1448141162
      },
      "TargetPinAddress":{
        "PinID":567052407,
        "PinOwnerID":1734395826
      },
      "ConnectionType":0,
      "ConnectedWireIndex":-1,
      "ConnectedWireSegmentIndex":-1,
      "Points":[{"x":0.0,"y":0.0},{"x":0.0,"y":0.0}]
    },
    {
      "SourcePinAddress":{
        "PinID":249156160,
        "PinOwnerID":1448141162
      },
      "TargetPinAddress":{
        "PinID":982175997,
        "PinOwnerID":1734395826
      },
      "ConnectionType":0,
      "ConnectedWireIndex":-1,
      "ConnectedWireSegmentIndex":-1,
      "Points":[{"x":0.0,"y":0.0},{"x":0.0,"y":0.0}]
    },
    {
      "SourcePinAddress":{
        "PinID":1717586500,
        "PinOwnerID":1448141162
      },
      "TargetPinAddress":{
        "PinID":1932706713,
        "PinOwnerID":1734395826
      },
      "ConnectionType":0,
      "ConnectedWireIndex":-1,
      "ConnectedWireSegmentIndex":-1,
      "Points":[{"x":0.0,"y":0.0},{"x":0.0,"y":0.0}]
    },
    {
      "SourcePinAddress":{
        "PinID":1848050076,
        "PinOwnerID":1448141162
      },
      "TargetPinAddress":{
        "PinID":2089556834,
        "PinOwnerID":1734395826
      },
      "ConnectionType":0,
      "ConnectedWireIndex":-1,
      "ConnectedWireSegmentIndex":-1,
      "Points":[{"x":0.0,"y":0.0},{"x":1.3125,"y":3.1875},{"x":1.3125,"y":2.9375},{"x":0.0,"y":0.0}]
    },
    {
      "SourcePinAddress":{
        "PinID":1,
        "PinOwnerID":350995833
      },
      "TargetPinAddress":{
        "PinID":0,
        "PinOwnerID":669278530
      },
      "ConnectionType":0,
      "ConnectedWireIndex":-1,
      "ConnectedWireSegmentIndex":-1,
      "Points":[{"x":0.0,"y":0.0},{"x":0.0,"y":0.0}]
    },
    {
      "SourcePinAddress":{
        "PinID":1,
        "PinOwnerID":350995833
      },
      "TargetPinAddress":{
        "PinID":189254798,
        "PinOwnerID":1734395826
      },
      "ConnectionType":1,
      "ConnectedWireIndex":13,
      "ConnectedWireSegmentIndex":0,
      "Points":[{"x":0.01664,"y":3.18765},{"x":0.0,"y":0.0}]
    },
    {
      "SourcePinAddress":{
        "PinID":1,
        "PinOwnerID":350995833
      },
      "TargetPinAddress":{
        "PinID":1655274447,
        "PinOwnerID":809540996
      },
      "ConnectionType":1,
      "ConnectedWireIndex":13,
      "ConnectedWireSegmentIndex":0,
      "Points":[{"x":0.01103,"y":1.31246},{"x":0.0,"y":0.0}]
    },
    {
      "SourcePinAddress":{
        "PinID":1,
        "PinOwnerID":350995833
      },
      "TargetPinAddress":{
        "PinID":1666291978,
        "PinOwnerID":708869878
      },
      "ConnectionType":1,
      "ConnectedWireIndex":13,
      "ConnectedWireSegmentIndex":0,
      "Points":[{"x":0.00692,"y":-0.06252},{"x":0.0,"y":0.0}]
    },
    {
      "SourcePinAddress":{
        "PinID":1,
        "PinOwnerID":350995833
      },
      "TargetPinAddress":{
        "PinID":1666291978,
        "PinOwnerID":2047255428
      },
      "ConnectionType":1,
      "ConnectedWireIndex":13,
      "ConnectedWireSegmentIndex":0,
      "Points":[{"x":0.00299,"y":-1.37501},{"x":0.0,"y":0.0}]
    },
    {
      "SourcePinAddress":{
        "PinID":1949388619,
        "PinOwnerID":1448141162
      },
      "TargetPinAddress":{
        "PinID":1766520197,
        "PinOwnerID":809540996
      },
      "ConnectionType":0,
      "ConnectedWireIndex":-1,
      "ConnectedWireSegmentIndex":-1,
      "Points":[{"x":0.0,"y":0.0},{"x":0.6875,"y":2.9375},{"x":0.6875,"y":2.0625},{"x":0.0,"y":0.0}]
    },
    {
      "SourcePinAddress":{
        "PinID":2078704814,
        "PinOwnerID":1448141162
      },
      "TargetPinAddress":{
        "PinID":485915740,
        "PinOwnerID":809540996
      },
      "ConnectionType":0,
      "ConnectedWireIndex":-1,
      "ConnectedWireSegmentIndex":-1,
      "Points":[{"x":0.0,"y":0.0},{"x":0.5625,"y":2.6875},{"x":0.5625,"y":1.8125},{"x":0.0,"y":0.0}]
    },
    {
      "SourcePinAddress":{
        "PinID":253084425,
        "PinOwnerID":1448141162
      },
      "TargetPinAddress":{
        "PinID":671494485,
        "PinOwnerID":809540996
      },
      "ConnectionType":0,
      "ConnectedWireIndex":-1,
      "ConnectedWireSegmentIndex":-1,
      "Points":[{"x":0.0,"y":0.0},{"x":0.4375,"y":2.4375},{"x":0.4375,"y":1.5625},{"x":0.0,"y":0.0}]
    },
    {
      "SourcePinAddress":{
        "PinID":593572540,
        "PinOwnerID":1448141162
      },
      "TargetPinAddress":{
        "PinID":567916681,
        "PinOwnerID":708869878
      },
      "ConnectionType":0,
      "ConnectedWireIndex":-1,
      "ConnectedWireSegmentIndex":-1,
      "Points":[{"x":0.0,"y":0.0},{"x":0.3125,"y":2.1875},{"x":0.3125,"y":0.4375},{"x":0.0,"y":0.0}]
    },
    {
      "SourcePinAddress":{
        "PinID":1425775125,
        "PinOwnerID":1448141162
      },
      "TargetPinAddress":{
        "PinID":665363863,
        "PinOwnerID":708869878
      },
      "ConnectionType":0,
      "ConnectedWireIndex":-1,
      "ConnectedWireSegmentIndex":-1,
      "Points":[{"x":0.0,"y":0.0},{"x":0.1875,"y":1.9375},{"x":0.1875,"y":0.1875},{"x":0.0,"y":0.0}]
    },
    {
      "SourcePinAddress":{
        "PinID":631394723,
        "PinOwnerID":1448141162
      },
      "TargetPinAddress":{
        "PinID":567916681,
        "PinOwnerID":2047255428
      },
      "ConnectionType":0,
      "ConnectedWireIndex":-1,
      "ConnectedWireSegmentIndex":-1,
      "Points":[{"x":0.0,"y":0.0},{"x":-0.1875,"y":1.6875},{"x":-0.1875,"y":-0.875},{"x":0.0,"y":0.0}]
    },
    {
      "SourcePinAddress":{
        "PinID":795330862,
        "PinOwnerID":1448141162
      },
      "TargetPinAddress":{
        "PinID":665363863,
        "PinOwnerID":2047255428
      },
      "ConnectionType":0,
      "ConnectedWireIndex":-1,
      "ConnectedWireSegmentIndex":-1,
      "Points":[{"x":0.0,"y":0.0},{"x":-0.3125,"y":1.4375},{"x":-0.3125,"y":-1.125},{"x":0.0,"y":0.0}]
    },
    {
      "SourcePinAddress":{
        "PinID":0,
        "PinOwnerID":218203212
      },
      "TargetPinAddress":{
        "PinID":0,
        "PinOwnerID":350995833
      },
      "ConnectionType":2,
      "ConnectedWireIndex":13,
      "ConnectedWireSegmentIndex":0,
      "Points":[{"x":0.0,"y":0.0},{"x":0.00991,"y":0.93747}]
    },
    {
      "SourcePinAddress":{
        "PinID":1,
        "PinOwnerID":901235054
      },
      "TargetPinAddress":{
        "PinID":311779829,
        "PinOwnerID":1687584699
      },
      "ConnectionType":1,
      "ConnectedWireIndex":4,
      "ConnectedWireSegmentIndex":0,
      "Points":[{"x":1.0,"y":-0.6875},{"x":0.0,"y":0.0}]
    },
    {
      "SourcePinAddress":{
        "PinID":1,
        "PinOwnerID":350995833
      },
      "TargetPinAddress":{
        "PinID":1811123134,
        "PinOwnerID":278728093
      },
      "ConnectionType":1,
      "ConnectedWireIndex":13,
      "ConnectedWireSegmentIndex":0,
      "Points":[{"x":0.01402,"y":2.31246},{"x":0.0,"y":0.0}]
    },
    {
      "SourcePinAddress":{
        "PinID":0,
        "PinOwnerID":1447071290
      },
      "TargetPinAddress":{
        "PinID":1686316398,
        "PinOwnerID":278728093
      },
      "ConnectionType":0,
      "ConnectedWireIndex":-1,
      "ConnectedWireSegmentIndex":-1,
      "Points":[{"x":0.0,"y":0.0},{"x":0.0,"y":0.0}]
    },
    {
      "SourcePinAddress":{
        "PinID":0,
        "PinOwnerID":1912991503
      },
      "TargetPinAddress":{
        "PinID":700473170,
        "PinOwnerID":278728093
      },
      "ConnectionType":0,
      "ConnectedWireIndex":-1,
      "ConnectedWireSegmentIndex":-1,
      "Points":[{"x":0.0,"y":0.0},{"x":0.0,"y":0.0}]
    },
    {
      "SourcePinAddress":{
        "PinID":1162017490,
        "PinOwnerID":2089690046
      },
      "TargetPinAddress":{
        "PinID":0,
        "PinOwnerID":901235054
      },
      "ConnectionType":2,
      "ConnectedWireIndex":0,
      "ConnectedWireSegmentIndex":0,
      "Points":[{"x":0.0,"y":0.0},{"x":-1.0625,"y":-1.3125},{"x":-1.0625,"y":-1.9375}]
    },
    {
      "SourcePinAddress":{
        "PinID":523047650,
        "PinOwnerID":1448141162
      },
      "TargetPinAddress":{
        "PinID":1850562520,
        "PinOwnerID":2089690046
      },
      "ConnectionType":0,
      "ConnectedWireIndex":-1,
      "ConnectedWireSegmentIndex":-1,
      "Points":[{"x":0.0,"y":0.0},{"x":-4.25,"y":1.1875},{"x":-4.25,"y":-1.375},{"x":0.0,"y":0.0}]
    },
    {
      "SourcePinAddress":{
        "PinID":0,
        "PinOwnerID":218203212
      },
      "TargetPinAddress":{
        "PinID":1299801362,
        "PinOwnerID":1603331146
      },
      "ConnectionType":1,
      "ConnectedWireIndex":25,
      "ConnectedWireSegmentIndex":0,
      "Points":[{"x":-2.9375,"y":0.93749},{"x":-2.9375,"y":0.5625},{"x":-4.875,"y":0.5625},{"x":0.0,"y":0.0}]
    },
    {
      "SourcePinAddress":{
        "PinID":0,
        "PinOwnerID":1876814777
      },
      "TargetPinAddress":{
        "PinID":191240773,
        "PinOwnerID":2089690046
      },
      "ConnectionType":0,
      "ConnectedWireIndex":-1,
      "ConnectedWireSegmentIndex":-1,
      "Points":[{"x":0.0,"y":0.0},{"x":0.0,"y":0.0}]
    },
    {
      "SourcePinAddress":{
        "PinID":0,
        "PinOwnerID":218203212
      },
      "TargetPinAddress":{
        "PinID":1194575747,
        "PinOwnerID":2089690046
      },
      "ConnectionType":1,
      "ConnectedWireIndex":25,
      "ConnectedWireSegmentIndex":0,
      "Points":[{"x":-3.5,"y":0.9375},{"x":0.0,"y":0.0}]
    },
    {
      "SourcePinAddress":{
        "PinID":0,
        "PinOwnerID":1912991503
      },
      "TargetPinAddress":{
        "PinID":1967226310,
        "PinOwnerID":2089690046
      },
      "ConnectionType":1,
      "ConnectedWireIndex":29,
      "ConnectedWireSegmentIndex":0,
      "Points":[{"x":-7.81995,"y":2.24709},{"x":-7.1875,"y":-1.9375},{"x":0.0,"y":0.0}]
    },
    {
      "SourcePinAddress":{
        "PinID":1,
        "PinOwnerID":901235054
      },
      "TargetPinAddress":{
        "PinID":762424315,
        "PinOwnerID":278728093
      },
      "ConnectionType":1,
      "ConnectedWireIndex":0,
      "ConnectedWireSegmentIndex":0,
      "Points":[{"x":-0.5625,"y":-1.9375},{"x":-0.5625,"y":-0.0625},{"x":-7.5,"y":-0.0625},{"x":0.0,"y":0.0}]
    },
    {
      "SourcePinAddress":{
        "PinID":1451378258,
        "PinOwnerID":1448141162
      },
      "TargetPinAddress":{
        "PinID":1099735210,
        "PinOwnerID":278728093
      },
      "ConnectionType":0,
      "ConnectedWireIndex":-1,
      "ConnectedWireSegmentIndex":-1,
      "Points":[{"x":0.0,"y":0.0},{"x":0.0,"y":0.0}]
    },
    {
      "SourcePinAddress":{
        "PinID":843193100,
        "PinOwnerID":1448141162
      },
      "TargetPinAddress":{
        "PinID":103012989,
        "PinOwnerID":278728093
      },
      "ConnectionType":0,
      "ConnectedWireIndex":-1,
      "ConnectedWireSegmentIndex":-1,
      "Points":[{"x":0.0,"y":0.0},{"x":0.0,"y":0.0}]
    },
    {
      "SourcePinAddress":{
        "PinID":381853444,
        "PinOwnerID":278728093
      },
      "TargetPinAddress":{
        "PinID":1983140090,
        "PinOwnerID":1448141162
      },
      "ConnectionType":0,
      "ConnectedWireIndex":-1,
      "ConnectedWireSegmentIndex":-1,
      "Points":[{"x":0.0,"y":0.0},{"x":0.0,"y":0.0}]
    },
    {
      "SourcePinAddress":{
        "PinID":0,
        "PinOwnerID":218203212
      },
      "TargetPinAddress":{
        "PinID":1811123134,
        "PinOwnerID":278728093
      },
      "ConnectionType":1,
      "ConnectedWireIndex":32,
      "ConnectedWireSegmentIndex":2,
      "Points":[{"x":-4.98996,"y":0.24635},{"x":0.0,"y":0.0}]
    },
    {
      "SourcePinAddress":{
        "PinID":1451378258,
        "PinOwnerID":1448141162
      },
      "TargetPinAddress":{
        "PinID":1099735210,
        "PinOwnerID":278728093
      },
      "ConnectionType":0,
      "ConnectedWireIndex":-1,
      "ConnectedWireSegmentIndex":-1,
      "Points":[{"x":0.0,"y":0.0},{"x":0.0,"y":0.0}]
    },
    {
      "SourcePinAddress":{
        "PinID":843193100,
        "PinOwnerID":1448141162
      },
      "TargetPinAddress":{
        "PinID":103012989,
        "PinOwnerID":278728093
      },
      "ConnectionType":0,
      "ConnectedWireIndex":-1,
      "ConnectedWireSegmentIndex":-1,
      "Points":[{"x":0.0,"y":0.0},{"x":0.0,"y":0.0}]
    }
  ],
  "Displays": null
}