{
  "DLSVersion": "2.1.6",
  "Name": "MEM-16",
  "NameLocation": 0,
  "ChipType": 0,
  "Size": {
    "x": 1.025,
    "y": 1.375
  },
  "Colour": {
    "r": 0.9137096,
    "g": 0.88009876,
    "b": 0.102144033,
    "a": 1
  },
  "InputPins":[
    {
      "Name":"DATA",
      "ID":1651599163,
      "Position":{
        "x":-10.75,
        "y":4.625
      },
      "BitCount":1,
      "Colour":0,
      "ValueDisplayMode":0
    },
    {
      "Name":"STORE",
      "ID":917707995,
      "Position":{
        "x":-10.75,
        "y":3.875
      },
      "BitCount":1,
      "Colour":2,
      "ValueDisplayMode":0
    },
    {
      "Name":"ROW",
      "ID":2056324209,
      "Position":{
        "x":-10.75,
        "y":3.0
      },
      "BitCount":1,
      "Colour":3,
      "ValueDisplayMode":0
    },
    {
      "Name":"COLUMN",
      "ID":337152094,
      "Position":{
        "x":-10.75,
        "y":2.375
      },
      "BitCount":1,
      "Colour":4,
      "ValueDisplayMode":0
    },
    {
      "Name":"ADDR",
      "ID":1547211972,
      "Position":{
        "x":-10.75,
        "y":1.375
      },
      "BitCount":4,
      "Colour":3,
      "ValueDisplayMode":0
    }
  ],
  "OutputPins":[
    {
      "Name":"OUT",
      "ID":280443582,
      "Position":{
        "x":9.375,
        "y":-1.125
      },
      "BitCount":1,
      "Colour":0,
      "ValueDisplayMode":0
    }
  ],
  "SubChips":[
    {
      "Name":"4-1BIT",
      "ID":1654650219,
      "Label":"",
      "Position":{
        "x":-8.5525,
        "y":1.375
      },
      "OutputPinColourInfo":[{"PinColour":4,"PinID":1},{"PinColour":4,"PinID":2},{"PinColour":3,"PinID":3},{"PinColour":3,"PinID":4}],
      "InternalData":null
    },
    {
      "Name":"DECODE 2-4",
      "ID":575847408,
      "Label":"COLUMN",
      "Position":{
        "x":-6.2525,
        "y":2.6875
      },
      "OutputPinColourInfo":[{"PinColour":4,"PinID":65463274},{"PinColour":4,"PinID":2089928040},{"PinColour":4,"PinID":1590204806},{"PinColour":4,"PinID":1667730768}],
      "InternalData":null
    },
    {
      "Name":"DECODE 2-4",
      "ID":1230857632,
      "Label":"ROW",
      "Position":{
        "x":-6.2525,
        "y":0.0625
      },
      "OutputPinColourInfo":[{"PinColour":3,"PinID":65463274},{"PinColour":3,"PinID":2089928040},{"PinColour":3,"PinID":1590204806},{"PinColour":3,"PinID":1667730768}],
      "InternalData":null
    },
    {
      "Name":"MEM-1",
      "ID":1895087381,
      "Label":"",
      "Position":{
        "x":-1.9275,
        "y":3.5
      },
      "OutputPinColourInfo":[{"PinColour":0,"PinID":1560124752}],
      "InternalData":null
    },
    {
      "Name":"MEM-1",
      "ID":786909489,
      "Label":"",
      "Position":{
        "x":-1.9275,
        "y":1.8125
      },
      "OutputPinColourInfo":[{"PinColour":0,"PinID":1560124752}],
      "InternalData":null
    },
    {
      "Name":"MEM-1",
      "ID":1056969305,
      "Label":"",
      "Position":{
        "x":-1.9275,
        "y":0.125
      },
      "OutputPinColourInfo":[{"PinColour":0,"PinID":1560124752}],
      "InternalData":null
    },
    {
      "Name":"MEM-1",
      "ID":2026509218,
      "Label":"",
      "Position":{
        "x":-1.9275,
        "y":-1.5625
      },
      "OutputPinColourInfo":[{"PinColour":0,"PinID":1560124752}],
      "InternalData":null
    },
    {
      "Name":"MEM-1",
      "ID":1494548183,
      "Label":"",
      "Position":{
        "x":1.4475,
        "y":3.5
      },
      "OutputPinColourInfo":[{"PinColour":0,"PinID":1560124752}],
      "InternalData":null
    },
    {
      "Name":"MEM-1",
      "ID":2050333693,
      "Label":"",
      "Position":{
        "x":1.4475,
        "y":1.8125
      },
      "OutputPinColourInfo":[{"PinColour":0,"PinID":1560124752}],
      "InternalData":null
    },
    {
      "Name":"MEM-1",
      "ID":1826305987,
      "Label":"",
      "Position":{
        "x":1.4475,
        "y":0.125
      },
      "OutputPinColourInfo":[{"PinColour":0,"PinID":1560124752}],
      "InternalData":null
    },
    {
      "Name":"MEM-1",
      "ID":1468620574,
      "Label":"",
      "Position":{
        "x":1.4475,
        "y":-1.5625
      },
      "OutputPinColourInfo":[{"PinColour":0,"PinID":1560124752}],
      "InternalData":null
    },
    {
      "Name":"MEM-1",
      "ID":880951436,
      "Label":"",
      "Position":{
        "x":4.3225,
        "y":3.5
      },
      "OutputPinColourInfo":[{"PinColour":0,"PinID":1560124752}],
      "InternalData":null
    },
    {
      "Name":"MEM-1",
      "ID":421692237,
      "Label":"",
      "Position":{
        "x":4.3225,
        "y":1.8125
      },
      "OutputPinColourInfo":[{"PinColour":0,"PinID":1560124752}],
      "InternalData":null
    },
    {
      "Name":"MEM-1",
      "ID":1992337321,
      "Label":"",
      "Position":{
        "x":4.3225,
        "y":0.125
      },
      "OutputPinColourInfo":[{"PinColour":0,"PinID":1560124752}],
      "InternalData":null
    },
    {
      "Name":"MEM-1",
      "ID":1807381369,
      "Label":"",
      "Position":{
        "x":4.3225,
        "y":-1.5625
      },
      "OutputPinColourInfo":[{"PinColour":0,"PinID":1560124752}],
      "InternalData":null
    },
    {
      "Name":"MEM-1",
      "ID":1149830026,
      "Label":"",
      "Position":{
        "x":7.0725,
        "y":3.5625
      },
      "OutputPinColourInfo":[{"PinColour":0,"PinID":1560124752}],
      "InternalData":null
    },
    {
      "Name":"MEM-1",
      "ID":607119130,
      "Label":"",
      "Position":{
        "x":7.0725,
        "y":1.875
      },
      "OutputPinColourInfo":[{"PinColour":0,"PinID":1560124752}],
      "InternalData":null
    },
    {
      "Name":"MEM-1",
      "ID":1632892220,
      "Label":"",
      "Position":{
        "x":7.0725,
        "y":0.1875
      },
      "OutputPinColourInfo":[{"PinColour":0,"PinID":1560124752}],
      "InternalData":null
    },
    {
      "Name":"MEM-1",
      "ID":912386997,
      "Label":"",
      "Position":{
        "x":7.0725,
        "y":-1.5
      },
      "OutputPinColourInfo":[{"PinColour":0,"PinID":1560124752}],
      "InternalData":null
    },
    {
      "Name":"BUS-1",
      "ID":377573720,
      "Label":"",
      "Position":{
        "x":-1.99,
        "y":2.6875
      },
      "OutputPinColourInfo":null,
      "InternalData":[1685260916,0]
    },
    {
      "Name":"BUS-TERMINUS-1",
      "ID":1685260916,
      "Label":"",
      "Position":{
        "x":-1.885,
        "y":-0.75
      },
      "OutputPinColourInfo":null,
      "InternalData":[377573720,1]
    },
    {
      "Name":"AND",
      "ID":1762401146,
      "Label":"",
      "Position":{
        "x":-9.2025,
        "y":2.5
      },
      "OutputPinColourInfo":[{"PinColour":5,"PinID":1934042572}],
      "InternalData":null
    },
    {
      "Name":"AND",
      "ID":1643767759,
      "Label":"",
      "Position":{
        "x":-8.2025,
        "y":3.75
      },
      "OutputPinColourInfo":[{"PinColour":2,"PinID":1934042572}],
      "InternalData":null
    },
    {
      "Name":"3-STATE BUFFER",
      "ID":1310741111,
      "Label":"",
      "Position":{
        "x":9.125,
        "y":0.1875
      },
      "OutputPinColourInfo":[{"PinColour":0,"PinID":2}],
      "InternalData":null
    }
  ],
  "Wires":[
    {
      "SourcePinAddress":{
        "PinID":0,
        "PinOwnerID":1547211972
      },
      "TargetPinAddress":{
        "PinID":0,
        "PinOwnerID":1654650219
      },
      "ConnectionType":0,
      "ConnectedWireIndex":-1,
      "ConnectedWireSegmentIndex":-1,
      "Points":[{"x":0.0,"y":0.0},{"x":0.0,"y":0.0}]
    },
    {
      "SourcePinAddress":{
        "PinID":3,
        "PinOwnerID":1654650219
      },
      "TargetPinAddress":{
        "PinID":1380188487,
        "PinOwnerID":1230857632
      },
      "ConnectionType":0,
      "ConnectedWireIndex":-1,
      "ConnectedWireSegmentIndex":-1,
      "Points":[{"x":0.0,"y":0.0},{"x":-7.25,"y":1.25},{"x":-7.25,"y":0.4375},{"x":0.0,"y":0.0}]
    },
    {
      "SourcePinAddress":{
        "PinID":4,
        "PinOwnerID":1654650219
      },
      "TargetPinAddress":{
        "PinID":945235042,
        "PinOwnerID":1230857632
      },
      "ConnectionType":0,
      "ConnectedWireIndex":-1,
      "ConnectedWireSegmentIndex":-1,
      "Points":[{"x":0.0,"y":0.0},{"x":-7.4375,"y":1.0},{"x":-7.4375,"y":-0.3125},{"x":0.0,"y":0.0}]
    },
    {
      "SourcePinAddress":{
        "PinID":2,
        "PinOwnerID":1654650219
      },
      "TargetPinAddress":{
        "PinID":945235042,
        "PinOwnerID":575847408
      },
      "ConnectionType":0,
      "ConnectedWireIndex":-1,
      "ConnectedWireSegmentIndex":-1,
      "Points":[{"x":0.0,"y":0.0},{"x":-7.375,"y":1.5},{"x":-7.375,"y":2.3125},{"x":0.0,"y":0.0}]
    },
    {
      "SourcePinAddress":{
        "PinID":1,
        "PinOwnerID":1654650219
      },
      "TargetPinAddress":{
        "PinID":1380188487,
        "PinOwnerID":575847408
      },
      "ConnectionType":0,
      "ConnectedWireIndex":-1,
      "ConnectedWireSegmentIndex":-1,
      "Points":[{"x":0.0,"y":0.0},{"x":-7.5,"y":1.75},{"x":-7.5,"y":3.0625},{"x":0.0,"y":0.0}]
    },
    {
      "SourcePinAddress":{
        "PinID":1,
        "PinOwnerID":377573720
      },
      "TargetPinAddress":{
        "PinID":0,
        "PinOwnerID":1685260916
      },
      "ConnectionType":0,
      "ConnectedWireIndex":-1,
      "ConnectedWireSegmentIndex":-1,
      "Points":[{"x":0.0,"y":0.0},{"x":7.9375,"y":2.6875},{"x":7.9375,"y":2.75},{"x":7.9375,"y":-0.75},{"x":0.0,"y":0.0}]
    },
    {
      "SourcePinAddress":{
        "PinID":1667730768,
        "PinOwnerID":1230857632
      },
      "TargetPinAddress":{
        "PinID":244961020,
        "PinOwnerID":912386997
      },
      "ConnectionType":0,
      "ConnectedWireIndex":-1,
      "ConnectedWireSegmentIndex":-1,
      "Points":[{"x":0.0,"y":0.0},{"x":-4.625,"y":-0.3125},{"x":-4.625,"y":-2.625},{"x":6.0625,"y":-2.625},{"x":6.0625,"y":-1.625},{"x":0.0,"y":0.0}]
    },
    {
      "SourcePinAddress":{
        "PinID":1667730768,
        "PinOwnerID":1230857632
      },
      "TargetPinAddress":{
        "PinID":244961020,
        "PinOwnerID":1807381369
      },
      "ConnectionType":1,
      "ConnectedWireIndex":6,
      "ConnectedWireSegmentIndex":2,
      "Points":[{"x":3.125,"y":-2.625},{"x":3.125,"y":-1.6875},{"x":0.0,"y":0.0}]
    },
    {
      "SourcePinAddress":{
        "PinID":1667730768,
        "PinOwnerID":1230857632
      },
      "TargetPinAddress":{
        "PinID":244961020,
        "PinOwnerID":1468620574
      },
      "ConnectionType":1,
      "ConnectedWireIndex":6,
      "ConnectedWireSegmentIndex":2,
      "Points":[{"x":0.4375,"y":-2.625},{"x":0.4375,"y":-1.6875},{"x":0.0,"y":0.0}]
    },
    {
      "SourcePinAddress":{
        "PinID":1667730768,
        "PinOwnerID":1230857632
      },
      "TargetPinAddress":{
        "PinID":244961020,
        "PinOwnerID":2026509218
      },
      "ConnectionType":1,
      "ConnectedWireIndex":6,
      "ConnectedWireSegmentIndex":2,
      "Points":[{"x":-2.875,"y":-2.625},{"x":-2.875,"y":-2.5625},{"x":-2.875,"y":-1.6875},{"x":0.0,"y":0.0}]
    },
    {
      "SourcePinAddress":{
        "PinID":1590204806,
        "PinOwnerID":1230857632
      },
      "TargetPinAddress":{
        "PinID":244961020,
        "PinOwnerID":1632892220
      },
      "ConnectionType":0,
      "ConnectedWireIndex":-1,
      "ConnectedWireSegmentIndex":-1,
      "Points":[{"x":0.0,"y":0.0},{"x":-4.5,"y":-0.0625},{"x":-4.5,"y":-0.5625},{"x":6.3125,"y":-0.5625},{"x":6.3125,"y":0.0625},{"x":0.0,"y":0.0}]
    },
    {
      "SourcePinAddress":{
        "PinID":1590204806,
        "PinOwnerID":1230857632
      },
      "TargetPinAddress":{
        "PinID":244961020,
        "PinOwnerID":1992337321
      },
      "ConnectionType":1,
      "ConnectedWireIndex":10,
      "ConnectedWireSegmentIndex":2,
      "Points":[{"x":3.4375,"y":-0.5625},{"x":3.4375,"y":0.0},{"x":0.0,"y":0.0}]
    },
    {
      "SourcePinAddress":{
        "PinID":1590204806,
        "PinOwnerID":1230857632
      },
      "TargetPinAddress":{
        "PinID":244961020,
        "PinOwnerID":1826305987
      },
      "ConnectionType":1,
      "ConnectedWireIndex":10,
      "ConnectedWireSegmentIndex":2,
      "Points":[{"x":0.4375,"y":-0.5625},{"x":0.4375,"y":0.0},{"x":0.0,"y":0.0}]
    },
    {
      "SourcePinAddress":{
        "PinID":1590204806,
        "PinOwnerID":1230857632
      },
      "TargetPinAddress":{
        "PinID":244961020,
        "PinOwnerID":1056969305
      },
      "ConnectionType":1,
      "ConnectedWireIndex":10,
      "ConnectedWireSegmentIndex":2,
      "Points":[{"x":-2.8125,"y":-0.5625},{"x":-2.8125,"y":0.0},{"x":0.0,"y":0.0}]
    },
    {
      "SourcePinAddress":{
        "PinID":2089928040,
        "PinOwnerID":1230857632
      },
      "TargetPinAddress":{
        "PinID":244961020,
        "PinOwnerID":607119130
      },
      "ConnectionType":0,
      "ConnectedWireIndex":-1,
      "ConnectedWireSegmentIndex":-1,
      "Points":[{"x":0.0,"y":0.0},{"x":-4.1875,"y":0.1875},{"x":-4.1875,"y":1.0625},{"x":6.125,"y":1.0625},{"x":6.125,"y":1.75},{"x":0.0,"y":0.0}]
    },
    {
      "SourcePinAddress":{
        "PinID":2089928040,
        "PinOwnerID":1230857632
      },
      "TargetPinAddress":{
        "PinID":244961020,
        "PinOwnerID":421692237
      },
      "ConnectionType":1,
      "ConnectedWireIndex":14,
      "ConnectedWireSegmentIndex":2,
      "Points":[{"x":3.25,"y":1.0625},{"x":3.25,"y":1.6875},{"x":0.0,"y":0.0}]
    },
    {
      "SourcePinAddress":{
        "PinID":2089928040,
        "PinOwnerID":1230857632
      },
      "TargetPinAddress":{
        "PinID":244961020,
        "PinOwnerID":2050333693
      },
      "ConnectionType":1,
      "ConnectedWireIndex":14,
      "ConnectedWireSegmentIndex":2,
      "Points":[{"x":0.3125,"y":1.0625},{"x":0.3125,"y":1.6875},{"x":0.0,"y":0.0}]
    },
    {
      "SourcePinAddress":{
        "PinID":2089928040,
        "PinOwnerID":1230857632
      },
      "TargetPinAddress":{
        "PinID":244961020,
        "PinOwnerID":786909489
      },
      "ConnectionType":1,
      "ConnectedWireIndex":14,
      "ConnectedWireSegmentIndex":2,
      "Points":[{"x":-2.8125,"y":1.0625},{"x":-2.8125,"y":1.125},{"x":-2.8125,"y":1.6875},{"x":0.0,"y":0.0}]
    },
    {
      "SourcePinAddress":{
        "PinID":65463274,
        "PinOwnerID":1230857632
      },
      "TargetPinAddress":{
        "PinID":244961020,
        "PinOwnerID":1149830026
      },
      "ConnectionType":0,
      "ConnectedWireIndex":-1,
      "ConnectedWireSegmentIndex":-1,
      "Points":[{"x":0.0,"y":0.0},{"x":-4.75,"y":0.4375},{"x":-4.75,"y":1.3125},{"x":-3.25,"y":1.3125},{"x":-3.25,"y":2.875},{"x":6.3125,"y":2.875},{"x":6.3125,"y":3.4375},{"x":0.0,"y":0.0}]
    },
    {
      "SourcePinAddress":{
        "PinID":65463274,
        "PinOwnerID":1230857632
      },
      "TargetPinAddress":{
        "PinID":244961020,
        "PinOwnerID":880951436
      },
      "ConnectionType":1,
      "ConnectedWireIndex":18,
      "ConnectedWireSegmentIndex":4,
      "Points":[{"x":3.4375,"y":2.875},{"x":3.4375,"y":2.9375},{"x":3.4375,"y":3.375},{"x":0.0,"y":0.0}]
    },
    {
      "SourcePinAddress":{
        "PinID":65463274,
        "PinOwnerID":1230857632
      },
      "TargetPinAddress":{
        "PinID":244961020,
        "PinOwnerID":1494548183
      },
      "ConnectionType":1,
      "ConnectedWireIndex":18,
      "ConnectedWireSegmentIndex":4,
      "Points":[{"x":0.5,"y":2.875},{"x":0.5,"y":3.375},{"x":0.0,"y":0.0}]
    },
    {
      "SourcePinAddress":{
        "PinID":65463274,
        "PinOwnerID":1230857632
      },
      "TargetPinAddress":{
        "PinID":244961020,
        "PinOwnerID":1895087381
      },
      "ConnectionType":1,
      "ConnectedWireIndex":18,
      "ConnectedWireSegmentIndex":4,
      "Points":[{"x":-3.0,"y":2.875},{"x":-3.0,"y":3.375},{"x":0.0,"y":0.0}]
    },
    {
      "SourcePinAddress":{
        "PinID":1667730768,
        "PinOwnerID":575847408
      },
      "TargetPinAddress":{
        "PinID":1043036393,
        "PinOwnerID":1895087381
      },
      "ConnectionType":0,
      "ConnectedWireIndex":-1,
      "ConnectedWireSegmentIndex":-1,
      "Points":[{"x":0.0,"y":0.0},{"x":-4.1875,"y":2.3125},{"x":-3.5,"y":2.3125},{"x":-3.5,"y":3.125},{"x":0.0,"y":0.0}]
    },
    {
      "SourcePinAddress":{
        "PinID":1667730768,
        "PinOwnerID":575847408
      },
      "TargetPinAddress":{
        "PinID":1043036393,
        "PinOwnerID":2026509218
      },
      "ConnectionType":1,
      "ConnectedWireIndex":22,
      "ConnectedWireSegmentIndex":3,
      "Points":[{"x":-2.625,"y":3.125},{"x":-2.625,"y":-1.9375},{"x":0.0,"y":0.0}]
    },
    {
      "SourcePinAddress":{
        "PinID":1667730768,
        "PinOwnerID":575847408
      },
      "TargetPinAddress":{
        "PinID":1043036393,
        "PinOwnerID":1056969305
      },
      "ConnectionType":1,
      "ConnectedWireIndex":23,
      "ConnectedWireSegmentIndex":0,
      "Points":[{"x":-2.625,"y":-0.25},{"x":0.0,"y":0.0}]
    },
    {
      "SourcePinAddress":{
        "PinID":1667730768,
        "PinOwnerID":575847408
      },
      "TargetPinAddress":{
        "PinID":1043036393,
        "PinOwnerID":786909489
      },
      "ConnectionType":1,
      "ConnectedWireIndex":23,
      "ConnectedWireSegmentIndex":0,
      "Points":[{"x":-2.625,"y":1.4375},{"x":0.0,"y":0.0}]
    },
    {
      "SourcePinAddress":{
        "PinID":1590204806,
        "PinOwnerID":575847408
      },
      "TargetPinAddress":{
        "PinID":1043036393,
        "PinOwnerID":1494548183
      },
      "ConnectionType":0,
      "ConnectedWireIndex":-1,
      "ConnectedWireSegmentIndex":-1,
      "Points":[{"x":0.0,"y":0.0},{"x":-1.0,"y":2.5625},{"x":-0.375,"y":2.5625},{"x":-0.375,"y":3.125},{"x":0.0,"y":0.0}]
    },
    {
      "SourcePinAddress":{
        "PinID":1590204806,
        "PinOwnerID":575847408
      },
      "TargetPinAddress":{
        "PinID":1043036393,
        "PinOwnerID":1468620574
      },
      "ConnectionType":1,
      "ConnectedWireIndex":26,
      "ConnectedWireSegmentIndex":3,
      "Points":[{"x":0.625,"y":3.125},{"x":0.625,"y":-1.9375},{"x":0.0,"y":0.0}]
    },
    {
      "SourcePinAddress":{
        "PinID":1590204806,
        "PinOwnerID":575847408
      },
      "TargetPinAddress":{
        "PinID":1043036393,
        "PinOwnerID":1826305987
      },
      "ConnectionType":1,
      "ConnectedWireIndex":27,
      "ConnectedWireSegmentIndex":0,
      "Points":[{"x":0.625,"y":-0.25},{"x":0.0,"y":0.0}]
    },
    {
      "SourcePinAddress":{
        "PinID":1590204806,
        "PinOwnerID":575847408
      },
      "TargetPinAddress":{
        "PinID":1043036393,
        "PinOwnerID":2050333693
      },
      "ConnectionType":1,
      "ConnectedWireIndex":27,
      "ConnectedWireSegmentIndex":0,
      "Points":[{"x":0.625,"y":1.4375},{"x":0.0,"y":0.0}]
    },
    {
      "SourcePinAddress":{
        "PinID":2089928040,
        "PinOwnerID":575847408
      },
      "TargetPinAddress":{
        "PinID":1043036393,
        "PinOwnerID":1807381369
      },
      "ConnectionType":0,
      "ConnectedWireIndex":-1,
      "ConnectedWireSegmentIndex":-1,
      "Points":[{"x":0.0,"y":0.0},{"x":-4.5625,"y":2.8125},{"x":-4.5625,"y":4.1875},{"x":3.4375,"y":4.1875},{"x":3.4375,"y":-1.9375},{"x":0.0,"y":0.0}]
    },
    {
      "SourcePinAddress":{
        "PinID":2089928040,
        "PinOwnerID":575847408
      },
      "TargetPinAddress":{
        "PinID":1043036393,
        "PinOwnerID":1992337321
      },
      "ConnectionType":1,
      "ConnectedWireIndex":30,
      "ConnectedWireSegmentIndex":3,
      "Points":[{"x":3.4375,"y":-0.25},{"x":0.0,"y":0.0}]
    },
    {
      "SourcePinAddress":{
        "PinID":2089928040,
        "PinOwnerID":575847408
      },
      "TargetPinAddress":{
        "PinID":1043036393,
        "PinOwnerID":421692237
      },
      "ConnectionType":1,
      "ConnectedWireIndex":30,
      "ConnectedWireSegmentIndex":3,
      "Points":[{"x":3.4375,"y":1.4375},{"x":0.0,"y":0.0}]
    },
    {
      "SourcePinAddress":{
        "PinID":2089928040,
        "PinOwnerID":575847408
      },
      "TargetPinAddress":{
        "PinID":1043036393,
        "PinOwnerID":880951436
      },
      "ConnectionType":1,
      "ConnectedWireIndex":30,
      "ConnectedWireSegmentIndex":3,
      "Points":[{"x":3.4375,"y":3.125},{"x":0.0,"y":0.0}]
    },
    {
      "SourcePinAddress":{
        "PinID":65463274,
        "PinOwnerID":575847408
      },
      "TargetPinAddress":{
        "PinID":1043036393,
        "PinOwnerID":912386997
      },
      "ConnectionType":0,
      "ConnectedWireIndex":-1,
      "ConnectedWireSegmentIndex":-1,
      "Points":[{"x":0.0,"y":0.0},{"x":-4.875,"y":3.0625},{"x":-4.875,"y":4.5},{"x":6.25,"y":4.5},{"x":6.25,"y":-1.875},{"x":0.0,"y":0.0}]
    },
    {
      "SourcePinAddress":{
        "PinID":65463274,
        "PinOwnerID":575847408
      },
      "TargetPinAddress":{
        "PinID":1043036393,
        "PinOwnerID":1632892220
      },
      "ConnectionType":1,
      "ConnectedWireIndex":34,
      "ConnectedWireSegmentIndex":3,
      "Points":[{"x":6.25,"y":-0.1875},{"x":0.0,"y":0.0}]
    },
    {
      "SourcePinAddress":{
        "PinID":65463274,
        "PinOwnerID":575847408
      },
      "TargetPinAddress":{
        "PinID":1043036393,
        "PinOwnerID":607119130
      },
      "ConnectionType":1,
      "ConnectedWireIndex":34,
      "ConnectedWireSegmentIndex":3,
      "Points":[{"x":6.25,"y":1.5},{"x":0.0,"y":0.0}]
    },
    {
      "SourcePinAddress":{
        "PinID":65463274,
        "PinOwnerID":575847408
      },
      "TargetPinAddress":{
        "PinID":1043036393,
        "PinOwnerID":1149830026
      },
      "ConnectionType":1,
      "ConnectedWireIndex":34,
      "ConnectedWireSegmentIndex":3,
      "Points":[{"x":6.25,"y":3.1875},{"x":0.0,"y":0.0}]
    },
    {
      "SourcePinAddress":{
        "PinID":1560124752,
        "PinOwnerID":1149830026
      },
      "TargetPinAddress":{
        "PinID":0,
        "PinOwnerID":377573720
      },
      "ConnectionType":2,
      "ConnectedWireIndex":5,
      "ConnectedWireSegmentIndex":0,
      "Points":[{"x":0.0,"y":0.0},{"x":7.75,"y":3.5625},{"x":7.75,"y":2.6875}]
    },
    {
      "SourcePinAddress":{
        "PinID":1560124752,
        "PinOwnerID":607119130
      },
      "TargetPinAddress":{
        "PinID":0,
        "PinOwnerID":377573720
      },
      "ConnectionType":2,
      "ConnectedWireIndex":5,
      "ConnectedWireSegmentIndex":2,
      "Points":[{"x":0.0,"y":0.0},{"x":7.9375,"y":1.875}]
    },
    {
      "SourcePinAddress":{
        "PinID":1560124752,
        "PinOwnerID":1632892220
      },
      "TargetPinAddress":{
        "PinID":0,
        "PinOwnerID":377573720
      },
      "ConnectionType":2,
      "ConnectedWireIndex":5,
      "ConnectedWireSegmentIndex":2,
      "Points":[{"x":0.0,"y":0.0},{"x":7.9375,"y":0.1875}]
    },
    {
      "SourcePinAddress":{
        "PinID":1560124752,
        "PinOwnerID":912386997
      },
      "TargetPinAddress":{
        "PinID":0,
        "PinOwnerID":377573720
      },
      "ConnectionType":2,
      "ConnectedWireIndex":5,
      "ConnectedWireSegmentIndex":3,
      "Points":[{"x":0.0,"y":0.0},{"x":7.6875,"y":-1.5},{"x":7.6875,"y":-0.8125},{"x":7.6875,"y":-0.75}]
    },
    {
      "SourcePinAddress":{
        "PinID":1560124752,
        "PinOwnerID":1807381369
      },
      "TargetPinAddress":{
        "PinID":0,
        "PinOwnerID":377573720
      },
      "ConnectionType":2,
      "ConnectedWireIndex":5,
      "ConnectedWireSegmentIndex":3,
      "Points":[{"x":0.0,"y":0.0},{"x":5.3125,"y":-1.5625},{"x":5.3125,"y":-0.75}]
    },
    {
      "SourcePinAddress":{
        "PinID":1560124752,
        "PinOwnerID":1992337321
      },
      "TargetPinAddress":{
        "PinID":0,
        "PinOwnerID":377573720
      },
      "ConnectionType":2,
      "ConnectedWireIndex":5,
      "ConnectedWireSegmentIndex":3,
      "Points":[{"x":0.0,"y":0.0},{"x":5.25,"y":0.125},{"x":5.25,"y":-0.75}]
    },
    {
      "SourcePinAddress":{
        "PinID":1560124752,
        "PinOwnerID":1468620574
      },
      "TargetPinAddress":{
        "PinID":0,
        "PinOwnerID":377573720
      },
      "ConnectionType":2,
      "ConnectedWireIndex":5,
      "ConnectedWireSegmentIndex":3,
      "Points":[{"x":0.0,"y":0.0},{"x":2.4375,"y":-1.5625},{"x":2.4375,"y":-0.75}]
    },
    {
      "SourcePinAddress":{
        "PinID":1560124752,
        "PinOwnerID":1826305987
      },
      "TargetPinAddress":{
        "PinID":0,
        "PinOwnerID":377573720
      },
      "ConnectionType":2,
      "ConnectedWireIndex":5,
      "ConnectedWireSegmentIndex":3,
      "Points":[{"x":0.0,"y":0.0},{"x":2.3125,"y":0.125},{"x":2.3125,"y":-0.75}]
    },
    {
      "SourcePinAddress":{
        "PinID":1560124752,
        "PinOwnerID":2026509218
      },
      "TargetPinAddress":{
        "PinID":0,
        "PinOwnerID":377573720
      },
      "ConnectionType":2,
      "ConnectedWireIndex":5,
      "ConnectedWireSegmentIndex":3,
      "Points":[{"x":0.0,"y":0.0},{"x":-1.0625,"y":-1.5625},{"x":-1.0625,"y":-0.75}]
    },
    {
      "SourcePinAddress":{
        "PinID":1560124752,
        "PinOwnerID":1056969305
      },
      "TargetPinAddress":{
        "PinID":0,
        "PinOwnerID":377573720
      },
      "ConnectionType":2,
      "ConnectedWireIndex":5,
      "ConnectedWireSegmentIndex":3,
      "Points":[{"x":0.0,"y":0.0},{"x":-1.125,"y":0.125},{"x":-1.125,"y":-0.75}]
    },
    {
      "SourcePinAddress":{
        "PinID":1560124752,
        "PinOwnerID":421692237
      },
      "TargetPinAddress":{
        "PinID":0,
        "PinOwnerID":377573720
      },
      "ConnectionType":2,
      "ConnectedWireIndex":5,
      "ConnectedWireSegmentIndex":0,
      "Points":[{"x":0.0,"y":0.0},{"x":5.1875,"y":1.8125},{"x":5.1875,"y":2.6875}]
    },
    {
      "SourcePinAddress":{
        "PinID":1560124752,
        "PinOwnerID":880951436
      },
      "TargetPinAddress":{
        "PinID":0,
        "PinOwnerID":377573720
      },
      "ConnectionType":2,
      "ConnectedWireIndex":5,
      "ConnectedWireSegmentIndex":0,
      "Points":[{"x":0.0,"y":0.0},{"x":5.125,"y":3.5},{"x":5.125,"y":2.6875}]
    },
    {
      "SourcePinAddress":{
        "PinID":1560124752,
        "PinOwnerID":2050333693
      },
      "TargetPinAddress":{
        "PinID":0,
        "PinOwnerID":377573720
      },
      "ConnectionType":2,
      "ConnectedWireIndex":5,
      "ConnectedWireSegmentIndex":0,
      "Points":[{"x":0.0,"y":0.0},{"x":2.25,"y":1.8125},{"x":2.25,"y":2.6875}]
    },
    {
      "SourcePinAddress":{
        "PinID":1560124752,
        "PinOwnerID":1494548183
      },
      "TargetPinAddress":{
        "PinID":0,
        "PinOwnerID":377573720
      },
      "ConnectionType":2,
      "ConnectedWireIndex":5,
      "ConnectedWireSegmentIndex":0,
      "Points":[{"x":0.0,"y":0.0},{"x":2.1875,"y":3.5},{"x":2.1875,"y":2.6875}]
    },
    {
      "SourcePinAddress":{
        "PinID":1560124752,
        "PinOwnerID":786909489
      },
      "TargetPinAddress":{
        "PinID":0,
        "PinOwnerID":377573720
      },
      "ConnectionType":2,
      "ConnectedWireIndex":5,
      "ConnectedWireSegmentIndex":0,
      "Points":[{"x":0.0,"y":0.0},{"x":-1.0,"y":1.8125},{"x":-1.0,"y":2.6875}]
    },
    {
      "SourcePinAddress":{
        "PinID":1560124752,
        "PinOwnerID":1895087381
      },
      "TargetPinAddress":{
        "PinID":0,
        "PinOwnerID":377573720
      },
      "ConnectionType":2,
      "ConnectedWireIndex":5,
      "ConnectedWireSegmentIndex":0,
      "Points":[{"x":0.0,"y":0.0},{"x":-1.125,"y":3.5},{"x":-1.125,"y":2.6875}]
    },
    {
      "SourcePinAddress":{
        "PinID":0,
        "PinOwnerID":337152094
      },
      "TargetPinAddress":{
        "PinID":1522459734,
        "PinOwnerID":1762401146
      },
      "ConnectionType":0,
      "ConnectedWireIndex":-1,
      "ConnectedWireSegmentIndex":-1,
      "Points":[{"x":0.0,"y":0.0},{"x":0.0,"y":0.0}]
    },
    {
      "SourcePinAddress":{
        "PinID":0,
        "PinOwnerID":2056324209
      },
      "TargetPinAddress":{
        "PinID":818357688,
        "PinOwnerID":1762401146
      },
      "ConnectionType":0,
      "ConnectedWireIndex":-1,
      "ConnectedWireSegmentIndex":-1,
      "Points":[{"x":0.0,"y":0.0},{"x":-9.8125,"y":3.0},{"x":-9.8125,"y":2.625},{"x":0.0,"y":0.0}]
    },
    {
      "SourcePinAddress":{
        "PinID":0,
        "PinOwnerID":917707995
      },
      "TargetPinAddress":{
        "PinID":818357688,
        "PinOwnerID":1643767759
      },
      "ConnectionType":0,
      "ConnectedWireIndex":-1,
      "ConnectedWireSegmentIndex":-1,
      "Points":[{"x":0.0,"y":0.0},{"x":0.0,"y":0.0}]
    },
    {
      "SourcePinAddress":{
        "PinID":1934042572,
        "PinOwnerID":1762401146
      },
      "TargetPinAddress":{
        "PinID":1522459734,
        "PinOwnerID":1643767759
      },
      "ConnectionType":0,
      "ConnectedWireIndex":-1,
      "ConnectedWireSegmentIndex":-1,
      "Points":[{"x":0.0,"y":0.0},{"x":-8.625,"y":2.5},{"x":-8.625,"y":3.625},{"x":0.0,"y":0.0}]
    },
    {
      "SourcePinAddress":{
        "PinID":1,
        "PinOwnerID":377573720
      },
      "TargetPinAddress":{
        "PinID":0,
        "PinOwnerID":1310741111
      },
      "ConnectionType":1,
      "ConnectedWireIndex":5,
      "ConnectedWireSegmentIndex":2,
      "Points":[{"x":7.9375,"y":0.375},{"x":8.0625,"y":0.375},{"x":0.0,"y":0.0}]
    },
    {
      "SourcePinAddress":{
        "PinID":2,
        "PinOwnerID":1310741111
      },
      "TargetPinAddress":{
        "PinID":0,
        "PinOwnerID":280443582
      },
      "ConnectionType":0,
      "ConnectedWireIndex":-1,
      "ConnectedWireSegmentIndex":-1,
      "Points":[{"x":0.0,"y":0.0},{"x":10.1875,"y":0.1875},{"x":10.1875,"y":-0.375},{"x":8.3125,"y":-0.375},{"x":8.3125,"y":-1.125},{"x":0.0,"y":0.0}]
    },
    {
      "SourcePinAddress":{
        "PinID":1934042572,
        "PinOwnerID":1762401146
      },
      "TargetPinAddress":{
        "PinID":1,
        "PinOwnerID":1310741111
      },
      "ConnectionType":1,
      "ConnectedWireIndex":57,
      "ConnectedWireSegmentIndex":1,
      "Points":[{"x":-8.625,"y":3.0625},{"x":-8.125,"y":3.0625},{"x":-7.8125,"y":3.0625},{"x":-7.8125,"y":3.4375},{"x":-5.5,"y":3.4375},{"x":-5.5,"y":4.75},{"x":8.625,"y":4.75},{"x":8.625,"y":0.8125},{"x":8.0,"y":0.8125},{"x":8.0,"y":0.0},{"x":0.0,"y":0.0}]
    },
    {
      "SourcePinAddress":{
        "PinID":1934042572,
        "PinOwnerID":1643767759
      },
      "TargetPinAddress":{
        "PinID":630784544,
        "PinOwnerID":912386997
      },
      "ConnectionType":0,
      "ConnectedWireIndex":-1,
      "ConnectedWireSegmentIndex":-1,
      "Points":[{"x":0.0,"y":0.0},{"x":-7.125,"y":3.75},{"x":-7.125,"y":4.875},{"x":6.0625,"y":4.875},{"x":6.0625,"y":-1.375},{"x":0.0,"y":0.0}]
    },
    {
      "SourcePinAddress":{
        "PinID":1934042572,
        "PinOwnerID":1643767759
      },
      "TargetPinAddress":{
        "PinID":630784544,
        "PinOwnerID":1632892220
      },
      "ConnectionType":1,
      "ConnectedWireIndex":61,
      "ConnectedWireSegmentIndex":3,
      "Points":[{"x":6.0625,"y":0.3125},{"x":0.0,"y":0.0}]
    },
    {
      "SourcePinAddress":{
        "PinID":1934042572,
        "PinOwnerID":1643767759
      },
      "TargetPinAddress":{
        "PinID":630784544,
        "PinOwnerID":607119130
      },
      "ConnectionType":1,
      "ConnectedWireIndex":61,
      "ConnectedWireSegmentIndex":3,
      "Points":[{"x":6.0625,"y":2.0},{"x":0.0,"y":0.0}]
    },
    {
      "SourcePinAddress":{
        "PinID":1934042572,
        "PinOwnerID":1643767759
      },
      "TargetPinAddress":{
        "PinID":630784544,
        "PinOwnerID":1149830026
      },
      "ConnectionType":1,
      "ConnectedWireIndex":61,
      "ConnectedWireSegmentIndex":3,
      "Points":[{"x":6.0625,"y":3.6875},{"x":0.0,"y":0.0}]
    },
    {
      "SourcePinAddress":{
        "PinID":1934042572,
        "PinOwnerID":1643767759
      },
      "TargetPinAddress":{
        "PinID":630784544,
        "PinOwnerID":1807381369
      },
      "ConnectionType":1,
      "ConnectedWireIndex":61,
      "ConnectedWireSegmentIndex":2,
      "Points":[{"x":3.625,"y":4.875},{"x":3.625,"y":-1.4375},{"x":0.0,"y":0.0}]
    },
    {
      "SourcePinAddress":{
        "PinID":1934042572,
        "PinOwnerID":1643767759
      },
      "TargetPinAddress":{
        "PinID":630784544,
        "PinOwnerID":1992337321
      },
      "ConnectionType":1,
      "ConnectedWireIndex":65,
      "ConnectedWireSegmentIndex":0,
      "Points":[{"x":3.625,"y":0.25},{"x":0.0,"y":0.0}]
    },
    {
      "SourcePinAddress":{
        "PinID":1934042572,
        "PinOwnerID":1643767759
      },
      "TargetPinAddress":{
        "PinID":630784544,
        "PinOwnerID":421692237
      },
      "ConnectionType":1,
      "ConnectedWireIndex":65,
      "ConnectedWireSegmentIndex":0,
      "Points":[{"x":3.625,"y":1.9375},{"x":0.0,"y":0.0}]
    },
    {
      "SourcePinAddress":{
        "PinID":1934042572,
        "PinOwnerID":1643767759
      },
      "TargetPinAddress":{
        "PinID":630784544,
        "PinOwnerID":880951436
      },
      "ConnectionType":1,
      "ConnectedWireIndex":65,
      "ConnectedWireSegmentIndex":0,
      "Points":[{"x":3.625,"y":3.625},{"x":0.0,"y":0.0}]
    },
    {
      "SourcePinAddress":{
        "PinID":1934042572,
        "PinOwnerID":1643767759
      },
      "TargetPinAddress":{
        "PinID":630784544,
        "PinOwnerID":1468620574
      },
      "ConnectionType":1,
      "ConnectedWireIndex":61,
      "ConnectedWireSegmentIndex":2,
      "Points":[{"x":0.625,"y":4.875},{"x":0.625,"y":-1.5},{"x":0.625,"y":-1.375},{"x":0.625,"y":-1.4375},{"x":0.0,"y":0.0}]
    },
    {
      "SourcePinAddress":{
        "PinID":1934042572,
        "PinOwnerID":1643767759
      },
      "TargetPinAddress":{
        "PinID":630784544,
        "PinOwnerID":1826305987
      },
      "ConnectionType":1,
      "ConnectedWireIndex":69,
      "ConnectedWireSegmentIndex":0,
      "Points":[{"x":0.625,"y":0.25},{"x":0.0,"y":0.0}]
    },
    {
      "SourcePinAddress":{
        "PinID":1934042572,
        "PinOwnerID":1643767759
      },
      "TargetPinAddress":{
        "PinID":630784544,
        "PinOwnerID":2050333693
      },
      "ConnectionType":1,
      "ConnectedWireIndex":69,
      "ConnectedWireSegmentIndex":0,
      "Points":[{"x":0.625,"y":1.9375},{"x":0.0,"y":0.0}]
    },
    {
      "SourcePinAddress":{
        "PinID":1934042572,
        "PinOwnerID":1643767759
      },
      "TargetPinAddress":{
        "PinID":630784544,
        "PinOwnerID":1494548183
      },
      "ConnectionType":1,
      "ConnectedWireIndex":69,
      "ConnectedWireSegmentIndex":0,
      "Points":[{"x":0.625,"y":3.625},{"x":0.0,"y":0.0}]
    },
    {
      "SourcePinAddress":{
        "PinID":1934042572,
        "PinOwnerID":1643767759
      },
      "TargetPinAddress":{
        "PinID":630784544,
        "PinOwnerID":2026509218
      },
      "ConnectionType":1,
      "ConnectedWireIndex":61,
      "ConnectedWireSegmentIndex":2,
      "Points":[{"x":-2.9375,"y":4.875},{"x":-2.9375,"y":-1.4375},{"x":0.0,"y":0.0}]
    },
    {
      "SourcePinAddress":{
        "PinID":1934042572,
        "PinOwnerID":1643767759
      },
      "TargetPinAddress":{
        "PinID":630784544,
        "PinOwnerID":1056969305
      },
      "ConnectionType":1,
      "ConnectedWireIndex":73,
      "ConnectedWireSegmentIndex":0,
      "Points":[{"x":-2.9375,"y":0.25},{"x":0.0,"y":0.0}]
    },
    {
      "SourcePinAddress":{
        "PinID":1934042572,
        "PinOwnerID":1643767759
      },
      "TargetPinAddress":{
        "PinID":630784544,
        "PinOwnerID":786909489
      },
      "ConnectionType":1,
      "ConnectedWireIndex":73,
      "ConnectedWireSegmentIndex":0,
      "Points":[{"x":-2.9375,"y":1.9375},{"x":0.0,"y":0.0}]
    },
    {
      "SourcePinAddress":{
        "PinID":1934042572,
        "PinOwnerID":1643767759
      },
      "TargetPinAddress":{
        "PinID":630784544,
        "PinOwnerID":1895087381
      },
      "ConnectionType":1,
      "ConnectedWireIndex":73,
      "ConnectedWireSegmentIndex":0,
      "Points":[{"x":-2.9375,"y":3.625},{"x":0.0,"y":0.0}]
    },
    {
      "SourcePinAddress":{
        "PinID":0,
        "PinOwnerID":1651599163
      },
      "TargetPinAddress":{
        "PinID":641858174,
        "PinOwnerID":912386997
      },
      "ConnectionType":0,
      "ConnectedWireIndex":-1,
      "ConnectedWireSegmentIndex":-1,
      "Points":[{"x":0.0,"y":0.0},{"x":-8.6875,"y":4.625},{"x":-8.6875,"y":5.75},{"x":6.375,"y":5.75},{"x":6.375,"y":-1.125},{"x":0.0,"y":0.0}]
    },
    {
      "SourcePinAddress":{
        "PinID":0,
        "PinOwnerID":1651599163
      },
      "TargetPinAddress":{
        "PinID":641858174,
        "PinOwnerID":1632892220
      },
      "ConnectionType":1,
      "ConnectedWireIndex":77,
      "ConnectedWireSegmentIndex":3,
      "Points":[{"x":6.375,"y":0.5625},{"x":0.0,"y":0.0}]
    },
    {
      "SourcePinAddress":{
        "PinID":0,
        "PinOwnerID":1651599163
      },
      "TargetPinAddress":{
        "PinID":641858174,
        "PinOwnerID":607119130
      },
      "ConnectionType":1,
      "ConnectedWireIndex":77,
      "ConnectedWireSegmentIndex":3,
      "Points":[{"x":6.375,"y":2.25},{"x":0.0,"y":0.0}]
    },
    {
      "SourcePinAddress":{
        "PinID":0,
        "PinOwnerID":1651599163
      },
      "TargetPinAddress":{
        "PinID":641858174,
        "PinOwnerID":1149830026
      },
      "ConnectionType":1,
      "ConnectedWireIndex":77,
      "ConnectedWireSegmentIndex":3,
      "Points":[{"x":6.375,"y":3.9375},{"x":0.0,"y":0.0}]
    },
    {
      "SourcePinAddress":{
        "PinID":0,
        "PinOwnerID":1651599163
      },
      "TargetPinAddress":{
        "PinID":641858174,
        "PinOwnerID":1807381369
      },
      "ConnectionType":1,
      "ConnectedWireIndex":77,
      "ConnectedWireSegmentIndex":2,
      "Points":[{"x":3.25,"y":5.75},{"x":3.25,"y":-1.1875},{"x":0.0,"y":0.0}]
    },
    {
      "SourcePinAddress":{
        "PinID":0,
        "PinOwnerID":1651599163
      },
      "TargetPinAddress":{
        "PinID":641858174,
        "PinOwnerID":1992337321
      },
      "ConnectionType":1,
      "ConnectedWireIndex":81,
      "ConnectedWireSegmentIndex":0,
      "Points":[{"x":3.25,"y":0.5},{"x":0.0,"y":0.0}]
    },
    {
      "SourcePinAddress":{
        "PinID":0,
        "PinOwnerID":1651599163
      },
      "TargetPinAddress":{
        "PinID":641858174,
        "PinOwnerID":421692237
      },
      "ConnectionType":1,
      "ConnectedWireIndex":81,
      "ConnectedWireSegmentIndex":0,
      "Points":[{"x":3.25,"y":2.1875},{"x":0.0,"y":0.0}]
    },
    {
      "SourcePinAddress":{
        "PinID":0,
        "PinOwnerID":1651599163
      },
      "TargetPinAddress":{
        "PinID":641858174,
        "PinOwnerID":880951436
      },
      "ConnectionType":1,
      "ConnectedWireIndex":81,
      "ConnectedWireSegmentIndex":0,
      "Points":[{"x":3.25,"y":3.875},{"x":0.0,"y":0.0}]
    },
    {
      "SourcePinAddress":{
        "PinID":0,
        "PinOwnerID":1651599163
      },
      "TargetPinAddress":{
        "PinID":641858174,
        "PinOwnerID":1468620574
      },
      "ConnectionType":1,
      "ConnectedWireIndex":77,
      "ConnectedWireSegmentIndex":2,
      "Points":[{"x":0.5,"y":5.75},{"x":0.5,"y":-1.1875},{"x":0.0,"y":0.0}]
    },
    {
      "SourcePinAddress":{
        "PinID":0,
        "PinOwnerID":1651599163
      },
      "TargetPinAddress":{
        "PinID":641858174,
        "PinOwnerID":1826305987
      },
      "ConnectionType":1,
      "ConnectedWireIndex":85,
      "ConnectedWireSegmentIndex":0,
      "Points":[{"x":0.5,"y":0.5},{"x":0.0,"y":0.0}]
    },
    {
      "SourcePinAddress":{
        "PinID":0,
        "PinOwnerID":1651599163
      },
      "TargetPinAddress":{
        "PinID":641858174,
        "PinOwnerID":2050333693
      },
      "ConnectionType":1,
      "ConnectedWireIndex":85,
      "ConnectedWireSegmentIndex":0,
      "Points":[{"x":0.5,"y":2.1875},{"x":0.0,"y":0.0}]
    },
    {
      "SourcePinAddress":{
        "PinID":0,
        "PinOwnerID":1651599163
      },
      "TargetPinAddress":{
        "PinID":641858174,
        "PinOwnerID":1494548183
      },
      "ConnectionType":1,
      "ConnectedWireIndex":85,
      "ConnectedWireSegmentIndex":0,
      "Points":[{"x":0.5,"y":3.875},{"x":0.0,"y":0.0}]
    },
    {
      "SourcePinAddress":{
        "PinID":0,
        "PinOwnerID":1651599163
      },
      "TargetPinAddress":{
        "PinID":641858174,
        "PinOwnerID":2026509218
      },
      "ConnectionType":1,
      "ConnectedWireIndex":77,
      "ConnectedWireSegmentIndex":2,
      "Points":[{"x":-3.25,"y":5.75},{"x":-3.25,"y":-1.1875},{"x":0.0,"y":0.0}]
    },
    {
      "SourcePinAddress":{
        "PinID":0,
        "PinOwnerID":1651599163
      },
      "TargetPinAddress":{
        "PinID":641858174,
        "PinOwnerID":1056969305
      },
      "ConnectionType":1,
      "ConnectedWireIndex":89,
      "ConnectedWireSegmentIndex":0,
      "Points":[{"x":-3.25,"y":0.5},{"x":0.0,"y":0.0}]
    },
    {
      "SourcePinAddress":{
        "PinID":0,
        "PinOwnerID":1651599163
      },
      "TargetPinAddress":{
        "PinID":641858174,
        "PinOwnerID":786909489
      },
      "ConnectionType":1,
      "ConnectedWireIndex":89,
      "ConnectedWireSegmentIndex":0,
      "Points":[{"x":-3.25,"y":2.1875},{"x":0.0,"y":0.0}]
    },
    {
      "SourcePinAddress":{
        "PinID":0,
        "PinOwnerID":1651599163
      },
      "TargetPinAddress":{
        "PinID":641858174,
        "PinOwnerID":1895087381
      },
      "ConnectionType":1,
      "ConnectedWireIndex":89,
      "ConnectedWireSegmentIndex":0,
      "Points":[{"x":-3.25,"y":3.875},{"x":0.0,"y":0.0}]
    }
  ],
  "Displays":[]
}