{
  "DLSVersion": "2.1.6",
  "Name": "MUX",
  "NameLocation": 0,
  "ChipType": 0,
  "Size": {
    "x": 0.575,
    "y": 1.0
  },
  "Colour": {
    "r": 0.0,
    "g": 0.0,
    "b": 0.0,
    "a": 1
  },
  "InputPins":[
    {
      "Name":"IN",
      "ID":815322132,
      "Position":{
        "x":-8.5,
        "y":2.0
      },
      "BitCount":4,
      "Colour":0,
      "ValueDisplayMode":0
    },
    {
      "Name":"IN",
      "ID":1483774009,
      "Position":{
        "x":-8.5,
        "y":0.1875
      },
      "BitCount":4,
      "Colour":0,
      "ValueDisplayMode":0
    },
    {
      "Name":"SELECT",
      "ID":1387398739,
      "Position":{
        "x":-8.5,
        "y":-0.875
      },
      "BitCount":1,
      "Colour":0,
      "ValueDisplayMode":0
    }
  ],
  "OutputPins":[
    {
      "Name":"OUT",
      "ID":191043076,
      "Position":{
        "x":4.0,
        "y":0.375
      },
      "BitCount":4,
      "Colour":0,
      "ValueDisplayMode":0
    }
  ],
  "SubChips":[
    {
      "Name":"4-1BIT",
      "ID":653537849,
      "Label":"",
      "Position":{
        "x":-6.5525,
        "y":2.0625
      },
      "OutputPinColourInfo":[{"PinColour":0,"PinID":1},{"PinColour":0,"PinID":2},{"PinColour":0,"PinID":3},{"PinColour":0,"PinID":4}],
      "InternalData":null
    },
    {
      "Name":"4-1BIT",
      "ID":1052066075,
      "Label":"",
      "Position":{
        "x":-6.5525,
        "y":0.125
      },
      "OutputPinColourInfo":[{"PinColour":0,"PinID":1},{"PinColour":0,"PinID":2},{"PinColour":0,"PinID":3},{"PinColour":0,"PinID":4}],
      "InternalData":null
    },
    {
      "Name":"NOT",
      "ID":91695397,
      "Label":"",
      "Position":{
        "x":-4.515,
        "y":1.0
      },
      "OutputPinColourInfo":[{"PinColour":0,"PinID":722248817}],
      "InternalData":null
    },
    {
      "Name":"AND",
      "ID":598067402,
      "Label":"",
      "Position":{
        "x":-2.5775,
        "y":2.9375
      },
      "OutputPinColourInfo":[{"PinColour":0,"PinID":1934042572}],
      "InternalData":null
    },
    {
      "Name":"AND",
      "ID":1385186923,
      "Label":"",
      "Position":{
        "x":-2.5775,
        "y":2.3125
      },
      "OutputPinColourInfo":[{"PinColour":0,"PinID":1934042572}],
      "InternalData":null
    },
    {
      "Name":"AND",
      "ID":618243321,
      "Label":"",
      "Position":{
        "x":-2.5775,
        "y":1.6875
      },
      "OutputPinColourInfo":[{"PinColour":0,"PinID":1934042572}],
      "InternalData":null
    },
    {
      "Name":"AND",
      "ID":1627040447,
      "Label":"",
      "Position":{
        "x":-2.5775,
        "y":1.0625
      },
      "OutputPinColourInfo":[{"PinColour":0,"PinID":1934042572}],
      "InternalData":null
    },
    {
      "Name":"AND",
      "ID":1112672336,
      "Label":"",
      "Position":{
        "x":-2.5775,
        "y":0.1875
      },
      "OutputPinColourInfo":[{"PinColour":0,"PinID":1934042572}],
      "InternalData":null
    },
    {
      "Name":"AND",
      "ID":924877586,
      "Label":"",
      "Position":{
        "x":-2.5775,
        "y":-0.4375
      },
      "OutputPinColourInfo":[{"PinColour":0,"PinID":1934042572}],
      "InternalData":null
    },
    {
      "Name":"AND",
      "ID":1836169757,
      "Label":"",
      "Position":{
        "x":-2.5775,
        "y":-1.0625
      },
      "OutputPinColourInfo":[{"PinColour":0,"PinID":1934042572}],
      "InternalData":null
    },
    {
      "Name":"AND",
      "ID":213213118,
      "Label":"",
      "Position":{
        "x":-2.5775,
        "y":-1.6875
      },
      "OutputPinColourInfo":[{"PinColour":0,"PinID":1934042572}],
      "InternalData":null
    },
    {
      "Name":"OR",
      "ID":1805358838,
      "Label":"",
      "Position":{
        "x":-0.64,
        "y":1.25
      },
      "OutputPinColourInfo":[{"PinColour":0,"PinID":41096156}],
      "InternalData":null
    },
    {
      "Name":"OR",
      "ID":162594040,
      "Label":"",
      "Position":{
        "x":-0.64,
        "y":0.625
      },
      "OutputPinColourInfo":[{"PinColour":0,"PinID":41096156}],
      "InternalData":null
    },
    {
      "Name":"OR",
      "ID":1142297004,
      "Label":"",
      "Position":{
        "x":-0.64,
        "y":0.0
      },
      "OutputPinColourInfo":[{"PinColour":0,"PinID":41096156}],
      "InternalData":null
    },
    {
      "Name":"OR",
      "ID":179507732,
      "Label":"",
      "Position":{
        "x":-0.64,
        "y":-0.625
      },
      "OutputPinColourInfo":[{"PinColour":0,"PinID":41096156}],
      "InternalData":null
    },
    {
      "Name":"1-4BIT",
      "ID":1664582777,
      "Label":"",
      "Position":{
        "x":2.1975,
        "y":0.375
      },
      "OutputPinColourInfo":[{"PinColour":0,"PinID":4}],
      "InternalData":null
    }
  ],
  "Wires":[
    {
      "SourcePinAddress":{
        "PinID":0,
        "PinOwnerID":1483774009
      },
      "TargetPinAddress":{
        "PinID":0,
        "PinOwnerID":1052066075
      },
      "ConnectionType":0,
      "ConnectedWireIndex":-1,
      "ConnectedWireSegmentIndex":-1,
      "Points":[{"x":0.0,"y":0.0},{"x":0.0,"y":0.0}]
    },
    {
      "SourcePinAddress":{
        "PinID":0,
        "PinOwnerID":815322132
      },
      "TargetPinAddress":{
        "PinID":0,
        "PinOwnerID":653537849
      },
      "ConnectionType":0,
      "ConnectedWireIndex":-1,
      "ConnectedWireSegmentIndex":-1,
      "Points":[{"x":0.0,"y":0.0},{"x":0.0,"y":0.0}]
    },
    {
      "SourcePinAddress":{
        "PinID":41096156,
        "PinOwnerID":1805358838
      },
      "TargetPinAddress":{
        "PinID":0,
        "PinOwnerID":1664582777
      },
      "ConnectionType":0,
      "ConnectedWireIndex":-1,
      "ConnectedWireSegmentIndex":-1,
      "Points":[{"x":0.0,"y":0.0},{"x":0.25,"y":1.25},{"x":0.25,"y":0.75},{"x":0.0,"y":0.0}]
    },
    {
      "SourcePinAddress":{
        "PinID":41096156,
        "PinOwnerID":162594040
      },
      "TargetPinAddress":{
        "PinID":1,
        "PinOwnerID":1664582777
      },
      "ConnectionType":0,
      "ConnectedWireIndex":-1,
      "ConnectedWireSegmentIndex":-1,
      "Points":[{"x":0.0,"y":0.0},{"x":0.125,"y":0.625},{"x":0.125,"y":0.5},{"x":0.0,"y":0.0}]
    },
    {
      "SourcePinAddress":{
        "PinID":41096156,
        "PinOwnerID":1142297004
      },
      "TargetPinAddress":{
        "PinID":2,
        "PinOwnerID":1664582777
      },
      "ConnectionType":0,
      "ConnectedWireIndex":-1,
      "ConnectedWireSegmentIndex":-1,
      "Points":[{"x":0.0,"y":0.0},{"x":0.5,"y":0.0},{"x":0.5,"y":0.25},{"x":0.0,"y":0.0}]
    },
    {
      "SourcePinAddress":{
        "PinID":41096156,
        "PinOwnerID":179507732
      },
      "TargetPinAddress":{
        "PinID":3,
        "PinOwnerID":1664582777
      },
      "ConnectionType":0,
      "ConnectedWireIndex":-1,
      "ConnectedWireSegmentIndex":-1,
      "Points":[{"x":0.0,"y":0.0},{"x":1.25,"y":-0.625},{"x":1.25,"y":0.0},{"x":0.0,"y":0.0}]
    },
    {
      "SourcePinAddress":{
        "PinID":4,
        "PinOwnerID":1664582777
      },
      "TargetPinAddress":{
        "PinID":0,
        "PinOwnerID":191043076
      },
      "ConnectionType":0,
      "ConnectedWireIndex":-1,
      "ConnectedWireSegmentIndex":-1,
      "Points":[{"x":0.0,"y":0.0},{"x":0.0,"y":0.0}]
    },
    {
      "SourcePinAddress":{
        "PinID":0,
        "PinOwnerID":1387398739
      },
      "TargetPinAddress":{
        "PinID":818357688,
        "PinOwnerID":1112672336
      },
      "ConnectionType":0,
      "ConnectedWireIndex":-1,
      "ConnectedWireSegmentIndex":-1,
      "Points":[{"x":0.0,"y":0.0},{"x":-6.9375,"y":-0.875},{"x":-6.9375,"y":-2.4375},{"x":-3.5,"y":-2.4375},{"x":-3.5,"y":0.3125},{"x":0.0,"y":0.0}]
    },
    {
      "SourcePinAddress":{
        "PinID":0,
        "PinOwnerID":1387398739
      },
      "TargetPinAddress":{
        "PinID":71014366,
        "PinOwnerID":91695397
      },
      "ConnectionType":1,
      "ConnectedWireIndex":7,
      "ConnectedWireSegmentIndex":2,
      "Points":[{"x":-5.0,"y":-2.4375},{"x":0.0,"y":0.0}]
    },
    {
      "SourcePinAddress":{
        "PinID":722248817,
        "PinOwnerID":91695397
      },
      "TargetPinAddress":{
        "PinID":818357688,
        "PinOwnerID":598067402
      },
      "ConnectionType":0,
      "ConnectedWireIndex":-1,
      "ConnectedWireSegmentIndex":-1,
      "Points":[{"x":0.0,"y":0.0},{"x":-3.75,"y":1.0},{"x":-3.75,"y":3.0625},{"x":0.0,"y":0.0}]
    },
    {
      "SourcePinAddress":{
        "PinID":722248817,
        "PinOwnerID":91695397
      },
      "TargetPinAddress":{
        "PinID":818357688,
        "PinOwnerID":1627040447
      },
      "ConnectionType":1,
      "ConnectedWireIndex":9,
      "ConnectedWireSegmentIndex":1,
      "Points":[{"x":-3.75,"y":1.1875},{"x":0.0,"y":0.0}]
    },
    {
      "SourcePinAddress":{
        "PinID":722248817,
        "PinOwnerID":91695397
      },
      "TargetPinAddress":{
        "PinID":818357688,
        "PinOwnerID":618243321
      },
      "ConnectionType":1,
      "ConnectedWireIndex":9,
      "ConnectedWireSegmentIndex":1,
      "Points":[{"x":-3.75,"y":1.8125},{"x":0.0,"y":0.0}]
    },
    {
      "SourcePinAddress":{
        "PinID":722248817,
        "PinOwnerID":91695397
      },
      "TargetPinAddress":{
        "PinID":818357688,
        "PinOwnerID":1385186923
      },
      "ConnectionType":1,
      "ConnectedWireIndex":9,
      "ConnectedWireSegmentIndex":1,
      "Points":[{"x":-3.75,"y":2.4375},{"x":0.0,"y":0.0}]
    },
    {
      "SourcePinAddress":{
        "PinID":0,
        "PinOwnerID":1387398739
      },
      "TargetPinAddress":{
        "PinID":818357688,
        "PinOwnerID":924877586
      },
      "ConnectionType":1,
      "ConnectedWireIndex":7,
      "ConnectedWireSegmentIndex":3,
      "Points":[{"x":-3.5,"y":-0.3125},{"x":0.0,"y":0.0}]
    },
    {
      "SourcePinAddress":{
        "PinID":0,
        "PinOwnerID":1387398739
      },
      "TargetPinAddress":{
        "PinID":818357688,
        "PinOwnerID":1836169757
      },
      "ConnectionType":1,
      "ConnectedWireIndex":7,
      "ConnectedWireSegmentIndex":3,
      "Points":[{"x":-3.5,"y":-0.9375},{"x":0.0,"y":0.0}]
    },
    {
      "SourcePinAddress":{
        "PinID":0,
        "PinOwnerID":1387398739
      },
      "TargetPinAddress":{
        "PinID":818357688,
        "PinOwnerID":213213118
      },
      "ConnectionType":1,
      "ConnectedWireIndex":7,
      "ConnectedWireSegmentIndex":3,
      "Points":[{"x":-3.5,"y":-1.5625},{"x":0.0,"y":0.0}]
    },
    {
      "SourcePinAddress":{
        "PinID":4,
        "PinOwnerID":1052066075
      },
      "TargetPinAddress":{
        "PinID":1522459734,
        "PinOwnerID":213213118
      },
      "ConnectionType":0,
      "ConnectedWireIndex":-1,
      "ConnectedWireSegmentIndex":-1,
      "Points":[{"x":0.0,"y":0.0},{"x":0.0,"y":0.0}]
    },
    {
      "SourcePinAddress":{
        "PinID":3,
        "PinOwnerID":1052066075
      },
      "TargetPinAddress":{
        "PinID":1522459734,
        "PinOwnerID":1836169757
      },
      "ConnectionType":0,
      "ConnectedWireIndex":-1,
      "ConnectedWireSegmentIndex":-1,
      "Points":[{"x":0.0,"y":0.0},{"x":0.0,"y":0.0}]
    },
    {
      "SourcePinAddress":{
        "PinID":2,
        "PinOwnerID":1052066075
      },
      "TargetPinAddress":{
        "PinID":1522459734,
        "PinOwnerID":924877586
      },
      "ConnectionType":0,
      "ConnectedWireIndex":-1,
      "ConnectedWireSegmentIndex":-1,
      "Points":[{"x":0.0,"y":0.0},{"x":0.0,"y":0.0}]
    },
    {
      "SourcePinAddress":{
        "PinID":1,
        "PinOwnerID":1052066075
      },
      "TargetPinAddress":{
        "PinID":1522459734,
        "PinOwnerID":1112672336
      },
      "ConnectionType":0,
      "ConnectedWireIndex":-1,
      "ConnectedWireSegmentIndex":-1,
      "Points":[{"x":0.0,"y":0.0},{"x":0.0,"y":0.0}]
    },
    {
      "SourcePinAddress":{
        "PinID":4,
        "PinOwnerID":653537849
      },
      "TargetPinAddress":{
        "PinID":1522459734,
        "PinOwnerID":1627040447
      },
      "ConnectionType":0,
      "ConnectedWireIndex":-1,
      "ConnectedWireSegmentIndex":-1,
      "Points":[{"x":0.0,"y":0.0},{"x":0.0,"y":0.0}]
    },
    {
      "SourcePinAddress":{
        "PinID":3,
        "PinOwnerID":653537849
      },
      "TargetPinAddress":{
        "PinID":1522459734,
        "PinOwnerID":618243321
      },
      "ConnectionType":0,
      "ConnectedWireIndex":-1,
      "ConnectedWireSegmentIndex":-1,
      "Points":[{"x":0.0,"y":0.0},{"x":0.0,"y":0.0}]
    },
    {
      "SourcePinAddress":{
        "PinID":2,
        "PinOwnerID":653537849
      },
      "TargetPinAddress":{
        "PinID":1522459734,
        "PinOwnerID":1385186923
      },
      "ConnectionType":0,
      "ConnectedWireIndex":-1,
      "ConnectedWireSegmentIndex":-1,
      "Points":[{"x":0.0,"y":0.0},{"x":0.0,"y":0.0}]
    },
    {
      "SourcePinAddress":{
        "PinID":1,
        "PinOwnerID":653537849
      },
      "TargetPinAddress":{
        "PinID":1522459734,
        "PinOwnerID":598067402
      },
      "ConnectionType":0,
      "ConnectedWireIndex":-1,
      "ConnectedWireSegmentIndex":-1,
      "Points":[{"x":0.0,"y":0.0},{"x":0.0,"y":0.0}]
    },
    {
      "SourcePinAddress":{
        "PinID":1934042572,
        "PinOwnerID":598067402
      },
      "TargetPinAddress":{
        "PinID":1059060280,
        "PinOwnerID":1805358838
      },
      "ConnectionType":0,
      "ConnectedWireIndex":-1,
      "ConnectedWireSegmentIndex":-1,
      "Points":[{"x":0.0,"y":0.0},{"x":0.0,"y":0.0}]
    },
    {
      "SourcePinAddress":{
        "PinID":1934042572,
        "PinOwnerID":1112672336
      },
      "TargetPinAddress":{
        "PinID":198837197,
        "PinOwnerID":1805358838
      },
      "ConnectionType":0,
      "ConnectedWireIndex":-1,
      "ConnectedWireSegmentIndex":-1,
      "Points":[{"x":0.0,"y":0.0},{"x":0.0,"y":0.0}]
    },
    {
      "SourcePinAddress":{
        "PinID":1934042572,
        "PinOwnerID":924877586
      },
      "TargetPinAddress":{
        "PinID":198837197,
        "PinOwnerID":162594040
      },
      "ConnectionType":0,
      "ConnectedWireIndex":-1,
      "ConnectedWireSegmentIndex":-1,
      "Points":[{"x":0.0,"y":0.0},{"x":0.0,"y":0.0}]
    },
    {
      "SourcePinAddress":{
        "PinID":1934042572,
        "PinOwnerID":1385186923
      },
      "TargetPinAddress":{
        "PinID":1059060280,
        "PinOwnerID":162594040
      },
      "ConnectionType":0,
      "ConnectedWireIndex":-1,
      "ConnectedWireSegmentIndex":-1,
      "Points":[{"x":0.0,"y":0.0},{"x":0.0,"y":0.0}]
    },
    {
      "SourcePinAddress":{
        "PinID":1934042572,
        "PinOwnerID":618243321
      },
      "TargetPinAddress":{
        "PinID":1059060280,
        "PinOwnerID":1142297004
      },
      "ConnectionType":0,
      "ConnectedWireIndex":-1,
      "ConnectedWireSegmentIndex":-1,
      "Points":[{"x":0.0,"y":0.0},{"x":0.0,"y":0.0}]
    },
    {
      "SourcePinAddress":{
        "PinID":1934042572,
        "PinOwnerID":1836169757
      },
      "TargetPinAddress":{
        "PinID":198837197,
        "PinOwnerID":1142297004
      },
      "ConnectionType":0,
      "ConnectedWireIndex":-1,
      "ConnectedWireSegmentIndex":-1,
      "Points":[{"x":0.0,"y":0.0},{"x":0.0,"y":0.0}]
    },
    {
      "SourcePinAddress":{
        "PinID":1934042572,
        "PinOwnerID":213213118
      },
      "TargetPinAddress":{
        "PinID":198837197,
        "PinOwnerID":179507732
      },
      "ConnectionType":0,
      "ConnectedWireIndex":-1,
      "ConnectedWireSegmentIndex":-1,
      "Points":[{"x":0.0,"y":0.0},{"x":0.0,"y":0.0}]
    },
    {
      "SourcePinAddress":{
        "PinID":1934042572,
        "PinOwnerID":1627040447
      },
      "TargetPinAddress":{
        "PinID":1059060280,
        "PinOwnerID":179507732
      },
      "ConnectionType":0,
      "ConnectedWireIndex":-1,
      "ConnectedWireSegmentIndex":-1,
      "Points":[{"x":0.0,"y":0.0},{"x":0.0,"y":0.0}]
    }
  ],
  "Displays":[]
}