{
  "DLSVersion": "2.1.6",
  "Name": "NEGATE",
  "NameLocation": 0,
  "ChipType": 0,
  "Size": {
    "x": 1.025,
    "y": 0.75
  },
  "Colour": {
    "r": 0.439295232,
    "g": 0.292848617,
    "b": 0.259116828,
    "a": 1
  },
  "InputPins":[
    {
      "Name":"ENABLE",
      "ID":958202752,
      "Position":{
        "x":-8.75,
        "y":3.9375
      },
      "BitCount":1,
      "Colour":0,
      "ValueDisplayMode":0
    },
    {
      "Name":"IN",
      "ID":1053646936,
      "Position":{
        "x":-8.75,
        "y":2.3125
      },
      "BitCount":8,
      "Colour":0,
      "ValueDisplayMode":0
    }
  ],
  "OutputPins":[
    {
      "Name":"OUT",
      "ID":1552714108,
      "Position":{
        "x":4.0,
        "y":0.5
      },
      "BitCount":8,
      "Colour":0,
      "ValueDisplayMode":0
    }
  ],
  "SubChips":[
    {
      "Name":"8-1BIT",
      "ID":1028115267,
      "Label":"",
      "Position":{
        "x":-6.8025,
        "y":2.3125
      },
      "OutputPinColourInfo":[{"PinColour":0,"PinID":1},{"PinColour":0,"PinID":2},{"PinColour":0,"PinID":3},{"PinColour":0,"PinID":4},{"PinColour":0,"PinID":5},{"PinColour":0,"PinID":6},{"PinColour":0,"PinID":7},{"PinColour":0,"PinID":8}],
      "InternalData":null
    },
    {
      "Name":"XOR",
      "ID":1625125312,
      "Label":"",
      "Position":{
        "x":-4.7025,
        "y":4.3125
      },
      "OutputPinColourInfo":[{"PinColour":0,"PinID":41096156}],
      "InternalData":null
    },
    {
      "Name":"XOR",
      "ID":1362099442,
      "Label":"",
      "Position":{
        "x":-4.7025,
        "y":3.6875
      },
      "OutputPinColourInfo":[{"PinColour":0,"PinID":41096156}],
      "InternalData":null
    },
    {
      "Name":"XOR",
      "ID":1967552314,
      "Label":"",
      "Position":{
        "x":-4.7025,
        "y":3.0625
      },
      "OutputPinColourInfo":[{"PinColour":0,"PinID":41096156}],
      "InternalData":null
    },
    {
      "Name":"XOR",
      "ID":446650166,
      "Label":"",
      "Position":{
        "x":-4.7025,
        "y":2.4375
      },
      "OutputPinColourInfo":[{"PinColour":0,"PinID":41096156}],
      "InternalData":null
    },
    {
      "Name":"XOR",
      "ID":1772352433,
      "Label":"",
      "Position":{
        "x":-4.7025,
        "y":1.8125
      },
      "OutputPinColourInfo":[{"PinColour":0,"PinID":41096156}],
      "InternalData":null
    },
    {
      "Name":"XOR",
      "ID":1176142682,
      "Label":"",
      "Position":{
        "x":-4.7025,
        "y":1.1875
      },
      "OutputPinColourInfo":[{"PinColour":0,"PinID":41096156}],
      "InternalData":null
    },
    {
      "Name":"XOR",
      "ID":47222103,
      "Label":"",
      "Position":{
        "x":-4.7025,
        "y":0.5625
      },
      "OutputPinColourInfo":[{"PinColour":0,"PinID":41096156}],
      "InternalData":null
    },
    {
      "Name":"XOR",
      "ID":1856060112,
      "Label":"",
      "Position":{
        "x":-4.7025,
        "y":-0.0625
      },
      "OutputPinColourInfo":[{"PinColour":0,"PinID":41096156}],
      "InternalData":null
    },
    {
      "Name":"4-BIT ADDER",
      "ID":1384856604,
      "Label":"",
      "Position":{
        "x":-1.1025,
        "y":1.0
      },
      "OutputPinColourInfo":[{"PinColour":0,"PinID":921799949},{"PinColour":0,"PinID":1545428429}],
      "InternalData":null
    },
    {
      "Name":"4-BIT ADDER",
      "ID":2037107614,
      "Label":"",
      "Position":{
        "x":1.47618,
        "y":2.24454
      },
      "OutputPinColourInfo":[{"PinColour":0,"PinID":921799949},{"PinColour":0,"PinID":1545428429}],
      "InternalData":null
    },
    {
      "Name":"1-4BIT",
      "ID":1316051254,
      "Label":"",
      "Position":{
        "x":-3.1775,
        "y":0.9375
      },
      "OutputPinColourInfo":[{"PinColour":0,"PinID":4}],
      "InternalData":null
    },
    {
      "Name":"1-4BIT",
      "ID":481314355,
      "Label":"",
      "Position":{
        "x":-3.1775,
        "y":3.125
      },
      "OutputPinColourInfo":[{"PinColour":0,"PinID":4}],
      "InternalData":null
    },
    {
      "Name":"4-8BIT",
      "ID":947719559,
      "Label":"",
      "Position":{
        "x":2.9475,
        "y":2.375
      },
      "OutputPinColourInfo":[{"PinColour":0,"PinID":2}],
      "InternalData":null
    }
  ],
  "Wires":[
    {
      "SourcePinAddress":{
        "PinID":0,
        "PinOwnerID":1053646936
      },
      "TargetPinAddress":{
        "PinID":0,
        "PinOwnerID":1028115267
      },
      "ConnectionType":0,
      "ConnectedWireIndex":-1,
      "ConnectedWireSegmentIndex":-1,
      "Points":[{"x":0.0,"y":0.0},{"x":0.0,"y":0.0}]
    },
    {
      "SourcePinAddress":{
        "PinID":1,
        "PinOwnerID":1028115267
      },
      "TargetPinAddress":{
        "PinID":1059060280,
        "PinOwnerID":1625125312
      },
      "ConnectionType":0,
      "ConnectedWireIndex":-1,
      "ConnectedWireSegmentIndex":-1,
      "Points":[{"x":0.0,"y":0.0},{"x":0.0,"y":0.0}]
    },
    {
      "SourcePinAddress":{
        "PinID":2,
        "PinOwnerID":1028115267
      },
      "TargetPinAddress":{
        "PinID":1059060280,
        "PinOwnerID":1362099442
      },
      "ConnectionType":0,
      "ConnectedWireIndex":-1,
      "ConnectedWireSegmentIndex":-1,
      "Points":[{"x":0.0,"y":0.0},{"x":0.0,"y":0.0}]
    },
    {
      "SourcePinAddress":{
        "PinID":3,
        "PinOwnerID":1028115267
      },
      "TargetPinAddress":{
        "PinID":1059060280,
        "PinOwnerID":1967552314
      },
      "ConnectionType":0,
      "ConnectedWireIndex":-1,
      "ConnectedWireSegmentIndex":-1,
      "Points":[{"x":0.0,"y":0.0},{"x":0.0,"y":0.0}]
    },
    {
      "SourcePinAddress":{
        "PinID":4,
        "PinOwnerID":1028115267
      },
      "TargetPinAddress":{
        "PinID":1059060280,
        "PinOwnerID":446650166
      },
      "ConnectionType":0,
      "ConnectedWireIndex":-1,
      "ConnectedWireSegmentIndex":-1,
      "Points":[{"x":0.0,"y":0.0},{"x":0.0,"y":0.0}]
    },
    {
      "SourcePinAddress":{
        "PinID":5,
        "PinOwnerID":1028115267
      },
      "TargetPinAddress":{
        "PinID":1059060280,
        "PinOwnerID":1772352433
      },
      "ConnectionType":0,
      "ConnectedWireIndex":-1,
      "ConnectedWireSegmentIndex":-1,
      "Points":[{"x":0.0,"y":0.0},{"x":0.0,"y":0.0}]
    },
    {
      "SourcePinAddress":{
        "PinID":6,
        "PinOwnerID":1028115267
      },
      "TargetPinAddress":{
        "PinID":1059060280,
        "PinOwnerID":1176142682
      },
      "ConnectionType":0,
      "ConnectedWireIndex":-1,
      "ConnectedWireSegmentIndex":-1,
      "Points":[{"x":0.0,"y":0.0},{"x":0.0,"y":0.0}]
    },
    {
      "SourcePinAddress":{
        "PinID":7,
        "PinOwnerID":1028115267
      },
      "TargetPinAddress":{
        "PinID":1059060280,
        "PinOwnerID":47222103
      },
      "ConnectionType":0,
      "ConnectedWireIndex":-1,
      "ConnectedWireSegmentIndex":-1,
      "Points":[{"x":0.0,"y":0.0},{"x":0.0,"y":0.0}]
    },
    {
      "SourcePinAddress":{
        "PinID":8,
        "PinOwnerID":1028115267
      },
      "TargetPinAddress":{
        "PinID":1059060280,
        "PinOwnerID":1856060112
      },
      "ConnectionType":0,
      "ConnectedWireIndex":-1,
      "ConnectedWireSegmentIndex":-1,
      "Points":[{"x":0.0,"y":0.0},{"x":0.0,"y":0.0}]
    },
    {
      "SourcePinAddress":{
        "PinID":0,
        "PinOwnerID":958202752
      },
      "TargetPinAddress":{
        "PinID":198837197,
        "PinOwnerID":1856060112
      },
      "ConnectionType":0,
      "ConnectedWireIndex":-1,
      "ConnectedWireSegmentIndex":-1,
      "Points":[{"x":0.0,"y":0.0},{"x":-6.80624,"y":3.9375},{"x":-6.80624,"y":5.03252},{"x":-5.26823,"y":5.03252},{"x":-5.26823,"y":-0.2065},{"x":0.0,"y":0.0}]
    },
    {
      "SourcePinAddress":{
        "PinID":0,
        "PinOwnerID":958202752
      },
      "TargetPinAddress":{
        "PinID":198837197,
        "PinOwnerID":47222103
      },
      "ConnectionType":1,
      "ConnectedWireIndex":9,
      "ConnectedWireSegmentIndex":3,
      "Points":[{"x":-5.26823,"y":0.49458},{"x":0.0,"y":0.0}]
    },
    {
      "SourcePinAddress":{
        "PinID":0,
        "PinOwnerID":958202752
      },
      "TargetPinAddress":{
        "PinID":198837197,
        "PinOwnerID":1176142682
      },
      "ConnectionType":1,
      "ConnectedWireIndex":9,
      "ConnectedWireSegmentIndex":3,
      "Points":[{"x":-5.26823,"y":1.0625},{"x":0.0,"y":0.0}]
    },
    {
      "SourcePinAddress":{
        "PinID":0,
        "PinOwnerID":958202752
      },
      "TargetPinAddress":{
        "PinID":198837197,
        "PinOwnerID":1772352433
      },
      "ConnectionType":1,
      "ConnectedWireIndex":9,
      "ConnectedWireSegmentIndex":3,
      "Points":[{"x":-5.26823,"y":1.6875},{"x":0.0,"y":0.0}]
    },
    {
      "SourcePinAddress":{
        "PinID":0,
        "PinOwnerID":958202752
      },
      "TargetPinAddress":{
        "PinID":198837197,
        "PinOwnerID":446650166
      },
      "ConnectionType":1,
      "ConnectedWireIndex":9,
      "ConnectedWireSegmentIndex":3,
      "Points":[{"x":-5.26823,"y":2.3125},{"x":0.0,"y":0.0}]
    },
    {
      "SourcePinAddress":{
        "PinID":0,
        "PinOwnerID":958202752
      },
      "TargetPinAddress":{
        "PinID":198837197,
        "PinOwnerID":1967552314
      },
      "ConnectionType":1,
      "ConnectedWireIndex":9,
      "ConnectedWireSegmentIndex":3,
      "Points":[{"x":-5.26823,"y":2.9375},{"x":0.0,"y":0.0}]
    },
    {
      "SourcePinAddress":{
        "PinID":0,
        "PinOwnerID":958202752
      },
      "TargetPinAddress":{
        "PinID":198837197,
        "PinOwnerID":1362099442
      },
      "ConnectionType":1,
      "ConnectedWireIndex":9,
      "ConnectedWireSegmentIndex":3,
      "Points":[{"x":-5.26823,"y":3.5625},{"x":0.0,"y":0.0}]
    },
    {
      "SourcePinAddress":{
        "PinID":0,
        "PinOwnerID":958202752
      },
      "TargetPinAddress":{
        "PinID":198837197,
        "PinOwnerID":1625125312
      },
      "ConnectionType":1,
      "ConnectedWireIndex":9,
      "ConnectedWireSegmentIndex":3,
      "Points":[{"x":-5.26823,"y":4.1875},{"x":0.0,"y":0.0}]
    },
    {
      "SourcePinAddress":{
        "PinID":4,
        "PinOwnerID":1316051254
      },
      "TargetPinAddress":{
        "PinID":1510848574,
        "PinOwnerID":1384856604
      },
      "ConnectionType":0,
      "ConnectedWireIndex":-1,
      "ConnectedWireSegmentIndex":-1,
      "Points":[{"x":0.0,"y":0.0},{"x":0.0,"y":0.0}]
    },
    {
      "SourcePinAddress":{
        "PinID":41096156,
        "PinOwnerID":1856060112
      },
      "TargetPinAddress":{
        "PinID":3,
        "PinOwnerID":1316051254
      },
      "ConnectionType":0,
      "ConnectedWireIndex":-1,
      "ConnectedWireSegmentIndex":-1,
      "Points":[{"x":0.0,"y":0.0},{"x":0.0,"y":0.0}]
    },
    {
      "SourcePinAddress":{
        "PinID":41096156,
        "PinOwnerID":47222103
      },
      "TargetPinAddress":{
        "PinID":2,
        "PinOwnerID":1316051254
      },
      "ConnectionType":0,
      "ConnectedWireIndex":-1,
      "ConnectedWireSegmentIndex":-1,
      "Points":[{"x":0.0,"y":0.0},{"x":0.0,"y":0.0}]
    },
    {
      "SourcePinAddress":{
        "PinID":41096156,
        "PinOwnerID":1176142682
      },
      "TargetPinAddress":{
        "PinID":1,
        "PinOwnerID":1316051254
      },
      "ConnectionType":0,
      "ConnectedWireIndex":-1,
      "ConnectedWireSegmentIndex":-1,
      "Points":[{"x":0.0,"y":0.0},{"x":0.0,"y":0.0}]
    },
    {
      "SourcePinAddress":{
        "PinID":41096156,
        "PinOwnerID":1772352433
      },
      "TargetPinAddress":{
        "PinID":0,
        "PinOwnerID":1316051254
      },
      "ConnectionType":0,
      "ConnectedWireIndex":-1,
      "ConnectedWireSegmentIndex":-1,
      "Points":[{"x":0.0,"y":0.0},{"x":0.0,"y":0.0}]
    },
    {
      "SourcePinAddress":{
        "PinID":0,
        "PinOwnerID":958202752
      },
      "TargetPinAddress":{
        "PinID":767098531,
        "PinOwnerID":1384856604
      },
      "ConnectionType":1,
      "ConnectedWireIndex":9,
      "ConnectedWireSegmentIndex":2,
      "Points":[{"x":-5.4375,"y":5.03252},{"x":0.3125,"y":5.03252},{"x":0.3125,"y":1.875},{"x":0.3125,"y":-0.75},{"x":-1.875,"y":-0.75},{"x":-1.875,"y":0.625},{"x":0.0,"y":0.0}]
    },
    {
      "SourcePinAddress":{
        "PinID":41096156,
        "PinOwnerID":1625125312
      },
      "TargetPinAddress":{
        "PinID":0,
        "PinOwnerID":481314355
      },
      "ConnectionType":0,
      "ConnectedWireIndex":-1,
      "ConnectedWireSegmentIndex":-1,
      "Points":[{"x":0.0,"y":0.0},{"x":0.0,"y":0.0}]
    },
    {
      "SourcePinAddress":{
        "PinID":41096156,
        "PinOwnerID":1362099442
      },
      "TargetPinAddress":{
        "PinID":1,
        "PinOwnerID":481314355
      },
      "ConnectionType":0,
      "ConnectedWireIndex":-1,
      "ConnectedWireSegmentIndex":-1,
      "Points":[{"x":0.0,"y":0.0},{"x":0.0,"y":0.0}]
    },
    {
      "SourcePinAddress":{
        "PinID":41096156,
        "PinOwnerID":1967552314
      },
      "TargetPinAddress":{
        "PinID":2,
        "PinOwnerID":481314355
      },
      "ConnectionType":0,
      "ConnectedWireIndex":-1,
      "ConnectedWireSegmentIndex":-1,
      "Points":[{"x":0.0,"y":0.0},{"x":0.0,"y":0.0}]
    },
    {
      "SourcePinAddress":{
        "PinID":41096156,
        "PinOwnerID":446650166
      },
      "TargetPinAddress":{
        "PinID":3,
        "PinOwnerID":481314355
      },
      "ConnectionType":0,
      "ConnectedWireIndex":-1,
      "ConnectedWireSegmentIndex":-1,
      "Points":[{"x":0.0,"y":0.0},{"x":0.0,"y":0.0}]
    },
    {
      "SourcePinAddress":{
        "PinID":4,
        "PinOwnerID":481314355
      },
      "TargetPinAddress":{
        "PinID":932868993,
        "PinOwnerID":2037107614
      },
      "ConnectionType":0,
      "ConnectedWireIndex":-1,
      "ConnectedWireSegmentIndex":-1,
      "Points":[{"x":0.0,"y":0.0},{"x":-0.75,"y":3.125},{"x":-0.75,"y":2.5},{"x":-0.375,"y":2.5},{"x":-0.375,"y":2.625},{"x":-0.375,"y":2.5},{"x":0.4375,"y":2.5},{"x":0.4375,"y":2.5625},{"x":0.0,"y":0.0}]
    },
    {
      "SourcePinAddress":{
        "PinID":1545428429,
        "PinOwnerID":1384856604
      },
      "TargetPinAddress":{
        "PinID":767098531,
        "PinOwnerID":2037107614
      },
      "ConnectionType":0,
      "ConnectedWireIndex":-1,
      "ConnectedWireSegmentIndex":-1,
      "Points":[{"x":0.0,"y":0.0},{"x":0.75,"y":0.625},{"x":0.75,"y":1.875},{"x":0.0,"y":0.0}]
    },
    {
      "SourcePinAddress":{
        "PinID":921799949,
        "PinOwnerID":2037107614
      },
      "TargetPinAddress":{
        "PinID":0,
        "PinOwnerID":947719559
      },
      "ConnectionType":0,
      "ConnectedWireIndex":-1,
      "ConnectedWireSegmentIndex":-1,
      "Points":[{"x":0.0,"y":0.0},{"x":0.0,"y":0.0}]
    },
    {
      "SourcePinAddress":{
        "PinID":921799949,
        "PinOwnerID":1384856604
      },
      "TargetPinAddress":{
        "PinID":1,
        "PinOwnerID":947719559
      },
      "ConnectionType":0,
      "ConnectedWireIndex":-1,
      "ConnectedWireSegmentIndex":-1,
      "Points":[{"x":0.0,"y":0.0},{"x":-0.25,"y":1.3125},{"x":-0.25,"y":1.25},{"x":2.1875,"y":1.25},{"x":2.1875,"y":2.1875},{"x":0.0,"y":0.0}]
    },
    {
      "SourcePinAddress":{
        "PinID":2,
        "PinOwnerID":947719559
      },
      "TargetPinAddress":{
        "PinID":0,
        "PinOwnerID":1552714108
      },
      "ConnectionType":0,
      "ConnectedWireIndex":-1,
      "ConnectedWireSegmentIndex":-1,
      "Points":[{"x":0.0,"y":0.0},{"x":3.9375,"y":2.375},{"x":3.9375,"y":1.0},{"x":2.4375,"y":1.0},{"x":2.4375,"y":0.5},{"x":0.0,"y":0.0}]
    }
  ],
  "Displays": null
}