{
  "DLSVersion": "2.1.6",
  "Name": "NIL",
  "NameLocation": 0,
  "ChipType": 0,
  "Size": {
    "x": 0.575,
    "y": 0.5
  },
  "Colour": {
    "r": 0.744308233,
    "g": 0.919345737,
    "b": 0.7237485,
    "a": 1
  },
  "InputPins":[
    {
      "Name":"IN",
      "ID":4708383,
      "Position":{
        "x":-13.25,
        "y":-0.5625
      },
      "BitCount":1,
      "Colour":0,
      "ValueDisplayMode":0
    }
  ],
  "OutputPins":[
    {
      "Name":"OUT",
      "ID":503157428,
      "Position":{
        "x":-6.375,
        "y":0.75
      },
      "BitCount":8,
      "Colour":0,
      "ValueDisplayMode":0
    }
  ],
  "SubChips":[
    {
      "Name":"AND",
      "ID":463393810,
      "Label":"",
      "Position":{
        "x":-11.9525,
        "y":0.0625
      },
      "OutputPinColourInfo":[{"PinColour":0,"PinID":1934042572}],
      "InternalData":null
    },
    {
      "Name":"1-8BIT",
      "ID":49584329,
      "Label":"",
      "Position":{
        "x":-8.6775,
        "y":0.75
      },
      "OutputPinColourInfo":[{"PinColour":0,"PinID":8}],
      "InternalData":null
    },
    {
      "Name":"3-STATE BUFFER",
      "ID":943224605,
      "Label":"",
      "Position":{
        "x":-10.625,
        "y":-0.125
      },
      "OutputPinColourInfo":[{"PinColour":0,"PinID":2}],
      "InternalData":null
    }
  ],
  "Wires":[
    {
      "SourcePinAddress":{
        "PinID":2,
        "PinOwnerID":943224605
      },
      "TargetPinAddress":{
        "PinID":7,
        "PinOwnerID":49584329
      },
      "ConnectionType":0,
      "ConnectedWireIndex":-1,
      "ConnectedWireSegmentIndex":-1,
      "Points":[{"x":0.0,"y":0.0},{"x":0.0,"y":0.0}]
    },
    {
      "SourcePinAddress":{
        "PinID":1934042572,
        "PinOwnerID":463393810
      },
      "TargetPinAddress":{
        "PinID":0,
        "PinOwnerID":943224605
      },
      "ConnectionType":0,
      "ConnectedWireIndex":-1,
      "ConnectedWireSegmentIndex":-1,
      "Points":[{"x":0.0,"y":0.0},{"x":0.0,"y":0.0}]
    },
    {
      "SourcePinAddress":{
        "PinID":0,
        "PinOwnerID":4708383
      },
      "TargetPinAddress":{
        "PinID":1,
        "PinOwnerID":943224605
      },
      "ConnectionType":0,
      "ConnectedWireIndex":-1,
      "ConnectedWireSegmentIndex":-1,
      "Points":[{"x":0.0,"y":0.0},{"x":0.0,"y":0.0}]
    },
    {
      "SourcePinAddress":{
        "PinID":8,
        "PinOwnerID":49584329
      },
      "TargetPinAddress":{
        "PinID":0,
        "PinOwnerID":503157428
      },
      "ConnectionType":0,
      "ConnectedWireIndex":-1,
      "ConnectedWireSegmentIndex":-1,
      "Points":[{"x":0.0,"y":0.0},{"x":0.0,"y":0.0}]
    }
  ],
  "Displays": null
}