{
  "DLSVersion": "2.1.6",
  "Name": "NOR",
  "NameLocation": 0,
  "ChipType": 0,
  "Size": {
    "x": 0.575,
    "y": 0.5
  },
  "Colour": {
    "r": 0.59773016,
    "g": 0.0718702152,
    "b": 0.9632841,
    "a": 1
  },
  "InputPins":[
    {
      "Name":"IN B",
      "ID":1274376417,
      "Position":{
        "x":-6.75,
        "y":-1.6875
      },
      "BitCount":1,
      "Colour":0,
      "ValueDisplayMode":0
    },
    {
      "Name":"IN A",
      "ID":119103719,
      "Position":{
        "x":-6.75,
        "y":-2.1875
      },
      "BitCount":1,
      "Colour":0,
      "ValueDisplayMode":0
    }
  ],
  "OutputPins":[
    {
      "Name":"OUT",
      "ID":424647267,
      "Position":{
        "x":-2.0,
        "y":-1.875
      },
      "BitCount":1,
      "Colour":0,
      "ValueDisplayMode":0
    }
  ],
  "SubChips":[
    {
      "Name":"OR",
      "ID":1625270910,
      "Label":"",
      "Position":{
        "x":-5.265,
        "y":-1.875
      },
      "OutputPinColourInfo":[{"PinColour":0,"PinID":41096156}],
      "InternalData":null
    },
    {
      "Name":"NOT",
      "ID":1368403381,
      "Label":"",
      "Position":{
        "x":-4.015,
        "y":-1.875
      },
      "OutputPinColourInfo":[{"PinColour":0,"PinID":722248817}],
      "InternalData":null
    }
  ],
  "Wires":[
    {
      "SourcePinAddress":{
        "PinID":41096156,
        "PinOwnerID":1625270910
      },
      "TargetPinAddress":{
        "PinID":71014366,
        "PinOwnerID":1368403381
      },
      "ConnectionType":0,
      "ConnectedWireIndex":-1,
      "ConnectedWireSegmentIndex":-1,
      "Points":[{"x":0.0,"y":0.0},{"x":0.0,"y":0.0}]
    },
    {
      "SourcePinAddress":{
        "PinID":0,
        "PinOwnerID":1274376417
      },
      "TargetPinAddress":{
        "PinID":1059060280,
        "PinOwnerID":1625270910
      },
      "ConnectionType":0,
      "ConnectedWireIndex":-1,
      "ConnectedWireSegmentIndex":-1,
      "Points":[{"x":0.0,"y":0.0},{"x":-5.75,"y":-1.6875},{"x":-5.75,"y":-1.75},{"x":0.0,"y":0.0}]
    },
    {
      "SourcePinAddress":{
        "PinID":0,
        "PinOwnerID":119103719
      },
      "TargetPinAddress":{
        "PinID":198837197,
        "PinOwnerID":1625270910
      },
      "ConnectionType":0,
      "ConnectedWireIndex":-1,
      "ConnectedWireSegmentIndex":-1,
      "Points":[{"x":0.0,"y":0.0},{"x":-5.8125,"y":-2.1875},{"x":-5.8125,"y":-2.0},{"x":0.0,"y":0.0}]
    },
    {
      "SourcePinAddress":{
        "PinID":722248817,
        "PinOwnerID":1368403381
      },
      "TargetPinAddress":{
        "PinID":0,
        "PinOwnerID":424647267
      },
      "ConnectionType":0,
      "ConnectedWireIndex":-1,
      "ConnectedWireSegmentIndex":-1,
      "Points":[{"x":0.0,"y":0.0},{"x":0.0,"y":0.0}]
    }
  ],
  "Displays":[]
}