{
  "DLSVersion": "2.1.6",
  "Name": "NOT",
  "NameLocation": 0,
  "ChipType": 0,
  "Size": {
    "x": 0.95,
    "y": 0.375
  },
  "Colour": {
    "r": 0.791838944,
    "g": 0.08688443,
    "b": 0.08688443,
    "a": 1
  },
  "InputPins":[
    {
      "Name":"IN",
      "ID":71014366,
      "Position":{
        "x":-5.25,
        "y":-1.8125
      },
      "BitCount":1,
      "Colour":0,
      "ValueDisplayMode":0
    }
  ],
  "OutputPins":[
    {
      "Name":"OUT",
      "ID":722248817,
      "Position":{
        "x":-2.0,
        "y":-1.9375
      },
      "BitCount":1,
      "Colour":0,
      "ValueDisplayMode":0
    }
  ],
  "SubChips":[
    {
      "Name":"NAND",
      "ID":391957580,
      "Label":"",
      "Position":{
        "x":-3.625,
        "y":-1.9375
      },
      "OutputPinColourInfo":[{"PinColour":0,"PinID":2}],
      "InternalData":null
    }
  ],
  "Wires":[
    {
      "SourcePinAddress":{
        "PinID":0,
        "PinOwnerID":71014366
      },
      "TargetPinAddress":{
        "PinID":0,
        "PinOwnerID":391957580
      },
      "ConnectionType":0,
      "ConnectedWireIndex":-1,
      "ConnectedWireSegmentIndex":-1,
      "Points":[{"x":0.0,"y":0.0},{"x":0.0,"y":0.0}]
    },
    {
      "SourcePinAddress":{
        "PinID":0,
        "PinOwnerID":71014366
      },
      "TargetPinAddress":{
        "PinID":1,
        "PinOwnerID":391957580
      },
      "ConnectionType":1,
      "ConnectedWireIndex":0,
      "ConnectedWireSegmentIndex":0,
      "Points":[{"x":-4.3125,"y":-1.8125},{"x":-4.3125,"y":-2.0625},{"x":0.0,"y":0.0}]
    },
    {
      "SourcePinAddress":{
        "PinID":2,
        "PinOwnerID":391957580
      },
      "TargetPinAddress":{
        "PinID":0,
        "PinOwnerID":722248817
      },
      "ConnectionType":0,
      "ConnectedWireIndex":-1,
      "ConnectedWireSegmentIndex":-1,
      "Points":[{"x":0.0,"y":0.0},{"x":0.0,"y":0.0}]
    }
  ],
  "Displays":[]
}