{
  "DLSVersion": "2.1.6",
  "Name": "OUT",
  "NameLocation": 0,
  "ChipType": 0,
  "Size": {
    "x": 0.575,
    "y": 1.0
  },
  "Colour": {
    "r": 0.5198603,
    "g": 0.871410966,
    "b": 0.94295156,
    "a": 1
  },
  "InputPins":[
    {
      "Name":"IN",
      "ID":914340954,
      "Position":{
        "x":-1.25,
        "y":-1.5
      },
      "BitCount":8,
      "Colour":0,
      "ValueDisplayMode":0
    },
    {
      "Name":"IN",
      "ID":687529962,
      "Position":{
        "x":-1.25,
        "y":-2.125
      },
      "BitCount":1,
      "Colour":0,
      "ValueDisplayMode":0
    },
    {
      "Name":"IN",
      "ID":657222621,
      "Position":{
        "x":-1.25,
        "y":-3.1875
      },
      "BitCount":1,
      "Colour":0,
      "ValueDisplayMode":0
    }
  ],
  "OutputPins":[
    {
      "Name":"OUT",
      "ID":495223590,
      "Position":{
        "x":3.75,
        "y":-2.5625
      },
      "BitCount":8,
      "Colour":0,
      "ValueDisplayMode":0
    }
  ],
  "SubChips":[
    {
      "Name":"Stack Memory",
      "ID":352026209,
      "Label":"",
      "Position":{
        "x":1.7225,
        "y":-2.5625
      },
      "OutputPinColourInfo":[{"PinColour":0,"PinID":1162017490}],
      "InternalData":null
    },
    {
      "Name":"KEY",
      "ID":137152853,
      "Label":"",
      "Position":{
        "x":-0.8225,
        "y":-2.6875
      },
      "OutputPinColourInfo":[{"PinColour":0,"PinID":0}],
      "InternalData":[78]
    }
  ],
  "Wires":[
    {
      "SourcePinAddress":{
        "PinID":0,
        "PinOwnerID":137152853
      },
      "TargetPinAddress":{
        "PinID":1850562520,
        "PinOwnerID":352026209
      },
      "ConnectionType":0,
      "ConnectedWireIndex":-1,
      "ConnectedWireSegmentIndex":-1,
      "Points":[{"x":0.0,"y":0.0},{"x":0.0,"y":0.0}]
    },
    {
      "SourcePinAddress":{
        "PinID":0,
        "PinOwnerID":914340954
      },
      "TargetPinAddress":{
        "PinID":822896413,
        "PinOwnerID":352026209
      },
      "ConnectionType":0,
      "ConnectedWireIndex":-1,
      "ConnectedWireSegmentIndex":-1,
      "Points":[{"x":0.0,"y":0.0},{"x":0.5,"y":-1.5},{"x":0.5,"y":-2.0625},{"x":0.0,"y":0.0}]
    },
    {
      "SourcePinAddress":{
        "PinID":0,
        "PinOwnerID":687529962
      },
      "TargetPinAddress":{
        "PinID":191240773,
        "PinOwnerID":352026209
      },
      "ConnectionType":0,
      "ConnectedWireIndex":-1,
      "ConnectedWireSegmentIndex":-1,
      "Points":[{"x":0.0,"y":0.0},{"x":0.0625,"y":-2.125},{"x":0.0625,"y":-2.4375},{"x":0.0,"y":0.0}]
    },
    {
      "SourcePinAddress":{
        "PinID":0,
        "PinOwnerID":657222621
      },
      "TargetPinAddress":{
        "PinID":1194575747,
        "PinOwnerID":352026209
      },
      "ConnectionType":0,
      "ConnectedWireIndex":-1,
      "ConnectedWireSegmentIndex":-1,
      "Points":[{"x":0.0,"y":0.0},{"x":0.0625,"y":-3.1875},{"x":0.0625,"y":-2.9375},{"x":0.0,"y":0.0}]
    },
    {
      "SourcePinAddress":{
        "PinID":1162017490,
        "PinOwnerID":352026209
      },
      "TargetPinAddress":{
        "PinID":0,
        "PinOwnerID":495223590
      },
      "ConnectionType":0,
      "ConnectedWireIndex":-1,
      "ConnectedWireSegmentIndex":-1,
      "Points":[{"x":0.0,"y":0.0},{"x":0.0,"y":0.0}]
    }
  ],
  "Displays": null
}