{
  "DLSVersion": "2.1.6",
  "Name": "RAM-256x16",
  "NameLocation": 0,
  "ChipType": 0,
  "Size": {
    "x": 1.625,
    "y": 2.0
  },
  "Colour": {
    "r": 0.926345468,
    "g": 0.0281339921,
    "b": 0.8046366,
    "a": 1
  },
  "InputPins":[
    {
      "Name":"STORE",
      "ID":2030657807,
      "Position":{
        "x":-7.5,
        "y":2.3125
      },
      "BitCount":1,
      "Colour":2,
      "ValueDisplayMode":0
    },
    {
      "Name":"CLOCK",
      "ID":181612402,
      "Position":{
        "x":-7.5,
        "y":1.6875
      },
      "BitCount":1,
      "Colour":7,
      "ValueDisplayMode":0
    },
    {
      "Name":"ADDRESS",
      "ID":2145044347,
      "Position":{
        "x":-7.875,
        "y":0.875
      },
      "BitCount":8,
      "Colour":3,
      "ValueDisplayMode":0
    },
    {
      "Name":"DATA 1",
      "ID":428122615,
      "Position":{
        "x":-7.875,
        "y":0.25
      },
      "BitCount":8,
      "Colour":5,
      "ValueDisplayMode":0
    },
    {
      "Name":"DATA 0",
      "ID":1564392556,
      "Position":{
        "x":-7.875,
        "y":-0.3125
      },
      "BitCount":8,
      "Colour":5,
      "ValueDisplayMode":0
    }
  ],
  "OutputPins":[
    {
      "Name":"OUT 1",
      "ID":1977054545,
      "Position":{
        "x":0.125,
        "y":1.5
      },
      "BitCount":8,
      "Colour":0,
      "ValueDisplayMode":0
    },
    {
      "Name":"OUT 0",
      "ID":1078238822,
      "Position":{
        "x":0.0,
        "y":-0.1875
      },
      "BitCount":8,
      "Colour":0,
      "ValueDisplayMode":0
    }
  ],
  "SubChips":[
    {
      "Name":"RAM-256x8",
      "ID":1654846916,
      "Label":"",
      "Position":{
        "x":-3.6275,
        "y":1.5
      },
      "OutputPinColourInfo":[{"PinColour":0,"PinID":2024277515}],
      "InternalData":null
    },
    {
      "Name":"RAM-256x8",
      "ID":1093660349,
      "Label":"",
      "Position":{
        "x":-3.6275,
        "y":-0.1875
      },
      "OutputPinColourInfo":[{"PinColour":0,"PinID":2024277515}],
      "InternalData":null
    }
  ],
  "Wires":[
    {
      "SourcePinAddress":{
        "PinID":0,
        "PinOwnerID":2030657807
      },
      "TargetPinAddress":{
        "PinID":551527490,
        "PinOwnerID":1093660349
      },
      "ConnectionType":0,
      "ConnectedWireIndex":-1,
      "ConnectedWireSegmentIndex":-1,
      "Points":[{"x":0.0,"y":0.0},{"x":-4.6875,"y":2.3125},{"x":-4.6875,"y":0.4375},{"x":0.0,"y":0.0}]
    },
    {
      "SourcePinAddress":{
        "PinID":0,
        "PinOwnerID":2030657807
      },
      "TargetPinAddress":{
        "PinID":551527490,
        "PinOwnerID":1654846916
      },
      "ConnectionType":1,
      "ConnectedWireIndex":0,
      "ConnectedWireSegmentIndex":1,
      "Points":[{"x":-4.6875,"y":2.125},{"x":0.0,"y":0.0}]
    },
    {
      "SourcePinAddress":{
        "PinID":0,
        "PinOwnerID":181612402
      },
      "TargetPinAddress":{
        "PinID":19007639,
        "PinOwnerID":1654846916
      },
      "ConnectionType":0,
      "ConnectedWireIndex":-1,
      "ConnectedWireSegmentIndex":-1,
      "Points":[{"x":0.0,"y":0.0},{"x":-5.9375,"y":1.6875},{"x":-5.9375,"y":1.875},{"x":0.0,"y":0.0}]
    },
    {
      "SourcePinAddress":{
        "PinID":0,
        "PinOwnerID":181612402
      },
      "TargetPinAddress":{
        "PinID":19007639,
        "PinOwnerID":1093660349
      },
      "ConnectionType":1,
      "ConnectedWireIndex":2,
      "ConnectedWireSegmentIndex":2,
      "Points":[{"x":-5.625,"y":1.875},{"x":-5.625,"y":0.1875},{"x":0.0,"y":0.0}]
    },
    {
      "SourcePinAddress":{
        "PinID":0,
        "PinOwnerID":2145044347
      },
      "TargetPinAddress":{
        "PinID":1414611488,
        "PinOwnerID":1654846916
      },
      "ConnectionType":0,
      "ConnectedWireIndex":-1,
      "ConnectedWireSegmentIndex":-1,
      "Points":[{"x":0.0,"y":0.0},{"x":-6.5,"y":0.875},{"x":-5.5,"y":0.875},{"x":-5.5,"y":1.5},{"x":0.0,"y":0.0}]
    },
    {
      "SourcePinAddress":{
        "PinID":0,
        "PinOwnerID":2145044347
      },
      "TargetPinAddress":{
        "PinID":1414611488,
        "PinOwnerID":1093660349
      },
      "ConnectionType":1,
      "ConnectedWireIndex":4,
      "ConnectedWireSegmentIndex":1,
      "Points":[{"x":-5.8125,"y":0.875},{"x":-5.8125,"y":-0.1875},{"x":0.0,"y":0.0}]
    },
    {
      "SourcePinAddress":{
        "PinID":0,
        "PinOwnerID":428122615
      },
      "TargetPinAddress":{
        "PinID":2075626437,
        "PinOwnerID":1654846916
      },
      "ConnectionType":0,
      "ConnectedWireIndex":-1,
      "ConnectedWireSegmentIndex":-1,
      "Points":[{"x":0.0,"y":0.0},{"x":-5.125,"y":0.25},{"x":-5.125,"y":1.0},{"x":0.0,"y":0.0}]
    },
    {
      "SourcePinAddress":{
        "PinID":0,
        "PinOwnerID":1564392556
      },
      "TargetPinAddress":{
        "PinID":2075626437,
        "PinOwnerID":1093660349
      },
      "ConnectionType":0,
      "ConnectedWireIndex":-1,
      "ConnectedWireSegmentIndex":-1,
      "Points":[{"x":0.0,"y":0.0},{"x":-6.3125,"y":-0.3125},{"x":-6.3125,"y":-0.6875},{"x":0.0,"y":0.0}]
    },
    {
      "SourcePinAddress":{
        "PinID":2024277515,
        "PinOwnerID":1093660349
      },
      "TargetPinAddress":{
        "PinID":0,
        "PinOwnerID":1078238822
      },
      "ConnectionType":0,
      "ConnectedWireIndex":-1,
      "ConnectedWireSegmentIndex":-1,
      "Points":[{"x":0.0,"y":0.0},{"x":0.0,"y":0.0}]
    },
    {
      "SourcePinAddress":{
        "PinID":2024277515,
        "PinOwnerID":1654846916
      },
      "TargetPinAddress":{
        "PinID":0,
        "PinOwnerID":1977054545
      },
      "ConnectionType":0,
      "ConnectedWireIndex":-1,
      "ConnectedWireSegmentIndex":-1,
      "Points":[{"x":0.0,"y":0.0},{"x":0.0,"y":0.0}]
    }
  ],
  "Displays": null
}