{
  "DLSVersion": "2.1.6",
  "Name": "RAM-256x8",
  "NameLocation": 0,
  "ChipType": 0,
  "Size": {
    "x": 1.475,
    "y": 1.5
  },
  "Colour": {
    "r": 0.395959646,
    "g": 0.447849125,
    "b": 0.1492992,
    "a": 1
  },
  "InputPins":[
    {
      "Name":"STORE",
      "ID":551527490,
      "Position":{
        "x":-10.5,
        "y":2.625
      },
      "BitCount":1,
      "Colour":2,
      "ValueDisplayMode":0
    },
    {
      "Name":"CLOCK",
      "ID":19007639,
      "Position":{
        "x":-10.5,
        "y":2.0
      },
      "BitCount":1,
      "Colour":7,
      "ValueDisplayMode":0
    },
    {
      "Name":"ADDRESS",
      "ID":1414611488,
      "Position":{
        "x":-10.5,
        "y":1.25
      },
      "BitCount":8,
      "Colour":3,
      "ValueDisplayMode":0
    },
    {
      "Name":"DATA",
      "ID":2075626437,
      "Position":{
        "x":-10.5,
        "y":0.5625
      },
      "BitCount":8,
      "Colour":5,
      "ValueDisplayMode":0
    }
  ],
  "OutputPins":[
    {
      "Name":"OUT",
      "ID":2024277515,
      "Position":{
        "x":6.0,
        "y":0.0625
      },
      "BitCount":8,
      "Colour":0,
      "ValueDisplayMode":0
    }
  ],
  "SubChips":[
    {
      "Name":"DECIMAL-8",
      "ID":607977068,
      "Label":"",
      "Position":{
        "x":7.61,
        "y":-1.8125
      },
      "OutputPinColourInfo":[],
      "InternalData":null
    },
    {
      "Name":"D FLIP-FLOP",
      "ID":2116310584,
      "Label":"",
      "Position":{
        "x":-5.5025,
        "y":2.5
      },
      "OutputPinColourInfo":[{"PinColour":2,"PinID":559884082}],
      "InternalData":null
    },
    {
      "Name":"8-BIT REGISTER",
      "ID":103988609,
      "Label":"ADDRESS",
      "Position":{
        "x":-5.265,
        "y":1.1875
      },
      "OutputPinColourInfo":[{"PinColour":3,"PinID":1787405944}],
      "InternalData":null
    },
    {
      "Name":"8-BIT REGISTER",
      "ID":1773833350,
      "Label":"DATA",
      "Position":{
        "x":-5.14,
        "y":-1.0
      },
      "OutputPinColourInfo":[{"PinColour":5,"PinID":1787405944}],
      "InternalData":null
    },
    {
      "Name":"NOT",
      "ID":937491706,
      "Label":"",
      "Position":{
        "x":-7.265,
        "y":1.0625
      },
      "OutputPinColourInfo":[{"PinColour":0,"PinID":722248817}],
      "InternalData":null
    },
    {
      "Name":"EQUALS-8",
      "ID":1769600151,
      "Label":"",
      "Position":{
        "x":-2.3275,
        "y":0.4375
      },
      "OutputPinColourInfo":[{"PinColour":3,"PinID":2137705868}],
      "InternalData":null
    },
    {
      "Name":"AND",
      "ID":1131912972,
      "Label":"",
      "Position":{
        "x":-0.8275,
        "y":0.5625
      },
      "OutputPinColourInfo":[{"PinColour":2,"PinID":1934042572}],
      "InternalData":null
    },
    {
      "Name":"RAM-16x8",
      "ID":1544199522,
      "Label":"",
      "Position":{
        "x":3.41,
        "y":0.0625
      },
      "OutputPinColourInfo":[{"PinColour":0,"PinID":1670628018}],
      "InternalData":null
    },
    {
      "Name":"8-4BIT",
      "ID":287057323,
      "Label":"",
      "Position":{
        "x":1.1975,
        "y":0.1875
      },
      "OutputPinColourInfo":[{"PinColour":0,"PinID":1},{"PinColour":0,"PinID":2}],
      "InternalData":null
    }
  ],
  "Wires":[
    {
      "SourcePinAddress":{
        "PinID":0,
        "PinOwnerID":551527490
      },
      "TargetPinAddress":{
        "PinID":712733745,
        "PinOwnerID":2116310584
      },
      "ConnectionType":0,
      "ConnectedWireIndex":-1,
      "ConnectedWireSegmentIndex":-1,
      "Points":[{"x":0.0,"y":0.0},{"x":0.0,"y":0.0}]
    },
    {
      "SourcePinAddress":{
        "PinID":0,
        "PinOwnerID":19007639
      },
      "TargetPinAddress":{
        "PinID":93034039,
        "PinOwnerID":2116310584
      },
      "ConnectionType":0,
      "ConnectedWireIndex":-1,
      "ConnectedWireSegmentIndex":-1,
      "Points":[{"x":0.0,"y":0.0},{"x":-9.1875,"y":2.0},{"x":-9.1875,"y":2.375},{"x":0.0,"y":0.0}]
    },
    {
      "SourcePinAddress":{
        "PinID":722248817,
        "PinOwnerID":937491706
      },
      "TargetPinAddress":{
        "PinID":1560685193,
        "PinOwnerID":103988609
      },
      "ConnectionType":0,
      "ConnectedWireIndex":-1,
      "ConnectedWireSegmentIndex":-1,
      "Points":[{"x":0.0,"y":0.0},{"x":0.0,"y":0.0}]
    },
    {
      "SourcePinAddress":{
        "PinID":0,
        "PinOwnerID":551527490
      },
      "TargetPinAddress":{
        "PinID":1560685193,
        "PinOwnerID":1773833350
      },
      "ConnectionType":1,
      "ConnectedWireIndex":0,
      "ConnectedWireSegmentIndex":0,
      "Points":[{"x":-7.5,"y":2.625},{"x":-7.5,"y":1.625},{"x":-8.125,"y":1.625},{"x":-8.125,"y":-1.125},{"x":0.0,"y":0.0}]
    },
    {
      "SourcePinAddress":{
        "PinID":0,
        "PinOwnerID":19007639
      },
      "TargetPinAddress":{
        "PinID":1746065636,
        "PinOwnerID":1773833350
      },
      "ConnectionType":1,
      "ConnectedWireIndex":1,
      "ConnectedWireSegmentIndex":2,
      "Points":[{"x":-8.25,"y":2.375},{"x":-8.25,"y":-1.75},{"x":0.0,"y":0.0}]
    },
    {
      "SourcePinAddress":{
        "PinID":0,
        "PinOwnerID":2075626437
      },
      "TargetPinAddress":{
        "PinID":1171991990,
        "PinOwnerID":1773833350
      },
      "ConnectionType":0,
      "ConnectedWireIndex":-1,
      "ConnectedWireSegmentIndex":-1,
      "Points":[{"x":0.0,"y":0.0},{"x":-8.875,"y":0.5625},{"x":-8.875,"y":-0.375},{"x":0.0,"y":0.0}]
    },
    {
      "SourcePinAddress":{
        "PinID":0,
        "PinOwnerID":1414611488
      },
      "TargetPinAddress":{
        "PinID":1171991990,
        "PinOwnerID":103988609
      },
      "ConnectionType":0,
      "ConnectedWireIndex":-1,
      "ConnectedWireSegmentIndex":-1,
      "Points":[{"x":0.0,"y":0.0},{"x":-8.8125,"y":1.25},{"x":-8.8125,"y":1.8125},{"x":0.0,"y":0.0}]
    },
    {
      "SourcePinAddress":{
        "PinID":0,
        "PinOwnerID":1414611488
      },
      "TargetPinAddress":{
        "PinID":1839877269,
        "PinOwnerID":1769600151
      },
      "ConnectionType":1,
      "ConnectedWireIndex":6,
      "ConnectedWireSegmentIndex":1,
      "Points":[{"x":-8.8125,"y":1.3125},{"x":-8.8125,"y":0.1875},{"x":0.0,"y":0.0}]
    },
    {
      "SourcePinAddress":{
        "PinID":1787405944,
        "PinOwnerID":103988609
      },
      "TargetPinAddress":{
        "PinID":1230431423,
        "PinOwnerID":1769600151
      },
      "ConnectionType":0,
      "ConnectedWireIndex":-1,
      "ConnectedWireSegmentIndex":-1,
      "Points":[{"x":0.0,"y":0.0},{"x":-3.75,"y":1.1875},{"x":-3.75,"y":0.6875},{"x":0.0,"y":0.0}]
    },
    {
      "SourcePinAddress":{
        "PinID":2137705868,
        "PinOwnerID":1769600151
      },
      "TargetPinAddress":{
        "PinID":1522459734,
        "PinOwnerID":1131912972
      },
      "ConnectionType":0,
      "ConnectedWireIndex":-1,
      "ConnectedWireSegmentIndex":-1,
      "Points":[{"x":0.0,"y":0.0},{"x":0.0,"y":0.0}]
    },
    {
      "SourcePinAddress":{
        "PinID":559884082,
        "PinOwnerID":2116310584
      },
      "TargetPinAddress":{
        "PinID":818357688,
        "PinOwnerID":1131912972
      },
      "ConnectionType":0,
      "ConnectedWireIndex":-1,
      "ConnectedWireSegmentIndex":-1,
      "Points":[{"x":0.0,"y":0.0},{"x":-2.9375,"y":2.5},{"x":-2.9375,"y":1.75},{"x":-1.375,"y":1.75},{"x":-1.375,"y":0.6875},{"x":0.0,"y":0.0}]
    },
    {
      "SourcePinAddress":{
        "PinID":0,
        "PinOwnerID":19007639
      },
      "TargetPinAddress":{
        "PinID":1746065636,
        "PinOwnerID":103988609
      },
      "ConnectionType":1,
      "ConnectedWireIndex":4,
      "ConnectedWireSegmentIndex":0,
      "Points":[{"x":-8.25,"y":0.4375},{"x":0.0,"y":0.0}]
    },
    {
      "SourcePinAddress":{
        "PinID":1670628018,
        "PinOwnerID":1544199522
      },
      "TargetPinAddress":{
        "PinID":0,
        "PinOwnerID":2024277515
      },
      "ConnectionType":0,
      "ConnectedWireIndex":-1,
      "ConnectedWireSegmentIndex":-1,
      "Points":[{"x":0.0,"y":0.0},{"x":0.0,"y":0.0}]
    },
    {
      "SourcePinAddress":{
        "PinID":2,
        "PinOwnerID":287057323
      },
      "TargetPinAddress":{
        "PinID":1743992417,
        "PinOwnerID":1544199522
      },
      "ConnectionType":0,
      "ConnectedWireIndex":-1,
      "ConnectedWireSegmentIndex":-1,
      "Points":[{"x":0.0,"y":0.0},{"x":0.0,"y":0.0}]
    },
    {
      "SourcePinAddress":{
        "PinID":0,
        "PinOwnerID":1414611488
      },
      "TargetPinAddress":{
        "PinID":0,
        "PinOwnerID":287057323
      },
      "ConnectionType":1,
      "ConnectedWireIndex":7,
      "ConnectedWireSegmentIndex":1,
      "Points":[{"x":-3.375,"y":0.1875},{"x":0.0,"y":0.0}]
    },
    {
      "SourcePinAddress":{
        "PinID":1787405944,
        "PinOwnerID":1773833350
      },
      "TargetPinAddress":{
        "PinID":2137462401,
        "PinOwnerID":1544199522
      },
      "ConnectionType":0,
      "ConnectedWireIndex":-1,
      "ConnectedWireSegmentIndex":-1,
      "Points":[{"x":0.0,"y":0.0},{"x":0.0,"y":0.0}]
    },
    {
      "SourcePinAddress":{
        "PinID":1670628018,
        "PinOwnerID":1544199522
      },
      "TargetPinAddress":{
        "PinID":311779829,
        "PinOwnerID":607977068
      },
      "ConnectionType":1,
      "ConnectedWireIndex":12,
      "ConnectedWireSegmentIndex":0,
      "Points":[{"x":4.4375,"y":0.0625},{"x":4.4375,"y":-1.8125},{"x":0.0,"y":0.0}]
    }
  ],
  "Displays": null
}