{
  "DLSVersion": "2.1.6",
  "Name": "RAM-256x8 (async)",
  "NameLocation": 0,
  "ChipType": 0,
  "Size": {
    "x": 1.55,
    "y": 1.25
  },
  "Colour": {
    "r": 0.8565999,
    "g": 0.8233703,
    "b": 0.0542385131,
    "a": 1
  },
  "InputPins":[
    {
      "Name":"STORE",
      "ID":130550825,
      "Position":{
        "x":-10.375,
        "y":4.6875
      },
      "BitCount":1,
      "Colour":2,
      "ValueDisplayMode":0
    },
    {
      "Name":"ADDRESS",
      "ID":1302084041,
      "Position":{
        "x":-10.375,
        "y":4.125
      },
      "BitCount":8,
      "Colour":6,
      "ValueDisplayMode":0
    },
    {
      "Name":"IN",
      "ID":2137462401,
      "Position":{
        "x":-10.375,
        "y":3.5
      },
      "BitCount":8,
      "Colour":5,
      "ValueDisplayMode":0
    }
  ],
  "OutputPins":[
    {
      "Name":"OUT",
      "ID":1670628018,
      "Position":{
        "x":8.5,
        "y":-0.125
      },
      "BitCount":8,
      "Colour":0,
      "ValueDisplayMode":0
    }
  ],
  "SubChips":[
    {
      "Name":"MEM-256",
      "ID":912591035,
      "Label":"",
      "Position":{
        "x":-4.4025,
        "y":4.0
      },
      "OutputPinColourInfo":[{"PinColour":0,"PinID":1557935287}],
      "InternalData":null
    },
    {
      "Name":"MEM-256",
      "ID":2113229438,
      "Label":"",
      "Position":{
        "x":-4.4025,
        "y":2.5625
      },
      "OutputPinColourInfo":[{"PinColour":0,"PinID":1557935287}],
      "InternalData":null
    },
    {
      "Name":"MEM-256",
      "ID":1132500116,
      "Label":"",
      "Position":{
        "x":-4.4025,
        "y":1.125
      },
      "OutputPinColourInfo":[{"PinColour":0,"PinID":1557935287}],
      "InternalData":null
    },
    {
      "Name":"MEM-256",
      "ID":175067137,
      "Label":"",
      "Position":{
        "x":-4.4025,
        "y":-0.3125
      },
      "OutputPinColourInfo":[{"PinColour":0,"PinID":1557935287}],
      "InternalData":null
    },
    {
      "Name":"MEM-256",
      "ID":853775840,
      "Label":"",
      "Position":{
        "x":0.8475,
        "y":4.0
      },
      "OutputPinColourInfo":[{"PinColour":0,"PinID":1557935287}],
      "InternalData":null
    },
    {
      "Name":"MEM-256",
      "ID":919442271,
      "Label":"",
      "Position":{
        "x":0.8475,
        "y":2.5625
      },
      "OutputPinColourInfo":[{"PinColour":0,"PinID":1557935287}],
      "InternalData":null
    },
    {
      "Name":"MEM-256",
      "ID":278340493,
      "Label":"",
      "Position":{
        "x":0.8475,
        "y":1.125
      },
      "OutputPinColourInfo":[{"PinColour":0,"PinID":1557935287}],
      "InternalData":null
    },
    {
      "Name":"MEM-256",
      "ID":33623795,
      "Label":"",
      "Position":{
        "x":0.8475,
        "y":-0.3125
      },
      "OutputPinColourInfo":[{"PinColour":0,"PinID":1557935287}],
      "InternalData":null
    },
    {
      "Name":"8-1BIT",
      "ID":934287305,
      "Label":"",
      "Position":{
        "x":-8.3025,
        "y":2.0625
      },
      "OutputPinColourInfo":[{"PinColour":5,"PinID":1},{"PinColour":5,"PinID":2},{"PinColour":5,"PinID":3},{"PinColour":5,"PinID":4},{"PinColour":5,"PinID":5},{"PinColour":5,"PinID":6},{"PinColour":5,"PinID":7},{"PinColour":5,"PinID":8}],
      "InternalData":null
    },
    {
      "Name":"1-4BIT",
      "ID":770632444,
      "Label":"",
      "Position":{
        "x":3.0725,
        "y":3.25
      },
      "OutputPinColourInfo":[{"PinColour":0,"PinID":4}],
      "InternalData":null
    },
    {
      "Name":"1-4BIT",
      "ID":1785626380,
      "Label":"",
      "Position":{
        "x":-0.5525,
        "y":-2.4375
      },
      "OutputPinColourInfo":[{"PinColour":0,"PinID":4}],
      "InternalData":null
    },
    {
      "Name":"4-8BIT",
      "ID":1662571749,
      "Label":"",
      "Position":{
        "x":6.0725,
        "y":-0.125
      },
      "OutputPinColourInfo":[{"PinColour":0,"PinID":2}],
      "InternalData":null
    },
    {
      "Name":"DECIMAL-8",
      "ID":1859263154,
      "Label":"",
      "Position":{
        "x":6.86,
        "y":-3.375
      },
      "OutputPinColourInfo":[],
      "InternalData":null
    }
  ],
  "Wires":[
    {
      "SourcePinAddress":{
        "PinID":0,
        "PinOwnerID":2137462401
      },
      "TargetPinAddress":{
        "PinID":0,
        "PinOwnerID":934287305
      },
      "ConnectionType":0,
      "ConnectedWireIndex":-1,
      "ConnectedWireSegmentIndex":-1,
      "Points":[{"x":0.0,"y":0.0},{"x":-9.125,"y":3.5},{"x":-9.125,"y":2.0625},{"x":0.0,"y":0.0}]
    },
    {
      "SourcePinAddress":{
        "PinID":1,
        "PinOwnerID":934287305
      },
      "TargetPinAddress":{
        "PinID":736100965,
        "PinOwnerID":912591035
      },
      "ConnectionType":0,
      "ConnectedWireIndex":-1,
      "ConnectedWireSegmentIndex":-1,
      "Points":[{"x":0.0,"y":0.0},{"x":-7.25,"y":2.9375},{"x":-7.25,"y":4.375},{"x":0.0,"y":0.0}]
    },
    {
      "SourcePinAddress":{
        "PinID":2,
        "PinOwnerID":934287305
      },
      "TargetPinAddress":{
        "PinID":736100965,
        "PinOwnerID":2113229438
      },
      "ConnectionType":0,
      "ConnectedWireIndex":-1,
      "ConnectedWireSegmentIndex":-1,
      "Points":[{"x":0.0,"y":0.0},{"x":-6.5,"y":2.6875},{"x":-6.5,"y":2.9375},{"x":0.0,"y":0.0}]
    },
    {
      "SourcePinAddress":{
        "PinID":3,
        "PinOwnerID":934287305
      },
      "TargetPinAddress":{
        "PinID":736100965,
        "PinOwnerID":1132500116
      },
      "ConnectionType":0,
      "ConnectedWireIndex":-1,
      "ConnectedWireSegmentIndex":-1,
      "Points":[{"x":0.0,"y":0.0},{"x":-6.0625,"y":2.4375},{"x":-6.0625,"y":1.5},{"x":0.0,"y":0.0}]
    },
    {
      "SourcePinAddress":{
        "PinID":4,
        "PinOwnerID":934287305
      },
      "TargetPinAddress":{
        "PinID":736100965,
        "PinOwnerID":175067137
      },
      "ConnectionType":0,
      "ConnectedWireIndex":-1,
      "ConnectedWireSegmentIndex":-1,
      "Points":[{"x":0.0,"y":0.0},{"x":-6.4375,"y":2.1875},{"x":-6.4375,"y":0.0625},{"x":0.0,"y":0.0}]
    },
    {
      "SourcePinAddress":{
        "PinID":5,
        "PinOwnerID":934287305
      },
      "TargetPinAddress":{
        "PinID":736100965,
        "PinOwnerID":853775840
      },
      "ConnectionType":0,
      "ConnectedWireIndex":-1,
      "ConnectedWireSegmentIndex":-1,
      "Points":[{"x":0.0,"y":0.0},{"x":-7.25,"y":1.9375},{"x":-7.25,"y":-1.0625},{"x":-1.0625,"y":-1.0625},{"x":-1.0625,"y":4.375},{"x":0.0,"y":0.0}]
    },
    {
      "SourcePinAddress":{
        "PinID":6,
        "PinOwnerID":934287305
      },
      "TargetPinAddress":{
        "PinID":736100965,
        "PinOwnerID":919442271
      },
      "ConnectionType":0,
      "ConnectedWireIndex":-1,
      "ConnectedWireSegmentIndex":-1,
      "Points":[{"x":0.0,"y":0.0},{"x":-7.375,"y":1.6875},{"x":-7.375,"y":-1.125},{"x":-0.8125,"y":-1.125},{"x":-0.8125,"y":3.0},{"x":-0.5,"y":3.0},{"x":-0.5,"y":2.9375},{"x":0.0,"y":0.0}]
    },
    {
      "SourcePinAddress":{
        "PinID":7,
        "PinOwnerID":934287305
      },
      "TargetPinAddress":{
        "PinID":736100965,
        "PinOwnerID":278340493
      },
      "ConnectionType":0,
      "ConnectedWireIndex":-1,
      "ConnectedWireSegmentIndex":-1,
      "Points":[{"x":0.0,"y":0.0},{"x":-7.5,"y":1.4375},{"x":-7.5,"y":-1.4375},{"x":-0.625,"y":-1.4375},{"x":-0.625,"y":1.5},{"x":0.0,"y":0.0}]
    },
    {
      "SourcePinAddress":{
        "PinID":8,
        "PinOwnerID":934287305
      },
      "TargetPinAddress":{
        "PinID":736100965,
        "PinOwnerID":33623795
      },
      "ConnectionType":0,
      "ConnectedWireIndex":-1,
      "ConnectedWireSegmentIndex":-1,
      "Points":[{"x":0.0,"y":0.0},{"x":-7.73,"y":-1.8125},{"x":-0.5,"y":-1.8125},{"x":-0.5,"y":0.0625},{"x":0.0,"y":0.0}]
    },
    {
      "SourcePinAddress":{
        "PinID":0,
        "PinOwnerID":1302084041
      },
      "TargetPinAddress":{
        "PinID":2103925557,
        "PinOwnerID":33623795
      },
      "ConnectionType":0,
      "ConnectedWireIndex":-1,
      "ConnectedWireSegmentIndex":-1,
      "Points":[{"x":0.0,"y":0.0},{"x":-7.625,"y":4.125},{"x":-7.625,"y":4.9375},{"x":-0.875,"y":4.9375},{"x":-0.875,"y":-0.5625},{"x":0.0,"y":0.0}]
    },
    {
      "SourcePinAddress":{
        "PinID":0,
        "PinOwnerID":1302084041
      },
      "TargetPinAddress":{
        "PinID":2103925557,
        "PinOwnerID":278340493
      },
      "ConnectionType":1,
      "ConnectedWireIndex":9,
      "ConnectedWireSegmentIndex":3,
      "Points":[{"x":-0.875,"y":0.875},{"x":0.0,"y":0.0}]
    },
    {
      "SourcePinAddress":{
        "PinID":0,
        "PinOwnerID":1302084041
      },
      "TargetPinAddress":{
        "PinID":2103925557,
        "PinOwnerID":919442271
      },
      "ConnectionType":1,
      "ConnectedWireIndex":9,
      "ConnectedWireSegmentIndex":3,
      "Points":[{"x":-0.875,"y":2.3125},{"x":0.0,"y":0.0}]
    },
    {
      "SourcePinAddress":{
        "PinID":0,
        "PinOwnerID":1302084041
      },
      "TargetPinAddress":{
        "PinID":2103925557,
        "PinOwnerID":853775840
      },
      "ConnectionType":1,
      "ConnectedWireIndex":9,
      "ConnectedWireSegmentIndex":3,
      "Points":[{"x":-0.875,"y":3.75},{"x":0.0,"y":0.0}]
    },
    {
      "SourcePinAddress":{
        "PinID":0,
        "PinOwnerID":1302084041
      },
      "TargetPinAddress":{
        "PinID":2103925557,
        "PinOwnerID":175067137
      },
      "ConnectionType":1,
      "ConnectedWireIndex":9,
      "ConnectedWireSegmentIndex":2,
      "Points":[{"x":-5.75,"y":4.9375},{"x":-5.75,"y":-0.5625},{"x":0.0,"y":0.0}]
    },
    {
      "SourcePinAddress":{
        "PinID":0,
        "PinOwnerID":1302084041
      },
      "TargetPinAddress":{
        "PinID":2103925557,
        "PinOwnerID":1132500116
      },
      "ConnectionType":1,
      "ConnectedWireIndex":13,
      "ConnectedWireSegmentIndex":0,
      "Points":[{"x":-5.75,"y":0.875},{"x":0.0,"y":0.0}]
    },
    {
      "SourcePinAddress":{
        "PinID":0,
        "PinOwnerID":1302084041
      },
      "TargetPinAddress":{
        "PinID":2103925557,
        "PinOwnerID":2113229438
      },
      "ConnectionType":1,
      "ConnectedWireIndex":13,
      "ConnectedWireSegmentIndex":0,
      "Points":[{"x":-5.75,"y":2.3125},{"x":0.0,"y":0.0}]
    },
    {
      "SourcePinAddress":{
        "PinID":0,
        "PinOwnerID":1302084041
      },
      "TargetPinAddress":{
        "PinID":2103925557,
        "PinOwnerID":912591035
      },
      "ConnectionType":1,
      "ConnectedWireIndex":13,
      "ConnectedWireSegmentIndex":0,
      "Points":[{"x":-5.75,"y":3.75},{"x":0.0,"y":0.0}]
    },
    {
      "SourcePinAddress":{
        "PinID":0,
        "PinOwnerID":130550825
      },
      "TargetPinAddress":{
        "PinID":2050946894,
        "PinOwnerID":33623795
      },
      "ConnectionType":0,
      "ConnectedWireIndex":-1,
      "ConnectedWireSegmentIndex":-1,
      "Points":[{"x":0.0,"y":0.0},{"x":-9.1875,"y":4.6875},{"x":-9.1875,"y":5.375},{"x":-0.3125,"y":5.375},{"x":-0.3125,"y":-0.1875},{"x":0.0,"y":0.0}]
    },
    {
      "SourcePinAddress":{
        "PinID":0,
        "PinOwnerID":130550825
      },
      "TargetPinAddress":{
        "PinID":2050946894,
        "PinOwnerID":278340493
      },
      "ConnectionType":1,
      "ConnectedWireIndex":17,
      "ConnectedWireSegmentIndex":3,
      "Points":[{"x":-0.3125,"y":1.25},{"x":0.0,"y":0.0}]
    },
    {
      "SourcePinAddress":{
        "PinID":0,
        "PinOwnerID":130550825
      },
      "TargetPinAddress":{
        "PinID":2050946894,
        "PinOwnerID":919442271
      },
      "ConnectionType":1,
      "ConnectedWireIndex":17,
      "ConnectedWireSegmentIndex":3,
      "Points":[{"x":-0.3125,"y":2.6875},{"x":0.0,"y":0.0}]
    },
    {
      "SourcePinAddress":{
        "PinID":0,
        "PinOwnerID":130550825
      },
      "TargetPinAddress":{
        "PinID":2050946894,
        "PinOwnerID":853775840
      },
      "ConnectionType":1,
      "ConnectedWireIndex":17,
      "ConnectedWireSegmentIndex":3,
      "Points":[{"x":-0.3125,"y":4.125},{"x":0.0,"y":0.0}]
    },
    {
      "SourcePinAddress":{
        "PinID":0,
        "PinOwnerID":130550825
      },
      "TargetPinAddress":{
        "PinID":2050946894,
        "PinOwnerID":175067137
      },
      "ConnectionType":1,
      "ConnectedWireIndex":17,
      "ConnectedWireSegmentIndex":2,
      "Points":[{"x":-5.1875,"y":5.375},{"x":-5.1875,"y":-0.1875},{"x":0.0,"y":0.0}]
    },
    {
      "SourcePinAddress":{
        "PinID":0,
        "PinOwnerID":130550825
      },
      "TargetPinAddress":{
        "PinID":2050946894,
        "PinOwnerID":1132500116
      },
      "ConnectionType":1,
      "ConnectedWireIndex":21,
      "ConnectedWireSegmentIndex":0,
      "Points":[{"x":-5.1875,"y":1.25},{"x":0.0,"y":0.0}]
    },
    {
      "SourcePinAddress":{
        "PinID":0,
        "PinOwnerID":130550825
      },
      "TargetPinAddress":{
        "PinID":2050946894,
        "PinOwnerID":2113229438
      },
      "ConnectionType":1,
      "ConnectedWireIndex":21,
      "ConnectedWireSegmentIndex":0,
      "Points":[{"x":-5.1875,"y":2.6875},{"x":0.0,"y":0.0}]
    },
    {
      "SourcePinAddress":{
        "PinID":0,
        "PinOwnerID":130550825
      },
      "TargetPinAddress":{
        "PinID":2050946894,
        "PinOwnerID":912591035
      },
      "ConnectionType":1,
      "ConnectedWireIndex":21,
      "ConnectedWireSegmentIndex":0,
      "Points":[{"x":-5.1875,"y":4.125},{"x":-5.25,"y":4.125},{"x":0.0,"y":0.0}]
    },
    {
      "SourcePinAddress":{
        "PinID":4,
        "PinOwnerID":770632444
      },
      "TargetPinAddress":{
        "PinID":1,
        "PinOwnerID":1662571749
      },
      "ConnectionType":0,
      "ConnectedWireIndex":-1,
      "ConnectedWireSegmentIndex":-1,
      "Points":[{"x":0.0,"y":0.0},{"x":5.0,"y":3.25},{"x":5.0,"y":-0.3125},{"x":0.0,"y":0.0}]
    },
    {
      "SourcePinAddress":{
        "PinID":4,
        "PinOwnerID":1785626380
      },
      "TargetPinAddress":{
        "PinID":0,
        "PinOwnerID":1662571749
      },
      "ConnectionType":0,
      "ConnectedWireIndex":-1,
      "ConnectedWireSegmentIndex":-1,
      "Points":[{"x":0.0,"y":0.0},{"x":4.0625,"y":-2.4375},{"x":4.0625,"y":0.0625},{"x":0.0,"y":0.0}]
    },
    {
      "SourcePinAddress":{
        "PinID":2,
        "PinOwnerID":1662571749
      },
      "TargetPinAddress":{
        "PinID":0,
        "PinOwnerID":1670628018
      },
      "ConnectionType":0,
      "ConnectedWireIndex":-1,
      "ConnectedWireSegmentIndex":-1,
      "Points":[{"x":0.0,"y":0.0},{"x":0.0,"y":0.0}]
    },
    {
      "SourcePinAddress":{
        "PinID":2,
        "PinOwnerID":1662571749
      },
      "TargetPinAddress":{
        "PinID":311779829,
        "PinOwnerID":1859263154
      },
      "ConnectionType":1,
      "ConnectedWireIndex":27,
      "ConnectedWireSegmentIndex":0,
      "Points":[{"x":7.0625,"y":-0.125},{"x":7.0625,"y":-1.625},{"x":4.5,"y":-1.625},{"x":4.5,"y":-3.375},{"x":0.0,"y":0.0}]
    },
    {
      "SourcePinAddress":{
        "PinID":1557935287,
        "PinOwnerID":175067137
      },
      "TargetPinAddress":{
        "PinID":3,
        "PinOwnerID":1785626380
      },
      "ConnectionType":0,
      "ConnectedWireIndex":-1,
      "ConnectedWireSegmentIndex":-1,
      "Points":[{"x":0.0,"y":0.0},{"x":-1.75,"y":-0.3125},{"x":-1.75,"y":-2.8125},{"x":0.0,"y":0.0}]
    },
    {
      "SourcePinAddress":{
        "PinID":1557935287,
        "PinOwnerID":1132500116
      },
      "TargetPinAddress":{
        "PinID":2,
        "PinOwnerID":1785626380
      },
      "ConnectionType":0,
      "ConnectedWireIndex":-1,
      "ConnectedWireSegmentIndex":-1,
      "Points":[{"x":0.0,"y":0.0},{"x":-3.625,"y":1.125},{"x":-3.625,"y":0.0625},{"x":-1.4375,"y":0.0625},{"x":-1.4375,"y":-2.5625},{"x":0.0,"y":0.0}]
    },
    {
      "SourcePinAddress":{
        "PinID":1557935287,
        "PinOwnerID":2113229438
      },
      "TargetPinAddress":{
        "PinID":1,
        "PinOwnerID":1785626380
      },
      "ConnectionType":0,
      "ConnectedWireIndex":-1,
      "ConnectedWireSegmentIndex":-1,
      "Points":[{"x":0.0,"y":0.0},{"x":-3.5,"y":2.5625},{"x":-3.5,"y":0.25},{"x":-1.375,"y":0.25},{"x":-1.375,"y":-2.3125},{"x":0.0,"y":0.0}]
    },
    {
      "SourcePinAddress":{
        "PinID":1557935287,
        "PinOwnerID":912591035
      },
      "TargetPinAddress":{
        "PinID":0,
        "PinOwnerID":1785626380
      },
      "ConnectionType":0,
      "ConnectedWireIndex":-1,
      "ConnectedWireSegmentIndex":-1,
      "Points":[{"x":0.0,"y":0.0},{"x":-3.5,"y":4.0},{"x":-3.5,"y":3.9375},{"x":-1.25,"y":3.9375},{"x":-1.25,"y":-0.625},{"x":-1.125,"y":-0.625},{"x":0.0,"y":0.0}]
    },
    {
      "SourcePinAddress":{
        "PinID":1557935287,
        "PinOwnerID":853775840
      },
      "TargetPinAddress":{
        "PinID":0,
        "PinOwnerID":770632444
      },
      "ConnectionType":0,
      "ConnectedWireIndex":-1,
      "ConnectedWireSegmentIndex":-1,
      "Points":[{"x":0.0,"y":0.0},{"x":2.0625,"y":4.0},{"x":2.0625,"y":3.625},{"x":0.0,"y":0.0}]
    },
    {
      "SourcePinAddress":{
        "PinID":1557935287,
        "PinOwnerID":919442271
      },
      "TargetPinAddress":{
        "PinID":1,
        "PinOwnerID":770632444
      },
      "ConnectionType":0,
      "ConnectedWireIndex":-1,
      "ConnectedWireSegmentIndex":-1,
      "Points":[{"x":0.0,"y":0.0},{"x":1.6875,"y":2.5625},{"x":1.6875,"y":3.4375},{"x":1.6875,"y":3.375},{"x":0.0,"y":0.0}]
    },
    {
      "SourcePinAddress":{
        "PinID":1557935287,
        "PinOwnerID":278340493
      },
      "TargetPinAddress":{
        "PinID":2,
        "PinOwnerID":770632444
      },
      "ConnectionType":0,
      "ConnectedWireIndex":-1,
      "ConnectedWireSegmentIndex":-1,
      "Points":[{"x":0.0,"y":0.0},{"x":1.75,"y":1.125},{"x":1.75,"y":3.125},{"x":0.0,"y":0.0}]
    },
    {
      "SourcePinAddress":{
        "PinID":1557935287,
        "PinOwnerID":33623795
      },
      "TargetPinAddress":{
        "PinID":3,
        "PinOwnerID":770632444
      },
      "ConnectionType":0,
      "ConnectedWireIndex":-1,
      "ConnectedWireSegmentIndex":-1,
      "Points":[{"x":0.0,"y":0.0},{"x":2.0,"y":-0.3125},{"x":2.0,"y":2.875},{"x":0.0,"y":0.0}]
    }
  ],
  "Displays":[]
}