{
  "DLSVersion": "2.1.6",
  "Name": "RAM",
  "NameLocation": 0,
  "ChipType": 0,
  "Size": {
    "x": 0.575,
    "y": 1.5
  },
  "Colour": {
    "r": 0.899787843,
    "g": 0.860794246,
    "b": 0.5034298,
    "a": 1
  },
  "InputPins":[
    {
      "Name":"DATA",
      "ID":713068401,
      "Position":{
        "x":-5.375,
        "y":3.875
      },
      "BitCount":8,
      "Colour":0,
      "ValueDisplayMode":0
    },
    {
      "Name":"SAD",
      "ID":1766520197,
      "Position":{
        "x":-5.375,
        "y":3.125
      },
      "BitCount":1,
      "Colour":3,
      "ValueDisplayMode":0
    },
    {
      "Name":"STR",
      "ID":485915740,
      "Position":{
        "x":-5.375,
        "y":2.5625
      },
      "BitCount":1,
      "Colour":3,
      "ValueDisplayMode":0
    },
    {
      "Name":"RRM",
      "ID":671494485,
      "Position":{
        "x":-5.375,
        "y":2.0625
      },
      "BitCount":1,
      "Colour":4,
      "ValueDisplayMode":0
    },
    {
      "Name":"CLK",
      "ID":1655274447,
      "Position":{
        "x":-5.375,
        "y":1.5625
      },
      "BitCount":1,
      "Colour":2,
      "ValueDisplayMode":0
    }
  ],
  "OutputPins":[
    {
      "Name":"OUT",
      "ID":1867862492,
      "Position":{
        "x":5.0,
        "y":1.25
      },
      "BitCount":8,
      "Colour":0,
      "ValueDisplayMode":0
    }
  ],
  "SubChips":[
    {
      "Name":"RAM-256x8",
      "ID":1086596811,
      "Label":"",
      "Position":{
        "x":0.9975,
        "y":1.375
      },
      "OutputPinColourInfo":[{"PinColour":0,"PinID":2024277515}],
      "InternalData":null
    },
    {
      "Name":"8BUF",
      "ID":569660405,
      "Label":"",
      "Position":{
        "x":2.7475,
        "y":1.25
      },
      "OutputPinColourInfo":[{"PinColour":0,"PinID":1321101400}],
      "InternalData":null
    },
    {
      "Name":"8-BIT REGISTER",
      "ID":253027084,
      "Label":"",
      "Position":{
        "x":-1.64,
        "y":3.25
      },
      "OutputPinColourInfo":[{"PinColour":0,"PinID":1787405944}],
      "InternalData":null
    }
  ],
  "Wires":[
    {
      "SourcePinAddress":{
        "PinID":2024277515,
        "PinOwnerID":1086596811
      },
      "TargetPinAddress":{
        "PinID":514723583,
        "PinOwnerID":569660405
      },
      "ConnectionType":0,
      "ConnectedWireIndex":-1,
      "ConnectedWireSegmentIndex":-1,
      "Points":[{"x":0.0,"y":0.0},{"x":0.0,"y":0.0}]
    },
    {
      "SourcePinAddress":{
        "PinID":1787405944,
        "PinOwnerID":253027084
      },
      "TargetPinAddress":{
        "PinID":1414611488,
        "PinOwnerID":1086596811
      },
      "ConnectionType":0,
      "ConnectedWireIndex":-1,
      "ConnectedWireSegmentIndex":-1,
      "Points":[{"x":0.0,"y":0.0},{"x":0.0,"y":0.0}]
    },
    {
      "SourcePinAddress":{
        "PinID":0,
        "PinOwnerID":713068401
      },
      "TargetPinAddress":{
        "PinID":1171991990,
        "PinOwnerID":253027084
      },
      "ConnectionType":0,
      "ConnectedWireIndex":-1,
      "ConnectedWireSegmentIndex":-1,
      "Points":[{"x":0.0,"y":0.0},{"x":0.0,"y":0.0}]
    },
    {
      "SourcePinAddress":{
        "PinID":0,
        "PinOwnerID":713068401
      },
      "TargetPinAddress":{
        "PinID":2075626437,
        "PinOwnerID":1086596811
      },
      "ConnectionType":1,
      "ConnectedWireIndex":2,
      "ConnectedWireSegmentIndex":0,
      "Points":[{"x":-3.75,"y":3.875},{"x":-3.75,"y":0.875},{"x":0.0,"y":0.0}]
    },
    {
      "SourcePinAddress":{
        "PinID":0,
        "PinOwnerID":1766520197
      },
      "TargetPinAddress":{
        "PinID":1560685193,
        "PinOwnerID":253027084
      },
      "ConnectionType":0,
      "ConnectedWireIndex":-1,
      "ConnectedWireSegmentIndex":-1,
      "Points":[{"x":0.0,"y":0.0},{"x":0.0,"y":0.0}]
    },
    {
      "SourcePinAddress":{
        "PinID":0,
        "PinOwnerID":485915740
      },
      "TargetPinAddress":{
        "PinID":551527490,
        "PinOwnerID":1086596811
      },
      "ConnectionType":0,
      "ConnectedWireIndex":-1,
      "ConnectedWireSegmentIndex":-1,
      "Points":[{"x":0.0,"y":0.0},{"x":0.0,"y":0.0}]
    },
    {
      "SourcePinAddress":{
        "PinID":0,
        "PinOwnerID":671494485
      },
      "TargetPinAddress":{
        "PinID":1497816961,
        "PinOwnerID":569660405
      },
      "ConnectionType":0,
      "ConnectedWireIndex":-1,
      "ConnectedWireSegmentIndex":-1,
      "Points":[{"x":0.0,"y":0.0},{"x":0.0,"y":0.0}]
    },
    {
      "SourcePinAddress":{
        "PinID":0,
        "PinOwnerID":1655274447
      },
      "TargetPinAddress":{
        "PinID":19007639,
        "PinOwnerID":1086596811
      },
      "ConnectionType":0,
      "ConnectedWireIndex":-1,
      "ConnectedWireSegmentIndex":-1,
      "Points":[{"x":0.0,"y":0.0},{"x":0.0,"y":0.0}]
    },
    {
      "SourcePinAddress":{
        "PinID":0,
        "PinOwnerID":1655274447
      },
      "TargetPinAddress":{
        "PinID":1746065636,
        "PinOwnerID":253027084
      },
      "ConnectionType":1,
      "ConnectedWireIndex":7,
      "ConnectedWireSegmentIndex":0,
      "Points":[{"x":-4.25053,"y":1.5769},{"x":0.0,"y":0.0}]
    },
    {
      "SourcePinAddress":{
        "PinID":1321101400,
        "PinOwnerID":569660405
      },
      "TargetPinAddress":{
        "PinID":0,
        "PinOwnerID":1867862492
      },
      "ConnectionType":0,
      "ConnectedWireIndex":-1,
      "ConnectedWireSegmentIndex":-1,
      "Points":[{"x":0.0,"y":0.0},{"x":0.0,"y":0.0}]
    }
  ],
  "Displays": null
}