{
  "DLSVersion": "2.1.6",
  "Name": "REGISTER",
  "NameLocation": 0,
  "ChipType": 0,
  "Size": {
    "x": 1.325,
    "y": 1.25
  },
  "Colour": {
    "r": 0.13714774,
    "g": 0.3527543,
    "b": 0.2950505,
    "a": 1
  },
  "InputPins":[
    {
      "Name":"IN",
      "ID":848771840,
      "Position":{
        "x":-2.75,
        "y":-0.625
      },
      "BitCount":8,
      "Colour":0,
      "ValueDisplayMode":0
    },
    {
      "Name":"SRG",
      "ID":567916681,
      "Position":{
        "x":-2.75,
        "y":-1.375
      },
      "BitCount":1,
      "Colour":3,
      "ValueDisplayMode":0
    },
    {
      "Name":"RRG",
      "ID":665363863,
      "Position":{
        "x":-2.75,
        "y":-1.875
      },
      "BitCount":1,
      "Colour":4,
      "ValueDisplayMode":0
    },
    {
      "Name":"CLK",
      "ID":1666291978,
      "Position":{
        "x":-2.75,
        "y":-2.375
      },
      "BitCount":1,
      "Colour":2,
      "ValueDisplayMode":0
    }
  ],
  "OutputPins":[
    {
      "Name":"OUT",
      "ID":426770977,
      "Position":{
        "x":4.375,
        "y":-1.375
      },
      "BitCount":8,
      "Colour":0,
      "ValueDisplayMode":0
    }
  ],
  "SubChips":[
    {
      "Name":"8-BIT REGISTER",
      "ID":1278530283,
      "Label":"",
      "Position":{
        "x":0.36,
        "y":-1.25
      },
      "OutputPinColourInfo":[{"PinColour":0,"PinID":1787405944}],
      "InternalData":null
    },
    {
      "Name":"8BUF",
      "ID":60215528,
      "Label":"",
      "Position":{
        "x":2.3725,
        "y":-1.375
      },
      "OutputPinColourInfo":[{"PinColour":0,"PinID":1321101400}],
      "InternalData":null
    }
  ],
  "Wires":[
    {
      "SourcePinAddress":{
        "PinID":1787405944,
        "PinOwnerID":1278530283
      },
      "TargetPinAddress":{
        "PinID":514723583,
        "PinOwnerID":60215528
      },
      "ConnectionType":0,
      "ConnectedWireIndex":-1,
      "ConnectedWireSegmentIndex":-1,
      "Points":[{"x":0.0,"y":0.0},{"x":0.0,"y":0.0}]
    },
    {
      "SourcePinAddress":{
        "PinID":0,
        "PinOwnerID":848771840
      },
      "TargetPinAddress":{
        "PinID":1171991990,
        "PinOwnerID":1278530283
      },
      "ConnectionType":0,
      "ConnectedWireIndex":-1,
      "ConnectedWireSegmentIndex":-1,
      "Points":[{"x":0.0,"y":0.0},{"x":0.0,"y":0.0}]
    },
    {
      "SourcePinAddress":{
        "PinID":0,
        "PinOwnerID":567916681
      },
      "TargetPinAddress":{
        "PinID":1560685193,
        "PinOwnerID":1278530283
      },
      "ConnectionType":0,
      "ConnectedWireIndex":-1,
      "ConnectedWireSegmentIndex":-1,
      "Points":[{"x":0.0,"y":0.0},{"x":0.0,"y":0.0}]
    },
    {
      "SourcePinAddress":{
        "PinID":0,
        "PinOwnerID":1666291978
      },
      "TargetPinAddress":{
        "PinID":1746065636,
        "PinOwnerID":1278530283
      },
      "ConnectionType":0,
      "ConnectedWireIndex":-1,
      "ConnectedWireSegmentIndex":-1,
      "Points":[{"x":0.0,"y":0.0},{"x":0.0,"y":0.0}]
    },
    {
      "SourcePinAddress":{
        "PinID":0,
        "PinOwnerID":665363863
      },
      "TargetPinAddress":{
        "PinID":1497816961,
        "PinOwnerID":60215528
      },
      "ConnectionType":0,
      "ConnectedWireIndex":-1,
      "ConnectedWireSegmentIndex":-1,
      "Points":[{"x":0.0,"y":0.0},{"x":0.0,"y":0.0}]
    },
    {
      "SourcePinAddress":{
        "PinID":1321101400,
        "PinOwnerID":60215528
      },
      "TargetPinAddress":{
        "PinID":0,
        "PinOwnerID":426770977
      },
      "ConnectionType":0,
      "ConnectedWireIndex":-1,
      "ConnectedWireSegmentIndex":-1,
      "Points":[{"x":0.0,"y":0.0},{"x":0.0,"y":0.0}]
    }
  ],
  "Displays": null
}