{
  "DLSVersion": "2.1.6",
  "Name": "SR LATCH",
  "NameLocation": 0,
  "ChipType": 0,
  "Size": {
    "x": 1.025,
    "y": 0.5
  },
  "Colour": {
    "r": 0.358242452,
    "g": 0.6456495,
    "b": 0.9748896,
    "a": 1
  },
  "InputPins":[
    {
      "Name":"S",
      "ID":465323907,
      "Position":{
        "x":-6.375,
        "y":1.875
      },
      "BitCount":1,
      "Colour":0,
      "ValueDisplayMode":0
    },
    {
      "Name":"R",
      "ID":459092067,
      "Position":{
        "x":-6.375,
        "y":0.6875
      },
      "BitCount":1,
      "Colour":0,
      "ValueDisplayMode":0
    }
  ],
  "OutputPins":[
    {
      "Name":"OUT",
      "ID":2039177547,
      "Position":{
        "x":-1.125,
        "y":0.8125
      },
      "BitCount":1,
      "Colour":0,
      "ValueDisplayMode":0
    }
  ],
  "SubChips":[
    {
      "Name":"NOR",
      "ID":107644304,
      "Label":"",
      "Position":{
        "x":-3.4525,
        "y":2.0
      },
      "OutputPinColourInfo":[{"PinColour":0,"PinID":424647267}],
      "InternalData":null
    },
    {
      "Name":"NOR",
      "ID":1139681057,
      "Label":"",
      "Position":{
        "x":-3.5775,
        "y":0.8125
      },
      "OutputPinColourInfo":[{"PinColour":0,"PinID":424647267}],
      "InternalData":null
    },
    {
      "Name":"FRS",
      "ID":1234134518,
      "Label":"",
      "Position":{
        "x":-4.7025,
        "y":2.3125
      },
      "OutputPinColourInfo":[{"PinColour":0,"PinID":1315430578}],
      "InternalData":null
    }
  ],
  "Wires":[
    {
      "SourcePinAddress":{
        "PinID":424647267,
        "PinOwnerID":107644304
      },
      "TargetPinAddress":{
        "PinID":1274376417,
        "PinOwnerID":1139681057
      },
      "ConnectionType":0,
      "ConnectedWireIndex":-1,
      "ConnectedWireSegmentIndex":-1,
      "Points":[{"x":0.0,"y":0.0},{"x":-2.75,"y":1.625},{"x":-2.75,"y":1.375},{"x":-4.3125,"y":1.375},{"x":-4.3125,"y":1.1875},{"x":0.0,"y":0.0}]
    },
    {
      "SourcePinAddress":{
        "PinID":424647267,
        "PinOwnerID":1139681057
      },
      "TargetPinAddress":{
        "PinID":1274376417,
        "PinOwnerID":107644304
      },
      "ConnectionType":0,
      "ConnectedWireIndex":-1,
      "ConnectedWireSegmentIndex":-1,
      "Points":[{"x":0.0,"y":0.0},{"x":-2.9375,"y":1.0625},{"x":-2.9375,"y":1.5},{"x":-4.3125,"y":1.5},{"x":-4.3125,"y":1.6875},{"x":0.0,"y":0.0}]
    },
    {
      "SourcePinAddress":{
        "PinID":0,
        "PinOwnerID":465323907
      },
      "TargetPinAddress":{
        "PinID":119103719,
        "PinOwnerID":107644304
      },
      "ConnectionType":0,
      "ConnectedWireIndex":-1,
      "ConnectedWireSegmentIndex":-1,
      "Points":[{"x":0.0,"y":0.0},{"x":0.0,"y":0.0}]
    },
    {
      "SourcePinAddress":{
        "PinID":424647267,
        "PinOwnerID":1139681057
      },
      "TargetPinAddress":{
        "PinID":0,
        "PinOwnerID":2039177547
      },
      "ConnectionType":0,
      "ConnectedWireIndex":-1,
      "ConnectedWireSegmentIndex":-1,
      "Points":[{"x":0.0,"y":0.0},{"x":0.0,"y":0.0}]
    },
    {
      "SourcePinAddress":{
        "PinID":0,
        "PinOwnerID":465323907
      },
      "TargetPinAddress":{
        "PinID":814069114,
        "PinOwnerID":1234134518
      },
      "ConnectionType":1,
      "ConnectedWireIndex":2,
      "ConnectedWireSegmentIndex":0,
      "Points":[{"x":-5.25,"y":1.875},{"x":-5.25,"y":2.1875},{"x":0.0,"y":0.0}]
    },
    {
      "SourcePinAddress":{
        "PinID":0,
        "PinOwnerID":459092067
      },
      "TargetPinAddress":{
        "PinID":161853418,
        "PinOwnerID":1234134518
      },
      "ConnectionType":0,
      "ConnectedWireIndex":-1,
      "ConnectedWireSegmentIndex":-1,
      "Points":[{"x":0.0,"y":0.0},{"x":-5.125,"y":0.6875},{"x":-5.125,"y":2.4375},{"x":0.0,"y":0.0}]
    },
    {
      "SourcePinAddress":{
        "PinID":1315430578,
        "PinOwnerID":1234134518
      },
      "TargetPinAddress":{
        "PinID":119103719,
        "PinOwnerID":1139681057
      },
      "ConnectionType":0,
      "ConnectedWireIndex":-1,
      "ConnectedWireSegmentIndex":-1,
      "Points":[{"x":0.0,"y":0.0},{"x":-4.25,"y":2.3125},{"x":-4.25,"y":0.6875},{"x":0.0,"y":0.0}]
    }
  ],
  "Displays": null
}