{
  "DLSVersion": "2.1.6",
  "Name": "XNOR",
  "NameLocation": 0,
  "ChipType": 0,
  "Size": {
    "x": 0.725,
    "y": 0.5
  },
  "Colour": {
    "r": 0.42762804,
    "g": 0.219179347,
    "b": 0.6760105,
    "a": 1
  },
  "InputPins":[
    {
      "Name":"B",
      "ID":943764098,
      "Position":{
        "x":-5.625,
        "y":-0.25
      },
      "BitCount":1,
      "Colour":0,
      "ValueDisplayMode":0
    },
    {
      "Name":"A",
      "ID":2009240829,
      "Position":{
        "x":-5.625,
        "y":-1.0
      },
      "BitCount":1,
      "Colour":0,
      "ValueDisplayMode":0
    }
  ],
  "OutputPins":[
    {
      "Name":"OUT",
      "ID":1231659336,
      "Position":{
        "x":0.625,
        "y":-0.5625
      },
      "BitCount":1,
      "Colour":0,
      "ValueDisplayMode":0
    }
  ],
  "SubChips":[
    {
      "Name":"XOR",
      "ID":1506150413,
      "Label":"",
      "Position":{
        "x":-3.0775,
        "y":-0.5625
      },
      "OutputPinColourInfo":[{"PinColour":0,"PinID":41096156}],
      "InternalData":null
    },
    {
      "Name":"NOT",
      "ID":1385059078,
      "Label":"",
      "Position":{
        "x":-1.64,
        "y":-0.5625
      },
      "OutputPinColourInfo":[{"PinColour":0,"PinID":722248817}],
      "InternalData":null
    }
  ],
  "Wires":[
    {
      "SourcePinAddress":{
        "PinID":0,
        "PinOwnerID":943764098
      },
      "TargetPinAddress":{
        "PinID":1059060280,
        "PinOwnerID":1506150413
      },
      "ConnectionType":0,
      "ConnectedWireIndex":-1,
      "ConnectedWireSegmentIndex":-1,
      "Points":[{"x":0.0,"y":0.0},{"x":-4.125,"y":-0.25},{"x":-4.125,"y":-0.4375},{"x":0.0,"y":0.0}]
    },
    {
      "SourcePinAddress":{
        "PinID":0,
        "PinOwnerID":2009240829
      },
      "TargetPinAddress":{
        "PinID":198837197,
        "PinOwnerID":1506150413
      },
      "ConnectionType":0,
      "ConnectedWireIndex":-1,
      "ConnectedWireSegmentIndex":-1,
      "Points":[{"x":0.0,"y":0.0},{"x":-4.25,"y":-1.0},{"x":-4.25,"y":-0.6875},{"x":0.0,"y":0.0}]
    },
    {
      "SourcePinAddress":{
        "PinID":41096156,
        "PinOwnerID":1506150413
      },
      "TargetPinAddress":{
        "PinID":71014366,
        "PinOwnerID":1385059078
      },
      "ConnectionType":0,
      "ConnectedWireIndex":-1,
      "ConnectedWireSegmentIndex":-1,
      "Points":[{"x":0.0,"y":0.0},{"x":0.0,"y":0.0}]
    },
    {
      "SourcePinAddress":{
        "PinID":722248817,
        "PinOwnerID":1385059078
      },
      "TargetPinAddress":{
        "PinID":0,
        "PinOwnerID":1231659336
      },
      "ConnectionType":0,
      "ConnectedWireIndex":-1,
      "ConnectedWireSegmentIndex":-1,
      "Points":[{"x":0.0,"y":0.0},{"x":0.0,"y":0.0}]
    }
  ],
  "Displays": null
}