{
  "DLSVersion": "2.1.6",
  "Name": "XOR",
  "NameLocation": 0,
  "ChipType": 0,
  "Size": {
    "x": 0.575,
    "y": 0.5
  },
  "Colour": {
    "r": 0.771182954,
    "g": 0.111698233,
    "b": 0.7065169,
    "a": 1
  },
  "InputPins":[
    {
      "Name":"IN B",
      "ID":1059060280,
      "Position":{
        "x":-7.25,
        "y":-1.0
      },
      "BitCount":1,
      "Colour":0,
      "ValueDisplayMode":0
    },
    {
      "Name":"IN A",
      "ID":198837197,
      "Position":{
        "x":-7.25,
        "y":-1.5
      },
      "BitCount":1,
      "Colour":0,
      "ValueDisplayMode":0
    }
  ],
  "OutputPins":[
    {
      "Name":"OUT",
      "ID":41096156,
      "Position":{
        "x":-1.125,
        "y":-1.3125
      },
      "BitCount":1,
      "Colour":0,
      "ValueDisplayMode":0
    }
  ],
  "SubChips":[
    {
      "Name":"NAND",
      "ID":1217050125,
      "Label":"",
      "Position":{
        "x":-5.125,
        "y":-1.25
      },
      "OutputPinColourInfo":[{"PinColour":0,"PinID":2}],
      "InternalData":null
    },
    {
      "Name":"NAND",
      "ID":792045753,
      "Label":"",
      "Position":{
        "x":-3.75,
        "y":-0.75
      },
      "OutputPinColourInfo":[{"PinColour":0,"PinID":2}],
      "InternalData":null
    },
    {
      "Name":"NAND",
      "ID":1509868154,
      "Label":"",
      "Position":{
        "x":-3.75,
        "y":-2.0625
      },
      "OutputPinColourInfo":[{"PinColour":0,"PinID":2}],
      "InternalData":null
    },
    {
      "Name":"NAND",
      "ID":1176252179,
      "Label":"",
      "Position":{
        "x":-2.625,
        "y":-1.3125
      },
      "OutputPinColourInfo":[{"PinColour":0,"PinID":2}],
      "InternalData":null
    }
  ],
  "Wires":[
    {
      "SourcePinAddress":{
        "PinID":2,
        "PinOwnerID":1176252179
      },
      "TargetPinAddress":{
        "PinID":0,
        "PinOwnerID":41096156
      },
      "ConnectionType":0,
      "ConnectedWireIndex":-1,
      "ConnectedWireSegmentIndex":-1,
      "Points":[{"x":0.0,"y":0.0},{"x":0.0,"y":0.0}]
    },
    {
      "SourcePinAddress":{
        "PinID":2,
        "PinOwnerID":792045753
      },
      "TargetPinAddress":{
        "PinID":0,
        "PinOwnerID":1176252179
      },
      "ConnectionType":0,
      "ConnectedWireIndex":-1,
      "ConnectedWireSegmentIndex":-1,
      "Points":[{"x":0.0,"y":0.0},{"x":-3.25,"y":-1.1875},{"x":0.0,"y":0.0}]
    },
    {
      "SourcePinAddress":{
        "PinID":2,
        "PinOwnerID":1509868154
      },
      "TargetPinAddress":{
        "PinID":1,
        "PinOwnerID":1176252179
      },
      "ConnectionType":0,
      "ConnectedWireIndex":-1,
      "ConnectedWireSegmentIndex":-1,
      "Points":[{"x":0.0,"y":0.0},{"x":-3.25,"y":-1.4375},{"x":0.0,"y":0.0}]
    },
    {
      "SourcePinAddress":{
        "PinID":0,
        "PinOwnerID":1059060280
      },
      "TargetPinAddress":{
        "PinID":0,
        "PinOwnerID":1217050125
      },
      "ConnectionType":0,
      "ConnectedWireIndex":-1,
      "ConnectedWireSegmentIndex":-1,
      "Points":[{"x":0.0,"y":0.0},{"x":-6.0625,"y":-1.0},{"x":-6.0625,"y":-1.125},{"x":0.0,"y":0.0}]
    },
    {
      "SourcePinAddress":{
        "PinID":0,
        "PinOwnerID":198837197
      },
      "TargetPinAddress":{
        "PinID":1,
        "PinOwnerID":1217050125
      },
      "ConnectionType":0,
      "ConnectedWireIndex":-1,
      "ConnectedWireSegmentIndex":-1,
      "Points":[{"x":0.0,"y":0.0},{"x":-6.1875,"y":-1.5},{"x":-6.1875,"y":-1.375},{"x":0.0,"y":0.0}]
    },
    {
      "SourcePinAddress":{
        "PinID":2,
        "PinOwnerID":1217050125
      },
      "TargetPinAddress":{
        "PinID":1,
        "PinOwnerID":792045753
      },
      "ConnectionType":0,
      "ConnectedWireIndex":-1,
      "ConnectedWireSegmentIndex":-1,
      "Points":[{"x":0.0,"y":0.0},{"x":-4.5,"y":-1.25},{"x":-4.5,"y":-0.875},{"x":0.0,"y":0.0}]
    },
    {
      "SourcePinAddress":{
        "PinID":2,
        "PinOwnerID":1217050125
      },
      "TargetPinAddress":{
        "PinID":0,
        "PinOwnerID":1509868154
      },
      "ConnectionType":1,
      "ConnectedWireIndex":5,
      "ConnectedWireSegmentIndex":1,
      "Points":[{"x":-4.5,"y":-1.1875},{"x":-4.5,"y":-1.9375},{"x":0.0,"y":0.0}]
    },
    {
      "SourcePinAddress":{
        "PinID":0,
        "PinOwnerID":198837197
      },
      "TargetPinAddress":{
        "PinID":1,
        "PinOwnerID":1509868154
      },
      "ConnectionType":1,
      "ConnectedWireIndex":4,
      "ConnectedWireSegmentIndex":2,
      "Points":[{"x":-5.6875,"y":-1.375},{"x":-5.6875,"y":-2.1875},{"x":0.0,"y":0.0}]
    },
    {
      "SourcePinAddress":{
        "PinID":0,
        "PinOwnerID":1059060280
      },
      "TargetPinAddress":{
        "PinID":0,
        "PinOwnerID":792045753
      },
      "ConnectionType":1,
      "ConnectedWireIndex":3,
      "ConnectedWireSegmentIndex":2,
      "Points":[{"x":-5.8125,"y":-1.125},{"x":-5.8125,"y":-0.625},{"x":0.0,"y":0.0}]
    }
  ],
  "Displays":[]
}