{
  "ProjectName": "KCS",
  "DLSVersion_LastSaved": "2.1.6",
  "DLSVersion_EarliestCompatible": "2.0.0",
  "CreationTime": "2025-06-18T16:21:50.190-07:00",
  "LastSaveTime": "2025-07-26T12:38:54.595-07:00",
  "Prefs_MainPinNamesDisplayMode": 2,
  "Prefs_ChipPinNamesDisplayMode": 2,
  "Prefs_GridDisplayMode": 1,
  "Prefs_Snapping": 1,
  "Prefs_StraightWires": 1,
  "Prefs_SimPaused": false,
  "Prefs_SimTargetStepsPerSecond": 1000,
  "Prefs_SimStepsPerClockTick": 250,
  "AllCustomChipNames":[
    "8-SEGMENT",
    "AND",
    "NOT",
    "OR",
    "XOR",
    "NOR",
    "ADDER",
    "4-BIT ADDER",
    "ALU",
    "D LATCH",
    "D FLIP-FLOP",
    "1-BIT REGISTER",
    "4-BIT REGISTER",
    "7-SEGMENT DRIVER",
    "2-COMP DIGIT DISPLAY",
    "DABBLE",
    "NEGATE",
    "DOUBLE DABBLE-8",
    "2-COMP DECIMAL-8",
    "2COMP DECIMAL-4",
    "7-SEG DIGIT DISPLAY",
    "DECIMAL-4",
    "DECIMAL-8",
    "BUS BUFFER",
    "MUX",
    "DECODE 2-4",
    "MEM-1",
    "MEM-16",
    "MEM-256",
    "8-BIT REGISTER",
    "RAM-256x8 (async)",
    "XNOR",
    "EQUALS-8",
    "RAM-256x8",
    "RAM-256x16",
    "8ADD",
    "ALU-1",
    "8mux",
    "8BUF",
    "ALU-2",
    "REGISTER",
    "RAM",
    "REG",
    "DEC-15",
    "SR LATCH",
    "FRS",
    "SRBUF",
    "INT 1",
    "ALU-3",
    "MANUAL COMPUTER",
    "INPUT",
    "COUNTER",
    "CPU",
    "KIS",
    "RAM-16x8",
    "RAM-16x8 synch",
    "RAM-256x8 synch",
    "COUNTER +-",
    "ALU-0",
    "Stack Memory",
    "FAL",
    "RIS",
    "CLU",
    "KCS",
    "DEC-16",
    "INT 2",
    "CLK",
    "NIL",
    "MUX 1B",
    "OUTPUT",
    "MEMORY TRAIN",
    "CONTROL BOARD",
    "KCS-MANUAL",
    "64-Train"
  ],
  "StarredList":[
    {
      "Name":"BASIC",
      "IsCollection":true
    },
    {
      "Name":"WIRES",
      "IsCollection":true
    },
    {
      "Name":"DISPLAY",
      "IsCollection":true
    },
    {
      "Name":"MEMORY",
      "IsCollection":true
    },
    {
      "Name":"ADDERS",
      "IsCollection":true
    },
    {
      "Name":"MANIP",
      "IsCollection":true
    },
    {
      "Name":"OTHER",
      "IsCollection":true
    },
    {
      "Name":"KCS-MANUAL",
      "IsCollection":false
    },
    {
      "Name":"KCS",
      "IsCollection":false
    }
  ],
  "ChipCollections":[
    {
      "Chips":["AND","NOT","NAND","OR","NOR","XOR","XNOR","CLOCK","PULSE","KEY","3-STATE BUFFER","BUZZER"],
      "IsToggledOpen":true,
      "Name":"BASIC"
    },
    {
      "Chips":["IN-1","IN-4","IN-8","OUT-1","OUT-4","OUT-8","1-4BIT","8-1BIT","8-4BIT","4-1BIT","4-8BIT","1-8BIT","BUS-1","BUS-4","BUS-8"],
      "IsToggledOpen":true,
      "Name":"WIRES"
    },
    {
      "Chips":["7-SEGMENT","8-SEGMENT","DOT DISPLAY","RGB DISPLAY","LED","2COMP DECIMAL-4","2-COMP DECIMAL-8","DECIMAL-4","DECIMAL-8","7-SEGMENT DRIVER","7-SEG DIGIT DISPLAY","2-COMP DIGIT DISPLAY","DABBLE","DOUBLE DABBLE-8"],
      "IsToggledOpen":true,
      "Name":"DISPLAY"
    },
    {
      "Chips":["REG","ROM 256×16","RAM-256x8 (async)","RAM-256x8","RAM-256x16","D LATCH","D FLIP-FLOP","1-BIT REGISTER","4-BIT REGISTER","MEM-1","MEM-16","MEM-256","8-BIT REGISTER","REGISTER","RAM","SR LATCH","RAM-16x8","RAM-16x8 synch","RAM-256x8 synch","Stack Memory","MEMORY TRAIN"],
      "IsToggledOpen":true,
      "Name":"MEMORY"
    },
    {
      "Chips":["ADDER","4-BIT ADDER","ALU","8ADD","ALU-1","ALU-2","ALU-3","ALU-0","COUNTER","COUNTER +-"],
      "IsToggledOpen":true,
      "Name":"ADDERS"
    },
    {
      "Chips":["BUS BUFFER","DECODE 2-4","NEGATE","MUX","EQUALS-8","8mux","8BUF","FRS","MUX 1B"],
      "IsToggledOpen":true,
      "Name":"MANIP"
    },
    {
      "Chips":["DEC-15","SRBUF","INT 1","MANUAL COMPUTER","INPUT","CPU","KIS","FAL","RIS","CLU","KCS","DEC-16","INT 2","CLK","NIL","OUTPUT","CONTROL BOARD","KCS-MANUAL"],
      "IsToggledOpen":true,
      "Name":"OTHER"
    }
  ]
}