{
  "DLSVersion": "2.1.6",
  "Name": "4-BIT BUS CALC",
  "NameLocation": 1,
  "ChipType": 0,
  "Size": {
    "x": 3.2,
    "y": 2.375
  },
  "Colour": {
    "r": 0.278434962,
    "g": 0.161313489,
    "b": 0.984723449,
    "a": 1
  },
  "InputPins":[
    {
      "Name":"IN DATA",
      "ID":896248558,
      "Position":{
        "x":-8.0,
        "y":3.6875
      },
      "BitCount":4,
      "Colour":0,
      "ValueDisplayMode":0
    },
    {
      "Name":"OUT DATA",
      "ID":329371535,
      "Position":{
        "x":-8.0,
        "y":2.8125
      },
      "BitCount":1,
      "Colour":4,
      "ValueDisplayMode":0
    },
    {
      "Name":"OUT REG A",
      "ID":943206903,
      "Position":{
        "x":-8.0,
        "y":2.1875
      },
      "BitCount":1,
      "Colour":4,
      "ValueDisplayMode":0
    },
    {
      "Name":"OUT ALU",
      "ID":62221302,
      "Position":{
        "x":-8.0,
        "y":1.5625
      },
      "BitCount":1,
      "Colour":4,
      "ValueDisplayMode":0
    },
    {
      "Name":"OUT REG B",
      "ID":238311272,
      "Position":{
        "x":-8.0,
        "y":0.9375
      },
      "BitCount":1,
      "Colour":4,
      "ValueDisplayMode":0
    },
    {
      "Name":"STORE A",
      "ID":1959537619,
      "Position":{
        "x":-8.0,
        "y":-0.4375
      },
      "BitCount":1,
      "Colour":5,
      "ValueDisplayMode":0
    },
    {
      "Name":"SUBTRACT",
      "ID":482725018,
      "Position":{
        "x":-8.0,
        "y":-1.0625
      },
      "BitCount":1,
      "Colour":5,
      "ValueDisplayMode":0
    },
    {
      "Name":"STORE B",
      "ID":388427761,
      "Position":{
        "x":-8.0,
        "y":-1.6875
      },
      "BitCount":1,
      "Colour":5,
      "ValueDisplayMode":0
    },
    {
      "Name":"CLOCK",
      "ID":798743203,
      "Position":{
        "x":-8.0,
        "y":-3.375
      },
      "BitCount":1,
      "Colour":7,
      "ValueDisplayMode":0
    }
  ],
  "OutputPins":[
    {
      "Name":"OUT",
      "ID":1198572686,
      "Position":{
        "x":7.875,
        "y":-3.1875
      },
      "BitCount":4,
      "Colour":0,
      "ValueDisplayMode":0
    }
  ],
  "SubChips":[
    {
      "Name":"BUS-4",
      "ID":766973617,
      "Label":"",
      "Position":{
        "x":-6.74,
        "y":4.25
      },
      "OutputPinColourInfo":null,
      "InternalData":[1838333637,0]
    },
    {
      "Name":"BUS-TERMINUS-4",
      "ID":1838333637,
      "Label":"",
      "Position":{
        "x":-7.615,
        "y":-4.0
      },
      "OutputPinColourInfo":null,
      "InternalData":[766973617,1]
    },
    {
      "Name":"BUS BUFFER",
      "ID":555594754,
      "Label":"",
      "Position":{
        "x":-6.065,
        "y":3.5625
      },
      "OutputPinColourInfo":[{"PinColour":0,"PinID":1946253703}],
      "InternalData":null
    },
    {
      "Name":"4-BIT REGISTER",
      "ID":601244151,
      "Label":"",
      "Position":{
        "x":-1.79,
        "y":3.5625
      },
      "OutputPinColourInfo":[{"PinColour":0,"PinID":575464863}],
      "InternalData":null
    },
    {
      "Name":"4-BIT REGISTER",
      "ID":1398790088,
      "Label":"",
      "Position":{
        "x":-1.665,
        "y":-2.625
      },
      "OutputPinColourInfo":[{"PinColour":0,"PinID":575464863}],
      "InternalData":null
    },
    {
      "Name":"BUS BUFFER",
      "ID":246073099,
      "Label":"",
      "Position":{
        "x":-0.065,
        "y":3.4375
      },
      "OutputPinColourInfo":[{"PinColour":0,"PinID":1946253703}],
      "InternalData":null
    },
    {
      "Name":"BUS BUFFER",
      "ID":893991402,
      "Label":"",
      "Position":{
        "x":0.06,
        "y":-2.75
      },
      "OutputPinColourInfo":[{"PinColour":0,"PinID":1946253703}],
      "InternalData":null
    },
    {
      "Name":"ALU",
      "ID":2053270926,
      "Label":"",
      "Position":{
        "x":4.9225,
        "y":1.25
      },
      "OutputPinColourInfo":[{"PinColour":0,"PinID":1774765796},{"PinColour":0,"PinID":372984911},{"PinColour":0,"PinID":548848063},{"PinColour":0,"PinID":1634976863}],
      "InternalData":null
    },
    {
      "Name":"BUS BUFFER",
      "ID":1073502928,
      "Label":"",
      "Position":{
        "x":6.935,
        "y":1.5
      },
      "OutputPinColourInfo":[{"PinColour":0,"PinID":1946253703}],
      "InternalData":null
    },
    {
      "Name":"2COMP DECIMAL-4",
      "ID":1675210717,
      "Label":"",
      "Position":{
        "x":3.985,
        "y":-2.6875
      },
      "OutputPinColourInfo":[],
      "InternalData":null
    },
    {
      "Name":"NOT",
      "ID":153801582,
      "Label":"",
      "Position":{
        "x":0.11,
        "y":-1.9375
      },
      "OutputPinColourInfo":[{"PinColour":0,"PinID":722248817}],
      "InternalData":null
    }
  ],
  "Wires":[
    {
      "SourcePinAddress":{
        "PinID":1,
        "PinOwnerID":766973617
      },
      "TargetPinAddress":{
        "PinID":0,
        "PinOwnerID":1838333637
      },
      "ConnectionType":0,
      "ConnectedWireIndex":-1,
      "ConnectedWireSegmentIndex":-1,
      "Points":[{"x":0.0,"y":0.0},{"x":-5.75,"y":4.25},{"x":-5.75,"y":4.3125},{"x":-5.75,"y":4.4375},{"x":8.1875,"y":4.4375},{"x":8.1875,"y":-4.0},{"x":0.0,"y":0.0}]
    },
    {
      "SourcePinAddress":{
        "PinID":0,
        "PinOwnerID":896248558
      },
      "TargetPinAddress":{
        "PinID":1857830482,
        "PinOwnerID":555594754
      },
      "ConnectionType":0,
      "ConnectedWireIndex":-1,
      "ConnectedWireSegmentIndex":-1,
      "Points":[{"x":0.0,"y":0.0},{"x":0.0,"y":0.0}]
    },
    {
      "SourcePinAddress":{
        "PinID":0,
        "PinOwnerID":329371535
      },
      "TargetPinAddress":{
        "PinID":2116089510,
        "PinOwnerID":555594754
      },
      "ConnectionType":0,
      "ConnectedWireIndex":-1,
      "ConnectedWireSegmentIndex":-1,
      "Points":[{"x":0.0,"y":0.0},{"x":-6.875,"y":2.8125},{"x":-6.875,"y":3.375},{"x":0.0,"y":0.0}]
    },
    {
      "SourcePinAddress":{
        "PinID":1946253703,
        "PinOwnerID":555594754
      },
      "TargetPinAddress":{
        "PinID":0,
        "PinOwnerID":766973617
      },
      "ConnectionType":2,
      "ConnectedWireIndex":0,
      "ConnectedWireSegmentIndex":3,
      "Points":[{"x":0.0,"y":0.0},{"x":-5.0,"y":3.5625},{"x":-5.0,"y":4.4375}]
    },
    {
      "SourcePinAddress":{
        "PinID":1,
        "PinOwnerID":766973617
      },
      "TargetPinAddress":{
        "PinID":0,
        "PinOwnerID":1198572686
      },
      "ConnectionType":1,
      "ConnectedWireIndex":0,
      "ConnectedWireSegmentIndex":5,
      "Points":[{"x":6.5,"y":-4.0},{"x":6.5,"y":-3.1875},{"x":0.0,"y":0.0}]
    },
    {
      "SourcePinAddress":{
        "PinID":1,
        "PinOwnerID":766973617
      },
      "TargetPinAddress":{
        "PinID":976864277,
        "PinOwnerID":601244151
      },
      "ConnectionType":1,
      "ConnectedWireIndex":0,
      "ConnectedWireSegmentIndex":3,
      "Points":[{"x":-3.0,"y":4.4375},{"x":-3.0,"y":3.8125},{"x":0.0,"y":0.0}]
    },
    {
      "SourcePinAddress":{
        "PinID":575464863,
        "PinOwnerID":601244151
      },
      "TargetPinAddress":{
        "PinID":1857830482,
        "PinOwnerID":246073099
      },
      "ConnectionType":0,
      "ConnectedWireIndex":-1,
      "ConnectedWireSegmentIndex":-1,
      "Points":[{"x":0.0,"y":0.0},{"x":0.0,"y":0.0}]
    },
    {
      "SourcePinAddress":{
        "PinID":1946253703,
        "PinOwnerID":246073099
      },
      "TargetPinAddress":{
        "PinID":0,
        "PinOwnerID":766973617
      },
      "ConnectionType":2,
      "ConnectedWireIndex":0,
      "ConnectedWireSegmentIndex":3,
      "Points":[{"x":0.0,"y":0.0},{"x":0.75,"y":3.4375},{"x":0.75,"y":4.4375}]
    },
    {
      "SourcePinAddress":{
        "PinID":575464863,
        "PinOwnerID":1398790088
      },
      "TargetPinAddress":{
        "PinID":1857830482,
        "PinOwnerID":893991402
      },
      "ConnectionType":0,
      "ConnectedWireIndex":-1,
      "ConnectedWireSegmentIndex":-1,
      "Points":[{"x":0.0,"y":0.0},{"x":0.0,"y":0.0}]
    },
    {
      "SourcePinAddress":{
        "PinID":1946253703,
        "PinOwnerID":893991402
      },
      "TargetPinAddress":{
        "PinID":0,
        "PinOwnerID":766973617
      },
      "ConnectionType":2,
      "ConnectedWireIndex":0,
      "ConnectedWireSegmentIndex":5,
      "Points":[{"x":0.0,"y":0.0},{"x":1.125,"y":-2.75},{"x":1.125,"y":-4.0}]
    },
    {
      "SourcePinAddress":{
        "PinID":0,
        "PinOwnerID":943206903
      },
      "TargetPinAddress":{
        "PinID":2116089510,
        "PinOwnerID":246073099
      },
      "ConnectionType":0,
      "ConnectedWireIndex":-1,
      "ConnectedWireSegmentIndex":-1,
      "Points":[{"x":0.0,"y":0.0},{"x":-0.8125,"y":2.1875},{"x":-0.8125,"y":3.25},{"x":0.0,"y":0.0}]
    },
    {
      "SourcePinAddress":{
        "PinID":0,
        "PinOwnerID":238311272
      },
      "TargetPinAddress":{
        "PinID":2116089510,
        "PinOwnerID":893991402
      },
      "ConnectionType":0,
      "ConnectedWireIndex":-1,
      "ConnectedWireSegmentIndex":-1,
      "Points":[{"x":0.0,"y":0.0},{"x":-3.375,"y":0.9375},{"x":-3.375,"y":-3.25},{"x":-0.75,"y":-3.25},{"x":-0.75,"y":-2.9375},{"x":0.0,"y":0.0}]
    },
    {
      "SourcePinAddress":{
        "PinID":0,
        "PinOwnerID":1959537619
      },
      "TargetPinAddress":{
        "PinID":424313074,
        "PinOwnerID":601244151
      },
      "ConnectionType":0,
      "ConnectedWireIndex":-1,
      "ConnectedWireSegmentIndex":-1,
      "Points":[{"x":0.0,"y":0.0},{"x":-2.9375,"y":-0.4375},{"x":-2.9375,"y":3.5},{"x":0.0,"y":0.0}]
    },
    {
      "SourcePinAddress":{
        "PinID":0,
        "PinOwnerID":388427761
      },
      "TargetPinAddress":{
        "PinID":424313074,
        "PinOwnerID":1398790088
      },
      "ConnectionType":0,
      "ConnectedWireIndex":-1,
      "ConnectedWireSegmentIndex":-1,
      "Points":[{"x":0.0,"y":0.0},{"x":-4.0,"y":-1.6875},{"x":-4.0,"y":-2.6875},{"x":0.0,"y":0.0}]
    },
    {
      "SourcePinAddress":{
        "PinID":0,
        "PinOwnerID":798743203
      },
      "TargetPinAddress":{
        "PinID":1686095149,
        "PinOwnerID":601244151
      },
      "ConnectionType":0,
      "ConnectedWireIndex":-1,
      "ConnectedWireSegmentIndex":-1,
      "Points":[{"x":0.0,"y":0.0},{"x":-2.9375,"y":-3.375},{"x":-2.9375,"y":3.25},{"x":0.0,"y":0.0}]
    },
    {
      "SourcePinAddress":{
        "PinID":0,
        "PinOwnerID":798743203
      },
      "TargetPinAddress":{
        "PinID":1686095149,
        "PinOwnerID":1398790088
      },
      "ConnectionType":1,
      "ConnectedWireIndex":14,
      "ConnectedWireSegmentIndex":1,
      "Points":[{"x":-2.9375,"y":-2.9375},{"x":0.0,"y":0.0}]
    },
    {
      "SourcePinAddress":{
        "PinID":1,
        "PinOwnerID":766973617
      },
      "TargetPinAddress":{
        "PinID":976864277,
        "PinOwnerID":1398790088
      },
      "ConnectionType":1,
      "ConnectedWireIndex":0,
      "ConnectedWireSegmentIndex":5,
      "Points":[{"x":-2.75,"y":-4.0},{"x":-2.75,"y":-2.375},{"x":0.0,"y":0.0}]
    },
    {
      "SourcePinAddress":{
        "PinID":575464863,
        "PinOwnerID":1398790088
      },
      "TargetPinAddress":{
        "PinID":767454520,
        "PinOwnerID":2053270926
      },
      "ConnectionType":1,
      "ConnectedWireIndex":8,
      "ConnectedWireSegmentIndex":0,
      "Points":[{"x":-0.75,"y":-2.625},{"x":-0.75,"y":-1.0625},{"x":2.9375,"y":-1.0625},{"x":2.9375,"y":1.1875},{"x":0.0,"y":0.0}]
    },
    {
      "SourcePinAddress":{
        "PinID":575464863,
        "PinOwnerID":601244151
      },
      "TargetPinAddress":{
        "PinID":451127694,
        "PinOwnerID":2053270926
      },
      "ConnectionType":1,
      "ConnectedWireIndex":6,
      "ConnectedWireSegmentIndex":0,
      "Points":[{"x":-0.875,"y":3.5625},{"x":-0.875,"y":1.9375},{"x":3.75,"y":1.9375},{"x":3.75,"y":1.625},{"x":0.0,"y":0.0}]
    },
    {
      "SourcePinAddress":{
        "PinID":1774765796,
        "PinOwnerID":2053270926
      },
      "TargetPinAddress":{
        "PinID":1857830482,
        "PinOwnerID":1073502928
      },
      "ConnectionType":0,
      "ConnectedWireIndex":-1,
      "ConnectedWireSegmentIndex":-1,
      "Points":[{"x":0.0,"y":0.0},{"x":0.0,"y":0.0}]
    },
    {
      "SourcePinAddress":{
        "PinID":0,
        "PinOwnerID":62221302
      },
      "TargetPinAddress":{
        "PinID":2116089510,
        "PinOwnerID":1073502928
      },
      "ConnectionType":0,
      "ConnectedWireIndex":-1,
      "ConnectedWireSegmentIndex":-1,
      "Points":[{"x":0.0,"y":0.0},{"x":0.9375,"y":1.5625},{"x":0.9375,"y":0.4375},{"x":6.0625,"y":0.4375},{"x":6.0625,"y":1.3125},{"x":0.0,"y":0.0}]
    },
    {
      "SourcePinAddress":{
        "PinID":1946253703,
        "PinOwnerID":1073502928
      },
      "TargetPinAddress":{
        "PinID":0,
        "PinOwnerID":766973617
      },
      "ConnectionType":2,
      "ConnectedWireIndex":0,
      "ConnectedWireSegmentIndex":4,
      "Points":[{"x":0.0,"y":0.0},{"x":8.1875,"y":1.5}]
    },
    {
      "SourcePinAddress":{
        "PinID":0,
        "PinOwnerID":482725018
      },
      "TargetPinAddress":{
        "PinID":1136263935,
        "PinOwnerID":2053270926
      },
      "ConnectionType":0,
      "ConnectedWireIndex":-1,
      "ConnectedWireSegmentIndex":-1,
      "Points":[{"x":0.0,"y":0.0},{"x":-1.8125,"y":-1.0625},{"x":-1.8125,"y":0.25},{"x":3.75,"y":0.25},{"x":3.75,"y":0.8125},{"x":0.0,"y":0.0}]
    },
    {
      "SourcePinAddress":{
        "PinID":1,
        "PinOwnerID":766973617
      },
      "TargetPinAddress":{
        "PinID":1204358606,
        "PinOwnerID":1675210717
      },
      "ConnectionType":1,
      "ConnectedWireIndex":0,
      "ConnectedWireSegmentIndex":5,
      "Points":[{"x":1.875,"y":-4.0},{"x":1.875,"y":-3.375},{"x":0.0,"y":0.0}]
    },
    {
      "SourcePinAddress":{
        "PinID":722248817,
        "PinOwnerID":153801582
      },
      "TargetPinAddress":{
        "PinID":1558739808,
        "PinOwnerID":1675210717
      },
      "ConnectionType":0,
      "ConnectedWireIndex":-1,
      "ConnectedWireSegmentIndex":-1,
      "Points":[{"x":0.0,"y":0.0},{"x":0.0,"y":0.0}]
    }
  ],
  "Displays":[
    {
      "SubChipID":1675210717,
      "Position":{
        "x":0.0625,
        "y":-0.12083
      },
      "Scale":1.06666672
    }
  ]
}