{
  "DLSVersion": "2.1.6",
  "Name": "COM",
  "NameLocation": 0,
  "ChipType": 0,
  "Size": {
    "x": 0.575,
    "y": 0.375
  },
  "Colour": {
    "r": 0.6163583,
    "g": 0.8425325,
    "b": 0.3497186,
    "a": 1
  },
  "InputPins":[],
  "OutputPins":[],
  "SubChips":[
    {
      "Name":"RAM",
      "ID":809540996,
      "Label":"",
      "Position":{
        "x":1.7975,
        "y":1.9375
      },
      "OutputPinColourInfo":[{"PinColour":0,"PinID":1867862492}],
      "InternalData":null
    },
    {
      "Name":"REGISTER",
      "ID":708869878,
      "Label":"",
      "Position":{
        "x":2.1725,
        "y":0.4375
      },
      "OutputPinColourInfo":[{"PinColour":0,"PinID":426770977}],
      "InternalData":null
    },
    {
      "Name":"REGISTER",
      "ID":2047255428,
      "Label":"",
      "Position":{
        "x":2.1725,
        "y":-0.875
      },
      "OutputPinColourInfo":[{"PinColour":0,"PinID":426770977}],
      "InternalData":null
    },
    {
      "Name":"BUS-8",
      "ID":901235054,
      "Label":"",
      "Position":{
        "x":0.51,
        "y":-1.9375
      },
      "OutputPinColourInfo":null,
      "InternalData":[918980177,0]
    },
    {
      "Name":"BUS-TERMINUS-8",
      "ID":918980177,
      "Label":"",
      "Position":{
        "x":3.635,
        "y":-1.9375
      },
      "OutputPinColourInfo":null,
      "InternalData":[901235054,0]
    },
    {
      "Name":"ALU-3",
      "ID":1734395826,
      "Label":"",
      "Position":{
        "x":1.9475,
        "y":3.6875
      },
      "OutputPinColourInfo":[{"PinColour":0,"PinID":1520549759}],
      "InternalData":null
    }
  ],
  "Wires":[
    {
      "SourcePinAddress":{
        "PinID":1,
        "PinOwnerID":901235054
      },
      "TargetPinAddress":{
        "PinID":0,
        "PinOwnerID":918980177
      },
      "ConnectionType":0,
      "ConnectedWireIndex":-1,
      "ConnectedWireSegmentIndex":-1,
      "Points":[{"x":0.0,"y":0.0},{"x":0.0,"y":0.0}]
    },
    {
      "SourcePinAddress":{
        "PinID":426770977,
        "PinOwnerID":2047255428
      },
      "TargetPinAddress":{
        "PinID":0,
        "PinOwnerID":901235054
      },
      "ConnectionType":2,
      "ConnectedWireIndex":0,
      "ConnectedWireSegmentIndex":0,
      "Points":[{"x":0.0,"y":0.0},{"x":3.1875,"y":-0.875},{"x":3.1875,"y":-1.9375}]
    },
    {
      "SourcePinAddress":{
        "PinID":426770977,
        "PinOwnerID":708869878
      },
      "TargetPinAddress":{
        "PinID":0,
        "PinOwnerID":901235054
      },
      "ConnectionType":2,
      "ConnectedWireIndex":0,
      "ConnectedWireSegmentIndex":0,
      "Points":[{"x":0.0,"y":0.0},{"x":3.1875,"y":0.4375},{"x":3.1875,"y":-1.9375}]
    },
    {
      "SourcePinAddress":{
        "PinID":1867862492,
        "PinOwnerID":809540996
      },
      "TargetPinAddress":{
        "PinID":0,
        "PinOwnerID":901235054
      },
      "ConnectionType":2,
      "ConnectedWireIndex":0,
      "ConnectedWireSegmentIndex":0,
      "Points":[{"x":0.0,"y":0.0},{"x":3.1875,"y":1.9375},{"x":3.1875,"y":-1.9375}]
    },
    {
      "SourcePinAddress":{
        "PinID":1,
        "PinOwnerID":901235054
      },
      "TargetPinAddress":{
        "PinID":848771840,
        "PinOwnerID":2047255428
      },
      "ConnectionType":1,
      "ConnectedWireIndex":0,
      "ConnectedWireSegmentIndex":0,
      "Points":[{"x":1.0,"y":-1.9375},{"x":1.0,"y":-0.5},{"x":0.0,"y":0.0}]
    },
    {
      "SourcePinAddress":{
        "PinID":1,
        "PinOwnerID":901235054
      },
      "TargetPinAddress":{
        "PinID":848771840,
        "PinOwnerID":708869878
      },
      "ConnectionType":1,
      "ConnectedWireIndex":4,
      "ConnectedWireSegmentIndex":0,
      "Points":[{"x":1.0,"y":-0.5},{"x":1.0,"y":0.8125},{"x":0.0,"y":0.0}]
    },
    {
      "SourcePinAddress":{
        "PinID":1,
        "PinOwnerID":901235054
      },
      "TargetPinAddress":{
        "PinID":713068401,
        "PinOwnerID":809540996
      },
      "ConnectionType":1,
      "ConnectedWireIndex":5,
      "ConnectedWireSegmentIndex":0,
      "Points":[{"x":1.0,"y":0.75},{"x":1.0,"y":2.4375},{"x":0.0,"y":0.0}]
    },
    {
      "SourcePinAddress":{
        "PinID":1520549759,
        "PinOwnerID":1734395826
      },
      "TargetPinAddress":{
        "PinID":0,
        "PinOwnerID":901235054
      },
      "ConnectionType":2,
      "ConnectedWireIndex":0,
      "ConnectedWireSegmentIndex":0,
      "Points":[{"x":0.0,"y":0.0},{"x":3.1875,"y":3.6875},{"x":3.1875,"y":-1.9375}]
    },
    {
      "SourcePinAddress":{
        "PinID":1,
        "PinOwnerID":901235054
      },
      "TargetPinAddress":{
        "PinID":777538892,
        "PinOwnerID":1734395826
      },
      "ConnectionType":1,
      "ConnectedWireIndex":6,
      "ConnectedWireSegmentIndex":0,
      "Points":[{"x":1.0,"y":2.4375},{"x":1.0,"y":4.3125},{"x":0.0,"y":0.0}]
    }
  ],
  "Displays": null
}