{
  "DLSVersion": "2.1.6",
  "Name": "DECIMAL-1",
  "NameLocation": 2,
  "ChipType": 0,
  "Size": {
    "x": 1.475,
    "y": 1.75
  },
  "Colour": {
    "r": 0.0,
    "g": 0.0,
    "b": 0.0,
    "a": 1
  },
  "InputPins":[
    {
      "Name":"IN",
      "ID":1095871702,
      "Position":{
        "x":-3.625,
        "y":1.1875
      },
      "BitCount":4,
      "Colour":0,
      "ValueDisplayMode":0
    }
  ],
  "OutputPins":[],
  "SubChips":[
    {
      "Name":"DIGIT DISPLAY",
      "ID":266476269,
      "Label":"",
      "Position":{
        "x":-1.515,
        "y":1.1875
      },
      "OutputPinColourInfo":[],
      "InternalData":null
    }
  ],
  "Wires":[
    {
      "SourcePinAddress":{
        "PinID":0,
        "PinOwnerID":1095871702
      },
      "TargetPinAddress":{
        "PinID":225517067,
        "PinOwnerID":266476269
      },
      "ConnectionType":0,
      "ConnectedWireIndex":-1,
      "ConnectedWireSegmentIndex":-1,
      "Points":[{"x":0.0,"y":0.0},{"x":0.0,"y":0.0}]
    }
  ],
  "Displays":[
    {
      "SubChipID":266476269,
      "Position":{
        "x":0.03125,
        "y":0.3125
      },
      "Scale":1.0
    }
  ]
}