{
  "DLSVersion": "2.1.6",
  "Name": "tesf",
  "NameLocation": 0,
  "ChipType": 0,
  "Size": {
    "x": 0.725,
    "y": 0.625
  },
  "Colour": {
    "r": 0.824903369,
    "g": 0.7571589,
    "b": 0.129423544,
    "a": 1
  },
  "InputPins":[
    {
      "Name":"IN",
      "ID":797930231,
      "Position":{
        "x":-2.75,
        "y":-1.0
      },
      "BitCount":1,
      "Colour":0,
      "ValueDisplayMode":0
    },
    {
      "Name":"IN",
      "ID":674303279,
      "Position":{
        "x":-2.75,
        "y":-2.4375
      },
      "BitCount":4,
      "Colour":0,
      "ValueDisplayMode":0
    }
  ],
  "OutputPins":[],
  "SubChips":[
    {
      "Name":"2COMP DECIMAL-4",
      "ID":993042745,
      "Label":"",
      "Position":{
        "x":-0.015,
        "y":-1.75
      },
      "OutputPinColourInfo":[],
      "InternalData":null
    }
  ],
  "Wires":[
    {
      "SourcePinAddress":{
        "PinID":0,
        "PinOwnerID":674303279
      },
      "TargetPinAddress":{
        "PinID":1204358606,
        "PinOwnerID":993042745
      },
      "ConnectionType":0,
      "ConnectedWireIndex":-1,
      "ConnectedWireSegmentIndex":-1,
      "Points":[{"x":0.0,"y":0.0},{"x":0.0,"y":0.0}]
    },
    {
      "SourcePinAddress":{
        "PinID":0,
        "PinOwnerID":797930231
      },
      "TargetPinAddress":{
        "PinID":1558739808,
        "PinOwnerID":993042745
      },
      "ConnectionType":0,
      "ConnectedWireIndex":-1,
      "ConnectedWireSegmentIndex":-1,
      "Points":[{"x":0.0,"y":0.0},{"x":0.0,"y":0.0}]
    }
  ],
  "Displays": null
}